{"level":"info","message":"Servidor escuchando en el puerto 3000 en modo development","timestamp":"2026-07-31 09:10:05"}
{"level":"info","message":"Servidor escuchando en el puerto 3000 en modo development","timestamp":"2026-07-31 09:28:04"}
{"level":"info","message":"Servidor escuchando en el puerto 3000 en modo development","timestamp":"2026-07-31 10:41:23"}
{"level":"info","message":"GET /api/catalogos/categorias 200 - 49ms","timestamp":"2026-07-31 10:42:30"}
{"level":"info","message":"POST /api/auth/registro 400 - 15134ms","timestamp":"2026-07-31 10:43:22"}
{"level":"info","message":"GET /api/catalogos/categorias 200 - 8ms","timestamp":"2026-07-31 10:44:36"}
{"level":"info","message":"POST /api/auth/registro 400 - 15080ms","timestamp":"2026-07-31 10:45:32"}
{"level":"info","message":"GET /api/catalogos/categorias 200 - 7ms","timestamp":"2026-07-31 10:49:03"}
{"level":"info","message":"POST /api/auth/registro 400 - 15063ms","timestamp":"2026-07-31 10:50:20"}
{"level":"info","message":"GET /api/auth/registro 404 - 3ms","timestamp":"2026-07-31 10:51:17"}
{"level":"info","message":"POST /api/auth/registro 400 - 180ms","timestamp":"2026-07-31 10:54:34"}
{"level":"info","message":"POST /api/auth/registro 400 - 62ms","timestamp":"2026-07-31 10:55:27"}
{"level":"info","message":"GET /api/catalogos/categorias 200 - 35ms","timestamp":"2026-07-31 11:09:18"}
{"level":"info","message":"GET /api/catalogos/categorias 200 - 40ms","timestamp":"2026-07-31 11:09:32"}
{"level":"info","message":"POST /api/auth/registro 201 - 91ms","timestamp":"2026-07-31 11:10:17"}
{"level":"info","message":"GET /api/catalogos/categorias 304 - 4ms","timestamp":"2026-07-31 11:11:18"}
{"level":"info","message":"POST /api/auth/login 200 - 69ms","timestamp":"2026-07-31 11:12:24"}
{"level":"info","message":"[SOCKET] Conexión establecida: Bruno (Giovanni Bruno Corona Landa) [ID: c6YEWo--oQfrTIj5AAAB]","timestamp":"2026-07-31 11:12:24"}
{"level":"info","message":"[SOCKET] Forzando cierre de conexión para usuario ID: 2","timestamp":"2026-07-31 11:13:29"}
{"level":"info","message":"[SOCKET] Conexión cerrada: Bruno [ID: c6YEWo--oQfrTIj5AAAB]","timestamp":"2026-07-31 11:13:29"}
{"level":"info","message":"POST /api/auth/logout 200 - 17ms","timestamp":"2026-07-31 11:13:29"}
{"level":"info","message":"GET /api/catalogos/categorias 304 - 4ms","timestamp":"2026-07-31 11:17:10"}
{"level":"info","message":"GET /api/catalogos/categorias 304 - 4ms","timestamp":"2026-07-31 11:19:24"}
{"level":"info","message":"GET /api/catalogos/categorias 304 - 4ms","timestamp":"2026-07-31 11:19:35"}
{"level":"info","message":"GET /api/catalogos/categorias 304 - 4ms","timestamp":"2026-07-31 11:19:56"}
{"level":"info","message":"GET /api/catalogos/categorias 200 - 8ms","timestamp":"2026-07-31 11:20:40"}
{"level":"info","message":"GET /api/catalogos/categorias 304 - 4ms","timestamp":"2026-07-31 11:22:44"}
{"level":"info","message":"POST /api/auth/registro 201 - 68ms","timestamp":"2026-07-31 11:32:04"}
{"level":"info","message":"POST /api/auth/login 401 - 49ms","timestamp":"2026-07-31 11:32:18"}
{"address":"::","code":"EADDRINUSE","errno":-4091,"level":"error","message":"listen EADDRINUSE: address already in use :::3000","port":3000,"stack":"Error: listen EADDRINUSE: address already in use :::3000\n    at Server.setupListenHandle [as _listen2] (node:net:2008:16)\n    at listenInCluster (node:net:2065:12)\n    at Server.listen (node:net:2170:7)\n    at startServer (C:\\xampp\\htdocs\\2026\\Ensayo2027\\backend\\src\\server.js:100:12)\n    at process.processTicksAndRejections (node:internal/process/task_queues:104:5)","syscall":"listen","timestamp":"2026-07-31 11:57:54"}
{"level":"info","message":"GET /api/catalogos/categorias 304 - 28ms","timestamp":"2026-07-31 12:02:36"}
{"level":"info","message":"POST /api/auth/registro 201 - 89ms","timestamp":"2026-07-31 12:03:42"}
{"level":"info","message":"POST /api/auth/login 200 - 57ms","timestamp":"2026-07-31 12:04:02"}
{"level":"info","message":"[SOCKET] Conexión establecida: Renato (Renato Corona Landa) [ID: UKmXWOguI839TSdaAAAB]","timestamp":"2026-07-31 12:04:02"}
{"level":"info","message":"[SOCKET] Forzando cierre de conexión para usuario ID: 4","timestamp":"2026-07-31 12:05:33"}
{"level":"info","message":"[SOCKET] Conexión cerrada: Renato [ID: UKmXWOguI839TSdaAAAB]","timestamp":"2026-07-31 12:05:33"}
{"level":"info","message":"POST /api/auth/logout 200 - 10ms","timestamp":"2026-07-31 12:05:33"}
{"level":"info","message":"POST /api/auth/login 401 - 53ms","timestamp":"2026-07-31 12:15:07"}
{"level":"info","message":"POST /api/auth/login 200 - 54ms","timestamp":"2026-07-31 12:15:33"}
{"level":"info","message":"[SOCKET] Conexión establecida: Renato (Renato Corona Landa) [ID: _NvdqBRMoJnQ2X9ZAAAD]","timestamp":"2026-07-31 12:15:33"}
{"level":"info","message":"GET /api/catalogos/alcaldias 200 - 8ms","timestamp":"2026-07-31 12:15:35"}
{"level":"info","message":"GET /api/catalogos/te-enteraste 200 - 16ms","timestamp":"2026-07-31 12:15:35"}
{"level":"info","message":"GET /api/catalogos/manifestaciones 200 - 16ms","timestamp":"2026-07-31 12:15:35"}
{"level":"info","message":"GET /api/participante/mi-registro 404 - 2ms","timestamp":"2026-07-31 12:15:35"}
{"level":"info","message":"POST /api/participante/completar-registro 404 - 1ms","timestamp":"2026-07-31 12:16:29"}
{"level":"info","message":"POST /api/participante/completar-registro 404 - 20ms","timestamp":"2026-07-31 12:16:38"}
{"level":"info","message":"[SOCKET] Conexión establecida: Renato (Renato Corona Landa) [ID: 3F7OncHMCG9MOO2VAAAB]","timestamp":"2026-07-31 12:17:57"}
{"level":"info","message":"[SOCKET] Forzando cierre de conexión para usuario ID: 4","timestamp":"2026-07-31 12:18:32"}
{"level":"info","message":"[SOCKET] Conexión cerrada: Renato [ID: 3F7OncHMCG9MOO2VAAAB]","timestamp":"2026-07-31 12:18:32"}
{"level":"info","message":"POST /api/auth/logout 200 - 15ms","timestamp":"2026-07-31 12:18:32"}
{"level":"info","message":"POST /api/auth/login 401 - 64ms","timestamp":"2026-07-31 12:18:48"}
{"level":"info","message":"POST /api/auth/login 200 - 56ms","timestamp":"2026-07-31 12:18:56"}
{"level":"info","message":"[SOCKET] Conexión establecida: Renato (Renato Corona Landa) [ID: MBwkG8UsROktYDWAAAAD]","timestamp":"2026-07-31 12:18:56"}
{"level":"info","message":"GET /api/catalogos/manifestaciones 200 - 4ms","timestamp":"2026-07-31 12:18:58"}
{"level":"info","message":"GET /api/catalogos/alcaldias 200 - 5ms","timestamp":"2026-07-31 12:18:58"}
{"level":"info","message":"GET /api/catalogos/te-enteraste 200 - 5ms","timestamp":"2026-07-31 12:18:58"}
{"level":"info","message":"GET /api/participante/mi-registro 200 - 20ms","timestamp":"2026-07-31 12:18:58"}
{"level":"info","message":"POST /api/participante/completar-registro 500 - 42ms","timestamp":"2026-07-31 12:19:45"}
{"level":"info","message":"[SOCKET] Conexión establecida: Renato (Renato Corona Landa) [ID: YbVSCz2exKFHSw55AAAB]","timestamp":"2026-07-31 12:20:22"}
{"level":"info","message":"[SOCKET] Conexión establecida: Renato (Renato Corona Landa) [ID: PcLgmekwWjOw8al_AAAB]","timestamp":"2026-07-31 12:20:36"}
{"level":"info","message":"[SOCKET] Conexión establecida: Renato (Renato Corona Landa) [ID: d1gE7nF3Pj8ONm0YAAAB]","timestamp":"2026-07-31 12:20:43"}
{"level":"info","message":"POST /api/participante/completar-registro 200 - 32ms","timestamp":"2026-07-31 12:21:13"}
{"level":"info","message":"GET /api/participante/mi-registro 200 - 10ms","timestamp":"2026-07-31 12:21:15"}
{"level":"info","message":"POST /api/participante/completar-registro 200 - 20ms","timestamp":"2026-07-31 12:21:22"}
{"level":"info","message":"GET /api/participante/mi-registro 200 - 7ms","timestamp":"2026-07-31 12:21:23"}
{"level":"info","message":"POST /api/participante/completar-registro 200 - 35ms","timestamp":"2026-07-31 12:23:39"}
{"level":"info","message":"GET /api/participante/mi-registro 200 - 6ms","timestamp":"2026-07-31 12:23:40"}
{"level":"info","message":"POST /api/participante/completar-registro 200 - 23ms","timestamp":"2026-07-31 12:23:43"}
{"level":"info","message":"GET /api/participante/mi-registro 200 - 9ms","timestamp":"2026-07-31 12:23:44"}
{"level":"info","message":"GET /api/catalogos/te-enteraste 304 - 4ms","timestamp":"2026-07-31 12:24:51"}
{"level":"info","message":"GET /api/catalogos/alcaldias 304 - 6ms","timestamp":"2026-07-31 12:24:51"}
{"level":"info","message":"GET /api/catalogos/manifestaciones 304 - 7ms","timestamp":"2026-07-31 12:24:51"}
{"level":"info","message":"GET /api/participante/mi-registro 304 - 9ms","timestamp":"2026-07-31 12:24:51"}
{"level":"info","message":"GET /api/catalogos/te-enteraste 304 - 3ms","timestamp":"2026-07-31 12:25:27"}
{"level":"info","message":"GET /api/catalogos/alcaldias 304 - 3ms","timestamp":"2026-07-31 12:25:27"}
{"level":"info","message":"GET /api/catalogos/manifestaciones 304 - 4ms","timestamp":"2026-07-31 12:25:27"}
{"level":"info","message":"GET /api/participante/mi-registro 304 - 9ms","timestamp":"2026-07-31 12:25:27"}
{"level":"info","message":"GET /api/documentos/6d6d7577-e396-45a6-81d4-3cea410c4434.pdf 401 - 0ms","timestamp":"2026-07-31 12:25:44"}
{"level":"info","message":"[SOCKET] Forzando cierre de conexión para usuario ID: 4","timestamp":"2026-07-31 12:26:02"}
{"level":"info","message":"[SOCKET] Conexión cerrada: Renato [ID: d1gE7nF3Pj8ONm0YAAAB]","timestamp":"2026-07-31 12:26:02"}
{"level":"info","message":"POST /api/auth/logout 200 - 10ms","timestamp":"2026-07-31 12:26:02"}
{"level":"info","message":"POST /api/auth/login 401 - 59ms","timestamp":"2026-07-31 12:26:13"}
{"level":"info","message":"POST /api/auth/login 200 - 56ms","timestamp":"2026-07-31 12:26:20"}
{"level":"info","message":"[SOCKET] Conexión establecida: admin (Superadmin Sistema IECM) [ID: NCn-89hREW9Cy8cOAAAD]","timestamp":"2026-07-31 12:26:20"}
{"level":"info","message":"GET /api/admin/participantes 200 - 27ms","timestamp":"2026-07-31 12:26:22"}
{"level":"info","message":"GET /api/admin/reportes/excel 200 - 54ms","timestamp":"2026-07-31 12:26:32"}
{"level":"info","message":"GET /api/documentos/6d6d7577-e396-45a6-81d4-3cea410c4434.pdf 401 - 1ms","timestamp":"2026-07-31 12:26:53"}
{"level":"info","message":"POST /api/admin/validar/2 200 - 61ms","timestamp":"2026-07-31 12:27:02"}
{"level":"info","message":"GET /api/admin/participantes 200 - 19ms","timestamp":"2026-07-31 12:27:02"}
{"level":"info","message":"[SOCKET] Forzando cierre de conexión para usuario ID: 1","timestamp":"2026-07-31 12:27:09"}
{"level":"info","message":"[SOCKET] Conexión cerrada: admin [ID: NCn-89hREW9Cy8cOAAAD]","timestamp":"2026-07-31 12:27:09"}
{"level":"info","message":"POST /api/auth/logout 200 - 17ms","timestamp":"2026-07-31 12:27:09"}
{"level":"info","message":"POST /api/auth/login 200 - 77ms","timestamp":"2026-07-31 12:27:18"}
{"level":"info","message":"[SOCKET] Conexión establecida: Renato (Renato Corona Landa) [ID: viOw9BfsQrVN5vGSAAAF]","timestamp":"2026-07-31 12:27:18"}
{"level":"info","message":"GET /api/catalogos/alcaldias 304 - 9ms","timestamp":"2026-07-31 12:27:19"}
{"level":"info","message":"GET /api/catalogos/te-enteraste 304 - 11ms","timestamp":"2026-07-31 12:27:19"}
{"level":"info","message":"GET /api/catalogos/manifestaciones 304 - 12ms","timestamp":"2026-07-31 12:27:19"}
{"level":"info","message":"GET /api/participante/mi-registro 200 - 18ms","timestamp":"2026-07-31 12:27:19"}
{"level":"info","message":"GET /api/documentos/6d6d7577-e396-45a6-81d4-3cea410c4434.pdf 401 - 0ms","timestamp":"2026-07-31 12:27:21"}
{"level":"info","message":"GET /api/catalogos/te-enteraste 304 - 2ms","timestamp":"2026-07-31 12:31:31"}
{"level":"info","message":"GET /api/catalogos/alcaldias 304 - 2ms","timestamp":"2026-07-31 12:31:31"}
{"level":"info","message":"GET /api/catalogos/manifestaciones 304 - 3ms","timestamp":"2026-07-31 12:31:31"}
{"level":"info","message":"GET /api/participante/mi-registro 304 - 9ms","timestamp":"2026-07-31 12:31:31"}
{"level":"info","message":"[SOCKET] Forzando cierre de conexión para usuario ID: 4","timestamp":"2026-07-31 12:33:44"}
{"level":"info","message":"[SOCKET] Conexión cerrada: Renato [ID: viOw9BfsQrVN5vGSAAAF]","timestamp":"2026-07-31 12:33:44"}
{"level":"info","message":"POST /api/auth/logout 200 - 8ms","timestamp":"2026-07-31 12:33:44"}
{"level":"info","message":"POST /api/auth/login 200 - 54ms","timestamp":"2026-07-31 12:34:53"}
{"level":"info","message":"[SOCKET] Conexión establecida: Renato (Renato Corona Landa) [ID: KAY4GHNDsExe54vhAAAH]","timestamp":"2026-07-31 12:34:53"}
{"level":"info","message":"GET /api/catalogos/te-enteraste 304 - 3ms","timestamp":"2026-07-31 12:34:55"}
{"level":"info","message":"GET /api/catalogos/manifestaciones 304 - 3ms","timestamp":"2026-07-31 12:34:55"}
{"level":"info","message":"GET /api/catalogos/alcaldias 304 - 3ms","timestamp":"2026-07-31 12:34:55"}
{"level":"info","message":"GET /api/participante/mi-registro 304 - 7ms","timestamp":"2026-07-31 12:34:55"}
{"level":"info","message":"GET /api/documentos/6d6d7577-e396-45a6-81d4-3cea410c4434.pdf 401 - 0ms","timestamp":"2026-07-31 12:35:45"}
{"level":"info","message":"GET /api/documentos/6d6d7577-e396-45a6-81d4-3cea410c4434.pdf 401 - 1ms","timestamp":"2026-07-31 12:35:58"}
{"level":"info","message":"[SOCKET] Conexión establecida: Renato (Renato Corona Landa) [ID: QNJ0EnW8-2rwrZjtAAAB]","timestamp":"2026-07-31 12:39:31"}
{"level":"info","message":"[SOCKET] Conexión cerrada: Renato [ID: QNJ0EnW8-2rwrZjtAAAB]","timestamp":"2026-07-31 12:40:37"}
{"level":"info","message":"GET /api/catalogos/alcaldias 304 - 14ms","timestamp":"2026-07-31 12:45:23"}
{"level":"info","message":"GET /api/catalogos/te-enteraste 304 - 15ms","timestamp":"2026-07-31 12:45:23"}
{"level":"info","message":"GET /api/catalogos/manifestaciones 304 - 17ms","timestamp":"2026-07-31 12:45:23"}
{"level":"info","message":"[SOCKET] Conexión establecida: Renato (Renato Corona Landa) [ID: LGFXADBWtbVI-8PwAAAB]","timestamp":"2026-07-31 12:45:23"}
{"level":"info","message":"GET /api/participante/mi-registro 200 - 9ms","timestamp":"2026-07-31 12:45:23"}
{"level":"info","message":"[SOCKET] Conexión establecida: Renato (Renato Corona Landa) [ID: _-rLcsle7HatPsXYAAAB]","timestamp":"2026-07-31 12:46:22"}
{"level":"info","message":"[SOCKET] Conexión cerrada: Renato [ID: _-rLcsle7HatPsXYAAAB]","timestamp":"2026-07-31 12:48:47"}
{"level":"info","message":"GET /api/catalogos/te-enteraste 304 - 6ms","timestamp":"2026-07-31 12:48:47"}
{"level":"info","message":"GET /api/catalogos/manifestaciones 304 - 8ms","timestamp":"2026-07-31 12:48:47"}
{"level":"info","message":"GET /api/catalogos/alcaldias 304 - 12ms","timestamp":"2026-07-31 12:48:47"}
{"level":"info","message":"[SOCKET] Conexión establecida: Renato (Renato Corona Landa) [ID: a733Vh3gsWdIU5AiAAAD]","timestamp":"2026-07-31 12:48:47"}
{"level":"info","message":"GET /api/participante/mi-registro 200 - 9ms","timestamp":"2026-07-31 12:48:47"}
{"level":"info","message":"[SOCKET] Conexión cerrada: Renato [ID: a733Vh3gsWdIU5AiAAAD]","timestamp":"2026-07-31 12:50:07"}
{"level":"info","message":"GET /api/catalogos/te-enteraste 200 - 4ms","timestamp":"2026-07-31 12:52:54"}
{"level":"info","message":"GET /api/catalogos/alcaldias 200 - 6ms","timestamp":"2026-07-31 12:52:54"}
{"level":"info","message":"GET /api/catalogos/manifestaciones 200 - 8ms","timestamp":"2026-07-31 12:52:54"}
{"level":"info","message":"[SOCKET] Conexión establecida: Renato (Renato Corona Landa) [ID: N6B2RZmDRV2BvxPZAAAF]","timestamp":"2026-07-31 12:52:54"}
{"level":"info","message":"GET /api/participante/mi-registro 304 - 10ms","timestamp":"2026-07-31 12:52:54"}
{"level":"info","message":"[SOCKET] Conexión cerrada: Renato [ID: N6B2RZmDRV2BvxPZAAAF]","timestamp":"2026-07-31 12:53:03"}
{"level":"info","message":"GET /api/catalogos/te-enteraste 304 - 4ms","timestamp":"2026-07-31 12:53:11"}
{"level":"info","message":"GET /api/catalogos/alcaldias 304 - 4ms","timestamp":"2026-07-31 12:53:11"}
{"level":"info","message":"GET /api/catalogos/manifestaciones 304 - 5ms","timestamp":"2026-07-31 12:53:11"}
{"level":"info","message":"[SOCKET] Conexión establecida: Renato (Renato Corona Landa) [ID: 1L25EnSD7G3MmkhJAAAH]","timestamp":"2026-07-31 12:53:11"}
{"level":"info","message":"GET /api/participante/mi-registro 304 - 10ms","timestamp":"2026-07-31 12:53:11"}
{"level":"info","message":"[SOCKET] Conexión cerrada: Renato [ID: 1L25EnSD7G3MmkhJAAAH]","timestamp":"2026-07-31 12:54:49"}
{"level":"info","message":"GET /api/catalogos/manifestaciones 304 - 4ms","timestamp":"2026-07-31 12:54:49"}
{"level":"info","message":"GET /api/catalogos/alcaldias 304 - 5ms","timestamp":"2026-07-31 12:54:49"}
{"level":"info","message":"GET /api/catalogos/te-enteraste 304 - 7ms","timestamp":"2026-07-31 12:54:49"}
{"level":"info","message":"[SOCKET] Conexión establecida: Renato (Renato Corona Landa) [ID: D0yk6QDnU75tDn4kAAAJ]","timestamp":"2026-07-31 12:54:49"}
{"level":"info","message":"GET /api/participante/mi-registro 304 - 9ms","timestamp":"2026-07-31 12:54:49"}
{"level":"info","message":"[SOCKET] Conexión cerrada: Renato [ID: D0yk6QDnU75tDn4kAAAJ]","timestamp":"2026-07-31 13:06:42"}
{"level":"info","message":"GET /api/catalogos/manifestaciones 304 - 4ms","timestamp":"2026-07-31 13:45:30"}
{"level":"info","message":"GET /api/catalogos/te-enteraste 304 - 4ms","timestamp":"2026-07-31 13:45:30"}
{"level":"info","message":"GET /api/catalogos/alcaldias 304 - 5ms","timestamp":"2026-07-31 13:45:30"}
{"level":"info","message":"[SOCKET] Conexión establecida: Renato (Renato Corona Landa) [ID: 8P1MyL6302v0qA9kAAAL]","timestamp":"2026-07-31 13:45:30"}
{"level":"info","message":"GET /api/participante/mi-registro 304 - 8ms","timestamp":"2026-07-31 13:45:30"}
{"level":"info","message":"GET /api/documentos/6d6d7577-e396-45a6-81d4-3cea410c4434.pdf 401 - 1ms","timestamp":"2026-07-31 13:45:50"}
{"level":"info","message":"[SOCKET] Conexión cerrada: Renato [ID: 8P1MyL6302v0qA9kAAAL]","timestamp":"2026-07-31 13:47:47"}
{"level":"info","message":"GET /api/catalogos/alcaldias 304 - 4ms","timestamp":"2026-07-31 13:47:47"}
{"level":"info","message":"GET /api/catalogos/manifestaciones 304 - 4ms","timestamp":"2026-07-31 13:47:47"}
{"level":"info","message":"GET /api/catalogos/te-enteraste 304 - 4ms","timestamp":"2026-07-31 13:47:47"}
{"level":"info","message":"[SOCKET] Conexión establecida: Renato (Renato Corona Landa) [ID: ep-0Q8wW_e3lNTr4AAAN]","timestamp":"2026-07-31 13:47:47"}
{"level":"info","message":"GET /api/participante/mi-registro 304 - 9ms","timestamp":"2026-07-31 13:47:47"}
{"level":"info","message":"[SOCKET] Conexión establecida: Renato (Renato Corona Landa) [ID: hjczNfDBVuHSHuc1AAAB]","timestamp":"2026-07-31 13:57:18"}
{"level":"info","message":"[SOCKET] Conexión cerrada: Renato [ID: hjczNfDBVuHSHuc1AAAB]","timestamp":"2026-07-31 14:08:32"}
{"level":"info","message":"GET /api/catalogos/te-enteraste 200 - 8ms","timestamp":"2026-07-31 14:08:32"}
{"level":"info","message":"GET /api/catalogos/manifestaciones 200 - 12ms","timestamp":"2026-07-31 14:08:32"}
{"level":"info","message":"GET /api/catalogos/alcaldias 200 - 16ms","timestamp":"2026-07-31 14:08:32"}
{"level":"info","message":"[SOCKET] Conexión establecida: Renato (Renato Corona Landa) [ID: gCfOxEnzqmJ5075PAAAD]","timestamp":"2026-07-31 14:08:32"}
{"level":"info","message":"GET /api/participante/mi-registro 304 - 12ms","timestamp":"2026-07-31 14:08:32"}
{"level":"info","message":"[SOCKET] Conexión establecida: Renato (Renato Corona Landa) [ID: pxDKamBdNLy6VvgZAAAB]","timestamp":"2026-07-31 14:11:56"}
{"level":"info","message":"GET /api/documentos/6d6d7577-e396-45a6-81d4-3cea410c4434.pdf 401 - 3ms","timestamp":"2026-07-31 14:12:16"}
{"level":"info","message":"[SOCKET] Forzando cierre de conexión para usuario ID: 4","timestamp":"2026-07-31 14:13:22"}
{"level":"info","message":"[SOCKET] Conexión cerrada: Renato [ID: pxDKamBdNLy6VvgZAAAB]","timestamp":"2026-07-31 14:13:22"}
{"level":"info","message":"POST /api/auth/logout 200 - 20ms","timestamp":"2026-07-31 14:13:22"}
{"level":"info","message":"POST /api/auth/login 401 - 58ms","timestamp":"2026-07-31 14:13:28"}
{"level":"info","message":"POST /api/auth/login 401 - 50ms","timestamp":"2026-07-31 14:13:35"}
{"level":"info","message":"POST /api/auth/login 401 - 53ms","timestamp":"2026-07-31 14:13:45"}
{"level":"info","message":"POST /api/auth/login 200 - 63ms","timestamp":"2026-07-31 14:13:53"}
{"level":"info","message":"[SOCKET] Conexión establecida: admin (Superadmin Sistema IECM) [ID: 2fbIl_Plp6jL4RPoAAAD]","timestamp":"2026-07-31 14:13:53"}
{"level":"info","message":"GET /api/admin/participantes 304 - 7ms","timestamp":"2026-07-31 14:13:55"}
{"level":"info","message":"GET /api/documentos/6d6d7577-e396-45a6-81d4-3cea410c4434.pdf 401 - 1ms","timestamp":"2026-07-31 14:13:59"}
{"level":"info","message":"[SOCKET] Forzando cierre de conexión para usuario ID: 1","timestamp":"2026-07-31 14:15:38"}
{"level":"info","message":"[SOCKET] Conexión cerrada: admin [ID: 2fbIl_Plp6jL4RPoAAAD]","timestamp":"2026-07-31 14:15:38"}
{"level":"info","message":"POST /api/auth/logout 200 - 8ms","timestamp":"2026-07-31 14:15:38"}
{"level":"info","message":"POST /api/auth/login 200 - 56ms","timestamp":"2026-07-31 14:15:48"}
{"level":"info","message":"[SOCKET] Conexión establecida: Renato (Renato Corona Landa) [ID: b-Fm1Z0CZXqk8-HaAAAF]","timestamp":"2026-07-31 14:15:48"}
{"level":"info","message":"GET /api/catalogos/alcaldias 304 - 4ms","timestamp":"2026-07-31 14:15:50"}
{"level":"info","message":"GET /api/catalogos/manifestaciones 304 - 5ms","timestamp":"2026-07-31 14:15:50"}
{"level":"info","message":"GET /api/catalogos/te-enteraste 304 - 5ms","timestamp":"2026-07-31 14:15:50"}
{"level":"info","message":"GET /api/participante/mi-registro 304 - 7ms","timestamp":"2026-07-31 14:15:50"}
{"level":"info","message":"[SOCKET] Conexión establecida: Renato (Renato Corona Landa) [ID: ZUlsVZLWHpDpl2XEAAAB]","timestamp":"2026-07-31 14:16:40"}
{"level":"info","message":"[SOCKET] Conexión cerrada: Renato [ID: ZUlsVZLWHpDpl2XEAAAB]","timestamp":"2026-07-31 14:17:15"}
{"level":"info","message":"GET /api/catalogos/te-enteraste 200 - 12ms","timestamp":"2026-07-31 14:17:15"}
{"level":"info","message":"GET /api/catalogos/alcaldias 200 - 14ms","timestamp":"2026-07-31 14:17:15"}
{"level":"info","message":"GET /api/catalogos/manifestaciones 200 - 18ms","timestamp":"2026-07-31 14:17:15"}
{"level":"info","message":"[SOCKET] Conexión establecida: Renato (Renato Corona Landa) [ID: D6yJ1VUYyA4yJfUJAAAD]","timestamp":"2026-07-31 14:17:15"}
{"level":"info","message":"GET /api/participante/mi-registro 304 - 13ms","timestamp":"2026-07-31 14:17:15"}
{"level":"info","message":"[SOCKET] Conexión establecida: Renato (Renato Corona Landa) [ID: E6wRLAOxejATqUICAAAB]","timestamp":"2026-07-31 14:20:09"}
{"level":"info","message":"[SOCKET] Conexión cerrada: Renato [ID: E6wRLAOxejATqUICAAAB]","timestamp":"2026-07-31 14:20:17"}
{"level":"info","message":"GET /api/catalogos/alcaldias 304 - 5ms","timestamp":"2026-07-31 14:20:41"}
{"level":"info","message":"GET /api/catalogos/te-enteraste 304 - 6ms","timestamp":"2026-07-31 14:20:41"}
{"level":"info","message":"GET /api/catalogos/manifestaciones 304 - 8ms","timestamp":"2026-07-31 14:20:41"}
{"level":"info","message":"[SOCKET] Conexión establecida: Renato (Renato Corona Landa) [ID: LOjAHfAdvAzt0HxDAAAD]","timestamp":"2026-07-31 14:20:41"}
{"level":"info","message":"GET /api/participante/mi-registro 304 - 10ms","timestamp":"2026-07-31 14:20:41"}
{"level":"info","message":"[SOCKET] Conexión cerrada: Renato [ID: LOjAHfAdvAzt0HxDAAAD]","timestamp":"2026-07-31 14:22:01"}
{"level":"info","message":"GET /api/catalogos/alcaldias 304 - 2ms","timestamp":"2026-07-31 14:22:01"}
{"level":"info","message":"GET /api/catalogos/te-enteraste 304 - 3ms","timestamp":"2026-07-31 14:22:01"}
{"level":"info","message":"GET /api/catalogos/manifestaciones 304 - 2ms","timestamp":"2026-07-31 14:22:01"}
{"level":"info","message":"[SOCKET] Conexión establecida: Renato (Renato Corona Landa) [ID: OwQMAMBppm0iomqCAAAF]","timestamp":"2026-07-31 14:22:01"}
{"level":"info","message":"GET /api/participante/mi-registro 304 - 8ms","timestamp":"2026-07-31 14:22:01"}
{"level":"info","message":"[SOCKET] Conexión establecida: Renato (Renato Corona Landa) [ID: uAnbIyjVSElEPUyXAAAB]","timestamp":"2026-07-31 14:22:11"}
{"level":"info","message":"[SOCKET] Conexión establecida: Renato (Renato Corona Landa) [ID: zHDGSGYWYDRmcSZ8AAAB]","timestamp":"2026-07-31 14:24:02"}
{"level":"info","message":"GET /api/catalogos/alcaldias 304 - 6ms","timestamp":"2026-07-31 14:27:07"}
{"level":"info","message":"GET /api/catalogos/te-enteraste 304 - 11ms","timestamp":"2026-07-31 14:27:07"}
{"level":"info","message":"GET /api/catalogos/manifestaciones 304 - 14ms","timestamp":"2026-07-31 14:27:07"}
{"level":"info","message":"GET /api/participante/mi-registro 304 - 11ms","timestamp":"2026-07-31 14:27:07"}
{"level":"info","message":"GET /api/catalogos/alcaldias 304 - 3ms","timestamp":"2026-07-31 14:27:19"}
{"level":"info","message":"GET /api/catalogos/te-enteraste 304 - 3ms","timestamp":"2026-07-31 14:27:19"}
{"level":"info","message":"GET /api/catalogos/manifestaciones 304 - 4ms","timestamp":"2026-07-31 14:27:19"}
{"level":"info","message":"GET /api/participante/mi-registro 304 - 8ms","timestamp":"2026-07-31 14:27:19"}
{"level":"info","message":"[SOCKET] Conexión establecida: Renato (Renato Corona Landa) [ID: gmrTtVmtQ59Z7yZJAAAB]","timestamp":"2026-07-31 14:27:52"}
{"level":"info","message":"GET /api/catalogos/te-enteraste 304 - 6ms","timestamp":"2026-07-31 14:29:00"}
{"level":"info","message":"GET /api/catalogos/alcaldias 304 - 6ms","timestamp":"2026-07-31 14:29:00"}
{"level":"info","message":"GET /api/catalogos/manifestaciones 304 - 7ms","timestamp":"2026-07-31 14:29:00"}
{"level":"info","message":"GET /api/participante/mi-registro 304 - 10ms","timestamp":"2026-07-31 14:29:00"}
{"level":"info","message":"[SOCKET] Conexión establecida: Renato (Renato Corona Landa) [ID: rIM9_WCggAVipUEwAAAB]","timestamp":"2026-07-31 14:29:11"}
{"level":"info","message":"[SOCKET] Conexión cerrada: Renato [ID: rIM9_WCggAVipUEwAAAB]","timestamp":"2026-07-31 14:30:02"}
{"level":"info","message":"GET /api/catalogos/te-enteraste 200 - 6ms","timestamp":"2026-07-31 14:30:02"}
{"level":"info","message":"GET /api/catalogos/alcaldias 200 - 13ms","timestamp":"2026-07-31 14:30:02"}
{"level":"info","message":"GET /api/catalogos/manifestaciones 200 - 18ms","timestamp":"2026-07-31 14:30:02"}
{"level":"info","message":"[SOCKET] Conexión establecida: Renato (Renato Corona Landa) [ID: 0rwnmKdcWFwrmfAZAAAD]","timestamp":"2026-07-31 14:30:02"}
{"level":"info","message":"GET /api/participante/mi-registro 304 - 12ms","timestamp":"2026-07-31 14:30:02"}
{"level":"info","message":"[SOCKET] Forzando cierre de conexión para usuario ID: 4","timestamp":"2026-07-31 14:30:35"}
{"level":"info","message":"[SOCKET] Conexión cerrada: Renato [ID: 0rwnmKdcWFwrmfAZAAAD]","timestamp":"2026-07-31 14:30:35"}
{"level":"info","message":"POST /api/auth/logout 200 - 13ms","timestamp":"2026-07-31 14:30:35"}
{"level":"info","message":"GET /api/catalogos/categorias 304 - 4ms","timestamp":"2026-07-31 14:30:37"}
{"level":"info","message":"POST /api/auth/registro 201 - 87ms","timestamp":"2026-07-31 14:31:42"}
{"level":"info","message":"POST /api/auth/login 200 - 57ms","timestamp":"2026-07-31 14:31:53"}
{"level":"info","message":"[SOCKET] Conexión establecida: Manuel (Manuel Crespo Serrano) [ID: 5RAbO5Ol1HNEgjT3AAAF]","timestamp":"2026-07-31 14:31:53"}
{"level":"info","message":"GET /api/catalogos/manifestaciones 304 - 2ms","timestamp":"2026-07-31 14:31:55"}
{"level":"info","message":"GET /api/catalogos/te-enteraste 304 - 2ms","timestamp":"2026-07-31 14:31:55"}
{"level":"info","message":"GET /api/catalogos/alcaldias 304 - 3ms","timestamp":"2026-07-31 14:31:55"}
{"level":"info","message":"GET /api/participante/mi-registro 200 - 7ms","timestamp":"2026-07-31 14:31:55"}
{"level":"info","message":"GET /api/documentos/null 401 - 1ms","timestamp":"2026-07-31 14:34:56"}
{"level":"info","message":"GET /api/catalogos/alcaldias 304 - 3ms","timestamp":"2026-07-31 14:36:33"}
{"level":"info","message":"GET /api/catalogos/te-enteraste 304 - 4ms","timestamp":"2026-07-31 14:36:33"}
{"level":"info","message":"GET /api/catalogos/manifestaciones 304 - 5ms","timestamp":"2026-07-31 14:36:33"}
{"level":"info","message":"GET /api/participante/mi-registro 304 - 8ms","timestamp":"2026-07-31 14:36:33"}
{"level":"info","message":"[SOCKET] Conexión establecida: Manuel (Manuel Crespo Serrano) [ID: -_EuJzcuKcfLSVeLAAAB]","timestamp":"2026-07-31 14:36:44"}
{"level":"info","message":"GET /api/catalogos/te-enteraste 304 - 6ms","timestamp":"2026-07-31 14:37:19"}
{"level":"info","message":"GET /api/catalogos/alcaldias 304 - 7ms","timestamp":"2026-07-31 14:37:19"}
{"level":"info","message":"GET /api/catalogos/manifestaciones 304 - 7ms","timestamp":"2026-07-31 14:37:19"}
{"level":"info","message":"GET /api/participante/mi-registro 304 - 11ms","timestamp":"2026-07-31 14:37:19"}
{"level":"info","message":"[SOCKET] Conexión establecida: Manuel (Manuel Crespo Serrano) [ID: 4BA4RkXkv3794SrZAAAB]","timestamp":"2026-07-31 14:37:27"}
{"level":"info","message":"GET /api/catalogos/te-enteraste 304 - 5ms","timestamp":"2026-07-31 14:38:41"}
{"level":"info","message":"GET /api/catalogos/alcaldias 304 - 6ms","timestamp":"2026-07-31 14:38:41"}
{"level":"info","message":"GET /api/catalogos/manifestaciones 304 - 8ms","timestamp":"2026-07-31 14:38:41"}
{"level":"info","message":"GET /api/participante/mi-registro 304 - 9ms","timestamp":"2026-07-31 14:38:41"}
{"level":"info","message":"[SOCKET] Conexión establecida: Manuel (Manuel Crespo Serrano) [ID: Jr7l-q-mss4Mix6cAAAB]","timestamp":"2026-07-31 14:38:50"}
{"level":"info","message":"POST /api/participante/completar-registro 200 - 40ms","timestamp":"2026-07-31 14:39:28"}
{"level":"info","message":"GET /api/participante/mi-registro 200 - 9ms","timestamp":"2026-07-31 14:39:29"}
{"level":"info","message":"GET /api/documentos/0486d588-738c-4a6a-814a-356da9d79f03.pdf 401 - 1ms","timestamp":"2026-07-31 14:39:38"}
{"level":"info","message":"GET /api/documentos/0486d588-738c-4a6a-814a-356da9d79f03.pdf 401 - 1ms","timestamp":"2026-07-31 14:39:57"}
{"level":"info","message":"[SOCKET] Forzando cierre de conexión para usuario ID: 5","timestamp":"2026-07-31 14:40:09"}
{"level":"info","message":"[SOCKET] Conexión cerrada: Manuel [ID: Jr7l-q-mss4Mix6cAAAB]","timestamp":"2026-07-31 14:40:09"}
{"level":"info","message":"POST /api/auth/logout 200 - 13ms","timestamp":"2026-07-31 14:40:09"}
{"level":"info","message":"POST /api/auth/login 200 - 63ms","timestamp":"2026-07-31 14:40:18"}
{"level":"info","message":"[SOCKET] Conexión establecida: Manuel (Manuel Crespo Serrano) [ID: AE6bHFh_UB_v-aBUAAAD]","timestamp":"2026-07-31 14:40:18"}
{"level":"info","message":"GET /api/catalogos/te-enteraste 304 - 3ms","timestamp":"2026-07-31 14:40:20"}
{"level":"info","message":"GET /api/catalogos/alcaldias 304 - 4ms","timestamp":"2026-07-31 14:40:20"}
{"level":"info","message":"GET /api/catalogos/manifestaciones 304 - 5ms","timestamp":"2026-07-31 14:40:20"}
{"level":"info","message":"GET /api/participante/mi-registro 304 - 8ms","timestamp":"2026-07-31 14:40:20"}
{"level":"info","message":"GET /api/catalogos/te-enteraste 304 - 3ms","timestamp":"2026-07-31 14:41:51"}
{"level":"info","message":"GET /api/catalogos/alcaldias 304 - 3ms","timestamp":"2026-07-31 14:41:51"}
{"level":"info","message":"GET /api/catalogos/manifestaciones 304 - 3ms","timestamp":"2026-07-31 14:41:51"}
{"level":"info","message":"GET /api/participante/mi-registro 304 - 7ms","timestamp":"2026-07-31 14:41:51"}
{"level":"info","message":"[SOCKET] Conexión establecida: Manuel (Manuel Crespo Serrano) [ID: zpCMQ0PYAN8hHDh0AAAB]","timestamp":"2026-07-31 14:42:00"}
{"level":"info","message":"[SOCKET] Forzando cierre de conexión para usuario ID: 5","timestamp":"2026-07-31 14:42:30"}
{"level":"info","message":"[SOCKET] Conexión cerrada: Manuel [ID: zpCMQ0PYAN8hHDh0AAAB]","timestamp":"2026-07-31 14:42:30"}
{"level":"info","message":"POST /api/auth/logout 200 - 15ms","timestamp":"2026-07-31 14:42:30"}
{"level":"info","message":"GET /api/catalogos/categorias 304 - 5ms","timestamp":"2026-07-31 14:42:37"}
{"level":"info","message":"POST /api/auth/registro 201 - 86ms","timestamp":"2026-07-31 14:43:41"}
{"level":"info","message":"POST /api/auth/login 200 - 56ms","timestamp":"2026-07-31 14:43:50"}
{"level":"info","message":"[SOCKET] Conexión establecida: Leslie (Leslie Landa Garcia) [ID: 9-73tvVGESpqFXG2AAAD]","timestamp":"2026-07-31 14:43:50"}
{"level":"info","message":"GET /api/catalogos/alcaldias 304 - 3ms","timestamp":"2026-07-31 14:43:52"}
{"level":"info","message":"GET /api/catalogos/te-enteraste 304 - 3ms","timestamp":"2026-07-31 14:43:52"}
{"level":"info","message":"GET /api/catalogos/manifestaciones 304 - 5ms","timestamp":"2026-07-31 14:43:52"}
{"level":"info","message":"GET /api/participante/mi-registro 200 - 10ms","timestamp":"2026-07-31 14:43:52"}
{"level":"info","message":"POST /api/participante/completar-registro 200 - 37ms","timestamp":"2026-07-31 14:44:15"}
{"level":"info","message":"GET /api/participante/mi-registro 200 - 8ms","timestamp":"2026-07-31 14:44:17"}
{"level":"info","message":"GET /api/documentos/a1044cff-62c1-4946-8b6d-37e227773910.pdf 401 - 1ms","timestamp":"2026-07-31 14:44:56"}
{"level":"info","message":"[SOCKET] Conexión establecida: Leslie (Leslie Landa Garcia) [ID: eSjDVDIGYMkgN5FIAAAB]","timestamp":"2026-07-31 14:45:04"}
{"level":"info","message":"GET /api/documentos/a1044cff-62c1-4946-8b6d-37e227773910.pdf 401 - 2ms","timestamp":"2026-07-31 14:45:54"}
{"level":"info","message":"[SOCKET] Conexión establecida: Leslie (Leslie Landa Garcia) [ID: x-UtCCR6T_C37tP-AAAB]","timestamp":"2026-07-31 14:48:33"}
{"level":"info","message":"[SOCKET] Conexión establecida: Leslie (Leslie Landa Garcia) [ID: m1jwrHRa-ddOHAEBAAAB]","timestamp":"2026-07-31 14:49:11"}
{"level":"info","message":"[SOCKET] Conexión establecida: Leslie (Leslie Landa Garcia) [ID: FL-D94FqY2A-SgYAAAAB]","timestamp":"2026-07-31 14:49:20"}
{"level":"info","message":"GET /api/catalogos/te-enteraste 304 - 5ms","timestamp":"2026-07-31 14:50:16"}
{"level":"info","message":"GET /api/catalogos/alcaldias 304 - 5ms","timestamp":"2026-07-31 14:50:16"}
{"level":"info","message":"GET /api/catalogos/manifestaciones 304 - 6ms","timestamp":"2026-07-31 14:50:16"}
{"level":"info","message":"GET /api/participante/mi-registro 304 - 8ms","timestamp":"2026-07-31 14:50:16"}
{"level":"info","message":"[SOCKET] Conexión establecida: Leslie (Leslie Landa Garcia) [ID: z03B8xjzqwG9V849AAAB]","timestamp":"2026-07-31 14:51:06"}
{"level":"info","message":"GET /api/documentos/a1044cff-62c1-4946-8b6d-37e227773910.pdf?token=eyJhbGciOiJIUzI1NiIsInR5cCI6IkpXVCJ9.eyJpZF91c3VhcmlvIjo2LCJ1c3VhcmlvIjoiTGVzbGllIiwiaWRfdGlwb3VzdWFyaW8iOjEsInNlc3Npb25faWQiOiJlMzRiMjcxZi1kZGEzLTRjY2YtYTQ4MS02NmVmOTJhNjY2OGMiLCJpYXQiOjE3ODU1MzA2MzAsImV4cCI6MTc4NTU1OTQzMH0.hwKiqcahAjM6wxaFwlsINysXqPUNFyiOta535VxeW3s 200 - 8ms","timestamp":"2026-07-31 14:51:52"}
{"level":"info","message":"GET /api/documentos/a1044cff-62c1-4946-8b6d-37e227773910.pdf?token=eyJhbGciOiJIUzI1NiIsInR5cCI6IkpXVCJ9.eyJpZF91c3VhcmlvIjo2LCJ1c3VhcmlvIjoiTGVzbGllIiwiaWRfdGlwb3VzdWFyaW8iOjEsInNlc3Npb25faWQiOiJlMzRiMjcxZi1kZGEzLTRjY2YtYTQ4MS02NmVmOTJhNjY2OGMiLCJpYXQiOjE3ODU1MzA2MzAsImV4cCI6MTc4NTU1OTQzMH0.hwKiqcahAjM6wxaFwlsINysXqPUNFyiOta535VxeW3s 304 - 4ms","timestamp":"2026-07-31 14:51:56"}
{"level":"info","message":"GET /api/documentos/a1044cff-62c1-4946-8b6d-37e227773910.pdf?token=eyJhbGciOiJIUzI1NiIsInR5cCI6IkpXVCJ9.eyJpZF91c3VhcmlvIjo2LCJ1c3VhcmlvIjoiTGVzbGllIiwiaWRfdGlwb3VzdWFyaW8iOjEsInNlc3Npb25faWQiOiJlMzRiMjcxZi1kZGEzLTRjY2YtYTQ4MS02NmVmOTJhNjY2OGMiLCJpYXQiOjE3ODU1MzA2MzAsImV4cCI6MTc4NTU1OTQzMH0.hwKiqcahAjM6wxaFwlsINysXqPUNFyiOta535VxeW3s 304 - 3ms","timestamp":"2026-07-31 14:52:00"}
{"level":"info","message":"[SOCKET] Forzando cierre de conexión para usuario ID: 6","timestamp":"2026-07-31 14:52:15"}
{"level":"info","message":"[SOCKET] Conexión cerrada: Leslie [ID: z03B8xjzqwG9V849AAAB]","timestamp":"2026-07-31 14:52:15"}
{"level":"info","message":"POST /api/auth/logout 200 - 13ms","timestamp":"2026-07-31 14:52:15"}
{"level":"info","message":"GET /api/catalogos/categorias 304 - 4ms","timestamp":"2026-07-31 14:52:18"}
{"level":"info","message":"POST /api/auth/login 401 - 55ms","timestamp":"2026-07-31 14:53:17"}
{"level":"info","message":"POST /api/auth/login 200 - 55ms","timestamp":"2026-07-31 14:53:20"}
{"level":"info","message":"[SOCKET] Conexión establecida: admin (Superadmin Sistema IECM) [ID: t06eO_WED_Iou4j7AAAD]","timestamp":"2026-07-31 14:53:20"}
{"level":"info","message":"GET /api/admin/participantes 200 - 6ms","timestamp":"2026-07-31 14:53:22"}
{"level":"info","message":"[SOCKET] Forzando cierre de conexión para usuario ID: 1","timestamp":"2026-07-31 14:56:01"}
{"level":"info","message":"[SOCKET] Conexión cerrada: admin [ID: t06eO_WED_Iou4j7AAAD]","timestamp":"2026-07-31 14:56:01"}
{"level":"info","message":"POST /api/auth/logout 200 - 9ms","timestamp":"2026-07-31 14:56:01"}
{"level":"info","message":"GET /api/catalogos/categorias 304 - 4ms","timestamp":"2026-07-31 14:56:04"}
{"level":"info","message":"GET /api/catalogos/categorias 304 - 16ms","timestamp":"2026-07-31 15:33:18"}
{"level":"info","message":"POST /api/auth/login 200 - 86ms","timestamp":"2026-07-31 15:33:40"}
{"level":"info","message":"[SOCKET] Conexión establecida: admin (Superadmin Sistema IECM) [ID: _rjUmKl8tu1l9kxaAAAB]","timestamp":"2026-07-31 15:33:40"}
{"level":"info","message":"GET /api/admin/participantes 304 - 7ms","timestamp":"2026-07-31 15:33:42"}
{"level":"info","message":"[SOCKET] Conexión establecida: admin (Superadmin Sistema IECM) [ID: 31AyDiTdWaqVd9QOAAAB]","timestamp":"2026-07-31 15:36:46"}
{"level":"info","message":"[SOCKET] Conexión establecida: admin (Superadmin Sistema IECM) [ID: 57Updb3l0pug4RzTAAAB]","timestamp":"2026-07-31 15:39:02"}
{"level":"info","message":"[SOCKET] Conexión establecida: admin (Superadmin Sistema IECM) [ID: xIJ1Is1iX9yKAWqhAAAB]","timestamp":"2026-07-31 15:39:19"}
{"level":"info","message":"[SOCKET] Conexión establecida: admin (Superadmin Sistema IECM) [ID: i_zEqYnWgE8u3JL3AAAB]","timestamp":"2026-07-31 15:39:29"}
{"level":"info","message":"[SOCKET] Conexión establecida: admin (Superadmin Sistema IECM) [ID: W2T1WAAt9ztI2eKXAAAB]","timestamp":"2026-07-31 15:39:44"}
{"level":"info","message":"[SOCKET] Conexión establecida: admin (Superadmin Sistema IECM) [ID: xJlBAxSYqssnHnRxAAAB]","timestamp":"2026-07-31 15:40:07"}
{"level":"info","message":"[SOCKET] Conexión establecida: admin (Superadmin Sistema IECM) [ID: m4VH4-PNfkQ5iPqxAAAB]","timestamp":"2026-07-31 15:41:02"}
{"level":"info","message":"[SOCKET] Conexión establecida: admin (Superadmin Sistema IECM) [ID: c3NmFIMvx-cl_I0wAAAB]","timestamp":"2026-07-31 15:41:07"}
{"level":"info","message":"[SOCKET] Conexión establecida: admin (Superadmin Sistema IECM) [ID: ViqhQ-3Dfhfm1Y5IAAAB]","timestamp":"2026-07-31 15:41:18"}
{"level":"info","message":"[SOCKET] Conexión cerrada: admin [ID: ViqhQ-3Dfhfm1Y5IAAAB]","timestamp":"2026-07-31 15:41:22"}
{"level":"info","message":"GET /api/admin/participantes 200 - 24ms","timestamp":"2026-07-31 15:41:22"}
{"level":"info","message":"[SOCKET] Conexión establecida: admin (Superadmin Sistema IECM) [ID: KDxmqCguDwhFAYzgAAAD]","timestamp":"2026-07-31 15:41:22"}
{"level":"info","message":"[SOCKET] Conexión cerrada: admin [ID: KDxmqCguDwhFAYzgAAAD]","timestamp":"2026-07-31 15:42:04"}
{"level":"info","message":"GET /api/admin/participantes 304 - 12ms","timestamp":"2026-07-31 15:42:23"}
{"level":"info","message":"[SOCKET] Conexión establecida: admin (Superadmin Sistema IECM) [ID: 1Mm-ggJgQan6EpY1AAAF]","timestamp":"2026-07-31 15:42:23"}
{"level":"info","message":"[SOCKET] Conexión establecida: admin (Superadmin Sistema IECM) [ID: -dxSXetnxyJPJLbsAAAB]","timestamp":"2026-07-31 15:42:47"}
{"level":"info","message":"[SOCKET] Conexión establecida: admin (Superadmin Sistema IECM) [ID: sqoDDXz0_egCDQ0YAAAB]","timestamp":"2026-07-31 15:42:52"}
{"level":"info","message":"[SOCKET] Conexión establecida: admin (Superadmin Sistema IECM) [ID: YHk_wFAEvhq4DmG5AAAB]","timestamp":"2026-07-31 15:42:56"}
{"level":"info","message":"[SOCKET] Conexión establecida: admin (Superadmin Sistema IECM) [ID: R3YWviVY0lzKPkLxAAAB]","timestamp":"2026-07-31 15:43:06"}
{"level":"info","message":"[SOCKET] Conexión establecida: admin (Superadmin Sistema IECM) [ID: FxQjrBHkkqY4MTZKAAAB]","timestamp":"2026-07-31 15:48:58"}
{"level":"info","message":"[SOCKET] Conexión cerrada: admin [ID: FxQjrBHkkqY4MTZKAAAB]","timestamp":"2026-07-31 15:49:57"}
{"level":"info","message":"[SOCKET] Conexión establecida: admin (Superadmin Sistema IECM) [ID: XQ85QwSSM81nXq2PAAAE]","timestamp":"2026-07-31 15:49:57"}
{"level":"info","message":"GET /api/notificaciones 200 - 34ms","timestamp":"2026-07-31 15:49:57"}
{"level":"info","message":"GET /api/admin/participantes 200 - 39ms","timestamp":"2026-07-31 15:49:57"}
{"level":"info","message":"[SOCKET] Conexión cerrada: admin [ID: XQ85QwSSM81nXq2PAAAE]","timestamp":"2026-07-31 15:50:00"}
{"level":"info","message":"GET /api/notificaciones 200 - 6ms","timestamp":"2026-07-31 15:50:00"}
{"level":"info","message":"GET /api/admin/participantes 200 - 11ms","timestamp":"2026-07-31 15:50:00"}
{"level":"info","message":"[SOCKET] Conexión establecida: admin (Superadmin Sistema IECM) [ID: tMDjqVkC1CILStMUAAAH]","timestamp":"2026-07-31 15:50:00"}
{"level":"info","message":"[SOCKET] Forzando cierre de conexión para usuario ID: 1","timestamp":"2026-07-31 15:50:05"}
{"level":"info","message":"[SOCKET] Conexión cerrada: admin [ID: tMDjqVkC1CILStMUAAAH]","timestamp":"2026-07-31 15:50:05"}
{"level":"info","message":"POST /api/auth/logout 200 - 12ms","timestamp":"2026-07-31 15:50:05"}
{"level":"info","message":"POST /api/auth/login 200 - 64ms","timestamp":"2026-07-31 15:50:57"}
{"level":"info","message":"[SOCKET] Conexión establecida: admin (Superadmin Sistema IECM) [ID: My2lb56H87txnQ-QAAAJ]","timestamp":"2026-07-31 15:50:57"}
{"level":"info","message":"[SOCKET] Conexión cerrada: admin [ID: My2lb56H87txnQ-QAAAJ]","timestamp":"2026-07-31 15:50:59"}
{"level":"info","message":"GET /api/notificaciones 304 - 4ms","timestamp":"2026-07-31 15:50:59"}
{"level":"info","message":"GET /api/admin/participantes 304 - 8ms","timestamp":"2026-07-31 15:50:59"}
{"level":"info","message":"[SOCKET] Conexión establecida: admin (Superadmin Sistema IECM) [ID: Cyx4QsxNBw31BLcbAAAL]","timestamp":"2026-07-31 15:50:59"}
{"level":"info","message":"GET /api/documentos/a1044cff-62c1-4946-8b6d-37e227773910.pdf?token=eyJhbGciOiJIUzI1NiIsInR5cCI6IkpXVCJ9.eyJpZF91c3VhcmlvIjoxLCJ1c3VhcmlvIjoiYWRtaW4iLCJpZF90aXBvdXN1YXJpbyI6NCwic2Vzc2lvbl9pZCI6ImQ5ZTUyMzdlLTc0YTEtNDk3OS1hYjkxLTdjZjE4YmY1YWExNiIsImlhdCI6MTc4NTUzNDY1NywiZXhwIjoxNzg1NTYzNDU3fQ.hcXkReg7SJsqIam-YuAYFeCghdOgiIbA9h2Pk1OG2iI 200 - 7ms","timestamp":"2026-07-31 15:51:37"}
{"level":"info","message":"[SOCKET] Forzando cierre de conexión para usuario ID: 1","timestamp":"2026-07-31 15:58:26"}
{"level":"info","message":"[SOCKET] Conexión cerrada: admin [ID: Cyx4QsxNBw31BLcbAAAL]","timestamp":"2026-07-31 15:58:26"}
{"level":"info","message":"POST /api/auth/logout 200 - 10ms","timestamp":"2026-07-31 15:58:26"}
{"level":"info","message":"POST /api/auth/login 200 - 61ms","timestamp":"2026-07-31 15:58:34"}
{"level":"info","message":"[SOCKET] Conexión establecida: validador (Validador Valdes IECM) [ID: 1_uaEjOD_CPJ90UhAAAN]","timestamp":"2026-07-31 15:58:34"}
{"level":"info","message":"[SOCKET] Conexión cerrada: validador [ID: 1_uaEjOD_CPJ90UhAAAN]","timestamp":"2026-07-31 15:58:36"}
{"level":"info","message":"GET /api/notificaciones 304 - 3ms","timestamp":"2026-07-31 15:58:36"}
{"level":"info","message":"GET /api/admin/participantes 304 - 6ms","timestamp":"2026-07-31 15:58:36"}
{"level":"info","message":"[SOCKET] Conexión establecida: validador (Validador Valdes IECM) [ID: wgmdBazOH_3IV5t4AAAP]","timestamp":"2026-07-31 15:58:36"}
{"level":"info","message":"GET /api/notificaciones 304 - 4ms","timestamp":"2026-07-31 15:58:39"}
{"level":"info","message":"[SOCKET] Forzando cierre de conexión para usuario ID: 7","timestamp":"2026-07-31 15:58:43"}
{"level":"info","message":"[SOCKET] Conexión cerrada: validador [ID: wgmdBazOH_3IV5t4AAAP]","timestamp":"2026-07-31 15:58:43"}
{"level":"info","message":"POST /api/auth/logout 200 - 9ms","timestamp":"2026-07-31 15:58:43"}
{"level":"info","message":"POST /api/auth/login 200 - 55ms","timestamp":"2026-07-31 15:58:51"}
{"level":"info","message":"[SOCKET] Conexión establecida: admin (Superadmin Sistema IECM) [ID: hqB2gaYKuvFKYD9MAAAR]","timestamp":"2026-07-31 15:58:51"}
{"level":"info","message":"[SOCKET] Conexión cerrada: admin [ID: hqB2gaYKuvFKYD9MAAAR]","timestamp":"2026-07-31 15:58:53"}
{"level":"info","message":"GET /api/notificaciones 304 - 5ms","timestamp":"2026-07-31 15:58:53"}
{"level":"info","message":"GET /api/admin/participantes 304 - 8ms","timestamp":"2026-07-31 15:58:53"}
{"level":"info","message":"[SOCKET] Conexión establecida: admin (Superadmin Sistema IECM) [ID: KFJM4J8pyG1Z11uJAAAT]","timestamp":"2026-07-31 15:58:53"}
{"level":"info","message":"[SOCKET] Forzando cierre de conexión para usuario ID: 1","timestamp":"2026-07-31 16:30:51"}
{"level":"info","message":"[SOCKET] Conexión cerrada: admin [ID: KFJM4J8pyG1Z11uJAAAT]","timestamp":"2026-07-31 16:30:51"}
{"level":"info","message":"POST /api/auth/logout 200 - 10ms","timestamp":"2026-07-31 16:30:51"}
{"level":"info","message":"POST /api/auth/login 200 - 122ms","timestamp":"2026-08-02 00:51:20"}
{"level":"info","message":"[SOCKET] Conexión establecida: admin (Superadmin Sistema IECM) [ID: a4f4kVe7vtUgIIstAAAB]","timestamp":"2026-08-02 00:51:20"}
{"level":"info","message":"[SOCKET] Conexión cerrada: admin [ID: a4f4kVe7vtUgIIstAAAB]","timestamp":"2026-08-02 00:51:22"}
{"level":"info","message":"GET /api/superadmin/usuarios 200 - 20ms","timestamp":"2026-08-02 00:51:22"}
{"level":"info","message":"GET /api/notificaciones 304 - 21ms","timestamp":"2026-08-02 00:51:22"}
{"level":"info","message":"[SOCKET] Conexión establecida: admin (Superadmin Sistema IECM) [ID: A-xr-ao2s-vikrfVAAAD]","timestamp":"2026-08-02 00:51:22"}
{"level":"info","message":"[SOCKET] Conexión cerrada: admin [ID: A-xr-ao2s-vikrfVAAAD]","timestamp":"2026-08-02 00:51:35"}
{"level":"info","message":"GET /api/notificaciones 304 - 8ms","timestamp":"2026-08-02 00:51:35"}
{"level":"info","message":"GET /api/superadmin/convocatorias 200 - 8ms","timestamp":"2026-08-02 00:51:35"}
{"level":"info","message":"[SOCKET] Conexión establecida: admin (Superadmin Sistema IECM) [ID: NsIjD0jOfu9TvDVlAAAF]","timestamp":"2026-08-02 00:51:35"}
{"level":"info","message":"GET /api/superadmin/categorias/1 200 - 10ms","timestamp":"2026-08-02 00:51:35"}
{"level":"info","message":"[SOCKET] Conexión cerrada: admin [ID: NsIjD0jOfu9TvDVlAAAF]","timestamp":"2026-08-02 00:51:42"}
{"level":"info","message":"GET /api/superadmin/manifestaciones 200 - 10ms","timestamp":"2026-08-02 00:51:42"}
{"level":"info","message":"GET /api/notificaciones 304 - 9ms","timestamp":"2026-08-02 00:51:42"}
{"level":"info","message":"[SOCKET] Conexión establecida: admin (Superadmin Sistema IECM) [ID: SA9TDf3tjpPAovA2AAAH]","timestamp":"2026-08-02 00:51:42"}
{"level":"info","message":"[SOCKET] Conexión cerrada: admin [ID: SA9TDf3tjpPAovA2AAAH]","timestamp":"2026-08-02 00:51:46"}
{"level":"info","message":"GET /api/superadmin/usuarios 304 - 7ms","timestamp":"2026-08-02 00:51:46"}
{"level":"info","message":"GET /api/notificaciones 304 - 8ms","timestamp":"2026-08-02 00:51:46"}
{"level":"info","message":"[SOCKET] Conexión establecida: admin (Superadmin Sistema IECM) [ID: OVDiYuxPVTEcprjYAAAJ]","timestamp":"2026-08-02 00:51:46"}
{"level":"info","message":"[SOCKET] Conexión cerrada: admin [ID: OVDiYuxPVTEcprjYAAAJ]","timestamp":"2026-08-02 00:51:50"}
{"level":"info","message":"GET /api/notificaciones 304 - 11ms","timestamp":"2026-08-02 00:51:50"}
{"level":"info","message":"GET /api/superadmin/convocatorias 304 - 8ms","timestamp":"2026-08-02 00:51:50"}
{"level":"info","message":"[SOCKET] Conexión establecida: admin (Superadmin Sistema IECM) [ID: xrr9_M9SAo1EXmZsAAAL]","timestamp":"2026-08-02 00:51:50"}
{"level":"info","message":"GET /api/superadmin/estadisticas?id_convocatoria=1 200 - 26ms","timestamp":"2026-08-02 00:51:50"}
{"level":"info","message":"[SOCKET] Conexión cerrada: admin [ID: xrr9_M9SAo1EXmZsAAAL]","timestamp":"2026-08-02 00:51:59"}
{"level":"info","message":"GET /api/notificaciones 304 - 7ms","timestamp":"2026-08-02 00:51:59"}
{"level":"info","message":"[SOCKET] Conexión establecida: admin (Superadmin Sistema IECM) [ID: gDtdUc3RiKm-OsyJAAAN]","timestamp":"2026-08-02 00:51:59"}
{"level":"info","message":"[SOCKET] Conexión cerrada: admin [ID: gDtdUc3RiKm-OsyJAAAN]","timestamp":"2026-08-02 00:52:02"}
{"level":"info","message":"GET /api/superadmin/convocatorias 304 - 11ms","timestamp":"2026-08-02 00:52:02"}
{"level":"info","message":"GET /api/notificaciones 304 - 9ms","timestamp":"2026-08-02 00:52:02"}
{"level":"info","message":"[SOCKET] Conexión establecida: admin (Superadmin Sistema IECM) [ID: 9iGpAnYAYJh9RG85AAAP]","timestamp":"2026-08-02 00:52:02"}
{"level":"info","message":"GET /api/superadmin/categorias/1 304 - 5ms","timestamp":"2026-08-02 00:52:02"}
{"level":"info","message":"GET /api/admin/participantes 304 - 11ms","timestamp":"2026-08-02 00:52:02"}
{"level":"info","message":"[SOCKET] Conexión cerrada: admin [ID: 9iGpAnYAYJh9RG85AAAP]","timestamp":"2026-08-02 00:52:02"}
{"level":"info","message":"GET /api/superadmin/sesiones 200 - 4ms","timestamp":"2026-08-02 00:52:02"}
{"level":"info","message":"[SOCKET] Conexión establecida: admin (Superadmin Sistema IECM) [ID: Zq0LF29hdxEE5bsEAAAR]","timestamp":"2026-08-02 00:52:02"}
{"level":"info","message":"[SOCKET] Conexión cerrada: admin [ID: Zq0LF29hdxEE5bsEAAAR]","timestamp":"2026-08-02 00:52:13"}
{"level":"info","message":"GET /api/notificaciones 304 - 6ms","timestamp":"2026-08-02 00:52:13"}
{"level":"info","message":"[SOCKET] Conexión establecida: admin (Superadmin Sistema IECM) [ID: RUBWh_A-H4iDNcosAAAT]","timestamp":"2026-08-02 00:52:13"}
{"level":"info","message":"[SOCKET] Conexión cerrada: admin [ID: RUBWh_A-H4iDNcosAAAT]","timestamp":"2026-08-02 00:52:16"}
{"level":"info","message":"GET /api/notificaciones 304 - 7ms","timestamp":"2026-08-02 00:52:16"}
{"level":"info","message":"GET /api/admin/participantes 304 - 10ms","timestamp":"2026-08-02 00:52:16"}
{"level":"info","message":"[SOCKET] Conexión establecida: admin (Superadmin Sistema IECM) [ID: imn9h6c91tUSUSU4AAAV]","timestamp":"2026-08-02 00:52:16"}
{"level":"info","message":"GET /api/notificaciones 304 - 5ms","timestamp":"2026-08-02 00:52:27"}
{"level":"info","message":"[SOCKET] Conexión cerrada: admin [ID: imn9h6c91tUSUSU4AAAV]","timestamp":"2026-08-02 00:52:34"}
{"level":"info","message":"GET /api/notificaciones 304 - 7ms","timestamp":"2026-08-02 00:52:34"}
{"level":"info","message":"GET /api/superadmin/usuarios 304 - 8ms","timestamp":"2026-08-02 00:52:34"}
{"level":"info","message":"[SOCKET] Conexión establecida: admin (Superadmin Sistema IECM) [ID: VmwxukxNNW3NMqzyAAAX]","timestamp":"2026-08-02 00:52:34"}
{"level":"info","message":"[SOCKET] Conexión cerrada: admin [ID: VmwxukxNNW3NMqzyAAAX]","timestamp":"2026-08-02 00:52:54"}
{"level":"info","message":"GET /api/notificaciones 304 - 9ms","timestamp":"2026-08-02 00:52:54"}
{"level":"info","message":"GET /api/superadmin/convocatorias 304 - 8ms","timestamp":"2026-08-02 00:52:54"}
{"level":"info","message":"[SOCKET] Conexión establecida: admin (Superadmin Sistema IECM) [ID: olcNZ-BP9rMANQQxAAAZ]","timestamp":"2026-08-02 00:52:54"}
{"level":"info","message":"GET /api/superadmin/estadisticas?id_convocatoria=1 304 - 8ms","timestamp":"2026-08-02 00:52:54"}
{"level":"info","message":"[SOCKET] Conexión cerrada: admin [ID: olcNZ-BP9rMANQQxAAAZ]","timestamp":"2026-08-02 00:53:26"}
{"level":"info","message":"GET /api/notificaciones 304 - 8ms","timestamp":"2026-08-02 00:53:26"}
{"level":"info","message":"GET /api/superadmin/convocatorias 304 - 9ms","timestamp":"2026-08-02 00:53:26"}
{"level":"info","message":"[SOCKET] Conexión establecida: admin (Superadmin Sistema IECM) [ID: eRcwMlNLFWXTGBvdAAAb]","timestamp":"2026-08-02 00:53:26"}
{"level":"info","message":"GET /api/superadmin/categorias/1 304 - 5ms","timestamp":"2026-08-02 00:53:26"}
{"level":"info","message":"GET /api/admin/participantes 304 - 7ms","timestamp":"2026-08-02 00:53:26"}
{"level":"info","message":"[SOCKET] Conexión cerrada: admin [ID: eRcwMlNLFWXTGBvdAAAb]","timestamp":"2026-08-02 00:53:26"}
{"level":"info","message":"GET /api/superadmin/sesiones 304 - 3ms","timestamp":"2026-08-02 00:53:26"}
{"level":"info","message":"[SOCKET] Conexión establecida: admin (Superadmin Sistema IECM) [ID: vpC9flLaU4HV6T3nAAAd]","timestamp":"2026-08-02 00:53:26"}
{"level":"info","message":"[SOCKET] Conexión cerrada: admin [ID: vpC9flLaU4HV6T3nAAAd]","timestamp":"2026-08-02 00:54:17"}
{"level":"info","message":"GET /api/superadmin/convocatorias 304 - 9ms","timestamp":"2026-08-02 00:54:17"}
{"level":"info","message":"GET /api/notificaciones 304 - 6ms","timestamp":"2026-08-02 00:54:17"}
{"level":"info","message":"[SOCKET] Conexión establecida: admin (Superadmin Sistema IECM) [ID: KQ6FjVaNVWCq61YeAAAf]","timestamp":"2026-08-02 00:54:17"}
{"level":"info","message":"GET /api/superadmin/estadisticas?id_convocatoria=1 304 - 12ms","timestamp":"2026-08-02 00:54:17"}
{"level":"info","message":"[SOCKET] Conexión cerrada: admin [ID: KQ6FjVaNVWCq61YeAAAf]","timestamp":"2026-08-02 00:55:34"}
{"level":"info","message":"GET /api/superadmin/convocatorias 304 - 6ms","timestamp":"2026-08-02 00:55:42"}
{"level":"info","message":"GET /api/notificaciones 304 - 5ms","timestamp":"2026-08-02 00:55:42"}
{"level":"info","message":"[SOCKET] Conexión establecida: admin (Superadmin Sistema IECM) [ID: OkoUBeOqjPZ63flTAAAi]","timestamp":"2026-08-02 00:55:42"}
{"level":"info","message":"GET /api/superadmin/estadisticas?id_convocatoria=1 304 - 9ms","timestamp":"2026-08-02 00:55:42"}
{"level":"info","message":"[SOCKET] Conexión establecida: admin (Superadmin Sistema IECM) [ID: QbzYOKv-QAJVXmbyAAAB]","timestamp":"2026-08-02 00:55:53"}
{"level":"info","message":"[SOCKET] Conexión cerrada: admin [ID: QbzYOKv-QAJVXmbyAAAB]","timestamp":"2026-08-02 00:56:26"}
{"level":"info","message":"GET /api/superadmin/sesiones 304 - 14ms","timestamp":"2026-08-02 00:56:26"}
{"level":"info","message":"GET /api/notificaciones 304 - 25ms","timestamp":"2026-08-02 00:56:26"}
{"level":"info","message":"[SOCKET] Conexión establecida: admin (Superadmin Sistema IECM) [ID: ZsXniKKNa62VM2rYAAAD]","timestamp":"2026-08-02 00:56:26"}
{"level":"info","message":"[SOCKET] Conexión cerrada: admin [ID: ZsXniKKNa62VM2rYAAAD]","timestamp":"2026-08-02 00:56:27"}
{"level":"info","message":"GET /api/notificaciones 304 - 17ms","timestamp":"2026-08-02 00:56:27"}
{"level":"info","message":"[SOCKET] Conexión establecida: admin (Superadmin Sistema IECM) [ID: -DlmIoc1R5UyyKzSAAAF]","timestamp":"2026-08-02 00:56:27"}
{"level":"info","message":"[SOCKET] Conexión cerrada: admin [ID: -DlmIoc1R5UyyKzSAAAF]","timestamp":"2026-08-02 00:56:29"}
{"level":"info","message":"GET /api/notificaciones 304 - 9ms","timestamp":"2026-08-02 00:56:29"}
{"level":"info","message":"GET /api/admin/participantes 304 - 10ms","timestamp":"2026-08-02 00:56:29"}
{"level":"info","message":"[SOCKET] Conexión establecida: admin (Superadmin Sistema IECM) [ID: ftDp3puAwMD7jdx5AAAH]","timestamp":"2026-08-02 00:56:29"}
{"level":"info","message":"[SOCKET] Conexión cerrada: admin [ID: ftDp3puAwMD7jdx5AAAH]","timestamp":"2026-08-02 00:56:30"}
{"level":"info","message":"GET /api/superadmin/convocatorias 304 - 11ms","timestamp":"2026-08-02 00:56:30"}
{"level":"info","message":"GET /api/notificaciones 304 - 10ms","timestamp":"2026-08-02 00:56:30"}
{"level":"info","message":"[SOCKET] Conexión establecida: admin (Superadmin Sistema IECM) [ID: fDahJAZmqG_yBi3PAAAJ]","timestamp":"2026-08-02 00:56:30"}
{"level":"info","message":"GET /api/superadmin/categorias/1 304 - 6ms","timestamp":"2026-08-02 00:56:30"}
{"level":"info","message":"[SOCKET] Conexión cerrada: admin [ID: fDahJAZmqG_yBi3PAAAJ]","timestamp":"2026-08-02 00:56:31"}
{"level":"info","message":"GET /api/notificaciones 304 - 8ms","timestamp":"2026-08-02 00:56:31"}
{"level":"info","message":"GET /api/superadmin/usuarios 304 - 9ms","timestamp":"2026-08-02 00:56:31"}
{"level":"info","message":"[SOCKET] Conexión establecida: admin (Superadmin Sistema IECM) [ID: ct3rlzinNiAO4GeiAAAL]","timestamp":"2026-08-02 00:56:31"}
{"level":"info","message":"[SOCKET] Conexión cerrada: admin [ID: ct3rlzinNiAO4GeiAAAL]","timestamp":"2026-08-02 00:56:33"}
{"level":"info","message":"GET /api/notificaciones 304 - 10ms","timestamp":"2026-08-02 00:56:33"}
{"level":"info","message":"[SOCKET] Conexión establecida: admin (Superadmin Sistema IECM) [ID: u_Fz94hYFZOzQBrWAAAN]","timestamp":"2026-08-02 00:56:33"}
{"level":"info","message":"[SOCKET] Conexión cerrada: admin [ID: u_Fz94hYFZOzQBrWAAAN]","timestamp":"2026-08-02 00:56:35"}
{"level":"info","message":"GET /api/notificaciones 304 - 13ms","timestamp":"2026-08-02 00:56:35"}
{"level":"info","message":"GET /api/superadmin/convocatorias 304 - 12ms","timestamp":"2026-08-02 00:56:35"}
{"level":"info","message":"[SOCKET] Conexión establecida: admin (Superadmin Sistema IECM) [ID: BVhJmJtJWMebt6uBAAAP]","timestamp":"2026-08-02 00:56:35"}
{"level":"info","message":"GET /api/superadmin/estadisticas?id_convocatoria=1 304 - 14ms","timestamp":"2026-08-02 00:56:35"}
{"level":"info","message":"[SOCKET] Conexión cerrada: admin [ID: BVhJmJtJWMebt6uBAAAP]","timestamp":"2026-08-02 00:56:36"}
{"level":"info","message":"GET /api/superadmin/sesiones 304 - 8ms","timestamp":"2026-08-02 00:56:36"}
{"level":"info","message":"GET /api/notificaciones 304 - 11ms","timestamp":"2026-08-02 00:56:36"}
{"level":"info","message":"[SOCKET] Conexión establecida: admin (Superadmin Sistema IECM) [ID: C3M6DHXRIYTckloaAAAR]","timestamp":"2026-08-02 00:56:36"}
{"level":"info","message":"GET /api/superadmin/sesiones 200 - 6ms","timestamp":"2026-08-02 00:56:41"}
{"level":"info","message":"GET /api/superadmin/sesiones 304 - 2ms","timestamp":"2026-08-02 00:56:46"}
{"level":"info","message":"GET /api/superadmin/sesiones 304 - 3ms","timestamp":"2026-08-02 00:56:51"}
{"level":"info","message":"GET /api/superadmin/sesiones 304 - 4ms","timestamp":"2026-08-02 00:56:56"}
{"level":"info","message":"GET /api/superadmin/sesiones 304 - 4ms","timestamp":"2026-08-02 00:57:01"}
{"level":"info","message":"GET /api/superadmin/sesiones 304 - 3ms","timestamp":"2026-08-02 00:57:06"}
{"level":"info","message":"GET /api/superadmin/sesiones 304 - 3ms","timestamp":"2026-08-02 00:57:11"}
{"level":"info","message":"GET /api/superadmin/sesiones 304 - 3ms","timestamp":"2026-08-02 00:57:16"}
{"level":"info","message":"GET /api/superadmin/sesiones 304 - 4ms","timestamp":"2026-08-02 00:57:21"}
{"level":"info","message":"GET /api/superadmin/sesiones 304 - 2ms","timestamp":"2026-08-02 00:57:26"}
{"level":"info","message":"GET /api/superadmin/sesiones 304 - 2ms","timestamp":"2026-08-02 00:57:31"}
{"level":"info","message":"GET /api/superadmin/sesiones 304 - 2ms","timestamp":"2026-08-02 00:57:36"}
{"level":"info","message":"GET /api/superadmin/sesiones 304 - 3ms","timestamp":"2026-08-02 00:57:41"}
{"level":"info","message":"GET /api/superadmin/sesiones 304 - 4ms","timestamp":"2026-08-02 00:57:50"}
{"level":"info","message":"GET /api/superadmin/sesiones 304 - 3ms","timestamp":"2026-08-02 00:57:51"}
{"level":"info","message":"[SOCKET] Conexión cerrada: admin [ID: C3M6DHXRIYTckloaAAAR]","timestamp":"2026-08-02 00:57:55"}
{"level":"info","message":"GET /api/notificaciones 304 - 10ms","timestamp":"2026-08-02 00:57:55"}
{"level":"info","message":"[SOCKET] Conexión establecida: admin (Superadmin Sistema IECM) [ID: mxaWsZQ-wFsl8PHVAAAT]","timestamp":"2026-08-02 00:57:55"}
{"level":"info","message":"GET /api/admin/participantes 304 - 15ms","timestamp":"2026-08-02 00:57:55"}
{"level":"info","message":"[SOCKET] Conexión cerrada: admin [ID: mxaWsZQ-wFsl8PHVAAAT]","timestamp":"2026-08-02 00:57:59"}
{"level":"info","message":"GET /api/notificaciones 304 - 5ms","timestamp":"2026-08-02 00:57:59"}
{"level":"info","message":"GET /api/superadmin/convocatorias 304 - 8ms","timestamp":"2026-08-02 00:57:59"}
{"level":"info","message":"[SOCKET] Conexión establecida: admin (Superadmin Sistema IECM) [ID: j1qFxsn9I5cLsFdrAAAV]","timestamp":"2026-08-02 00:57:59"}
{"level":"info","message":"GET /api/superadmin/estadisticas?id_convocatoria=1 304 - 9ms","timestamp":"2026-08-02 00:57:59"}
{"level":"info","message":"[SOCKET] Conexión cerrada: admin [ID: j1qFxsn9I5cLsFdrAAAV]","timestamp":"2026-08-02 00:58:02"}
{"level":"info","message":"GET /api/notificaciones 304 - 6ms","timestamp":"2026-08-02 00:58:02"}
{"level":"info","message":"GET /api/superadmin/usuarios 304 - 7ms","timestamp":"2026-08-02 00:58:02"}
{"level":"info","message":"[SOCKET] Conexión establecida: admin (Superadmin Sistema IECM) [ID: pg9CuM2iG0zIBQA4AAAX]","timestamp":"2026-08-02 00:58:02"}
{"level":"info","message":"[SOCKET] Conexión cerrada: admin [ID: pg9CuM2iG0zIBQA4AAAX]","timestamp":"2026-08-02 00:58:03"}
{"level":"info","message":"GET /api/superadmin/usuarios 304 - 8ms","timestamp":"2026-08-02 00:58:06"}
{"level":"info","message":"[SOCKET] Conexión establecida: admin (Superadmin Sistema IECM) [ID: HrOYKKVxAdi0GyKFAAAZ]","timestamp":"2026-08-02 00:58:06"}
{"level":"info","message":"[SOCKET] Conexión cerrada: admin [ID: HrOYKKVxAdi0GyKFAAAZ]","timestamp":"2026-08-02 00:58:10"}
{"level":"info","message":"GET /api/superadmin/usuarios 304 - 7ms","timestamp":"2026-08-02 00:58:13"}
{"level":"info","message":"[SOCKET] Conexión establecida: admin (Superadmin Sistema IECM) [ID: MQ3EvgOQJS-vgfw9AAAb]","timestamp":"2026-08-02 00:58:13"}
{"level":"info","message":"[SOCKET] Conexión cerrada: admin [ID: MQ3EvgOQJS-vgfw9AAAb]","timestamp":"2026-08-02 00:58:18"}
{"level":"info","message":"GET /api/superadmin/usuarios 304 - 5ms","timestamp":"2026-08-02 00:58:22"}
{"level":"info","message":"[SOCKET] Conexión establecida: admin (Superadmin Sistema IECM) [ID: Xz4fh6LuqG98oi5EAAAd]","timestamp":"2026-08-02 00:58:22"}
{"level":"info","message":"[SOCKET] Conexión cerrada: admin [ID: Xz4fh6LuqG98oi5EAAAd]","timestamp":"2026-08-02 00:58:26"}
{"level":"info","message":"GET /api/superadmin/usuarios 304 - 4ms","timestamp":"2026-08-02 00:58:29"}
{"level":"info","message":"[SOCKET] Conexión establecida: admin (Superadmin Sistema IECM) [ID: OE3LWwQMrLjpfpIEAAAf]","timestamp":"2026-08-02 00:58:29"}
{"level":"info","message":"[SOCKET] Conexión cerrada: admin [ID: OE3LWwQMrLjpfpIEAAAf]","timestamp":"2026-08-02 00:58:33"}
{"level":"info","message":"GET /api/superadmin/usuarios 304 - 4ms","timestamp":"2026-08-02 00:58:36"}
{"level":"info","message":"[SOCKET] Conexión establecida: admin (Superadmin Sistema IECM) [ID: mSUJoTjp2eFTuEPsAAAh]","timestamp":"2026-08-02 00:58:36"}
{"level":"info","message":"[SOCKET] Conexión cerrada: admin [ID: mSUJoTjp2eFTuEPsAAAh]","timestamp":"2026-08-02 00:58:40"}
{"level":"info","message":"[SOCKET] Conexión establecida: admin (Superadmin Sistema IECM) [ID: QzsKbTSFS9SM9HHkAAAj]","timestamp":"2026-08-02 00:58:43"}
{"level":"info","message":"GET /api/superadmin/usuarios 200 - 5ms","timestamp":"2026-08-02 00:58:43"}
{"level":"info","message":"[SOCKET] Conexión cerrada: admin [ID: QzsKbTSFS9SM9HHkAAAj]","timestamp":"2026-08-02 00:58:46"}
{"level":"info","message":"GET /api/superadmin/usuarios 200 - 4ms","timestamp":"2026-08-02 00:58:49"}
{"level":"info","message":"[SOCKET] Conexión establecida: admin (Superadmin Sistema IECM) [ID: mrYiux5-5cUsPqPvAAAl]","timestamp":"2026-08-02 00:58:49"}
{"level":"info","message":"[SOCKET] Conexión cerrada: admin [ID: mrYiux5-5cUsPqPvAAAl]","timestamp":"2026-08-02 00:58:52"}
{"level":"info","message":"GET /api/superadmin/usuarios 304 - 7ms","timestamp":"2026-08-02 00:58:55"}
{"level":"info","message":"[SOCKET] Conexión establecida: admin (Superadmin Sistema IECM) [ID: 1_AdfuR48NeOJGUnAAAn]","timestamp":"2026-08-02 00:58:55"}
{"level":"info","message":"[SOCKET] Conexión cerrada: admin [ID: 1_AdfuR48NeOJGUnAAAn]","timestamp":"2026-08-02 00:58:59"}
{"level":"info","message":"GET /api/notificaciones 304 - 3ms","timestamp":"2026-08-02 00:59:34"}
{"level":"info","message":"GET /api/superadmin/usuarios 304 - 4ms","timestamp":"2026-08-02 00:59:34"}
{"level":"info","message":"[SOCKET] Conexión establecida: admin (Superadmin Sistema IECM) [ID: yjXKJa0aySZ-H48lAAAq]","timestamp":"2026-08-02 00:59:34"}
{"level":"info","message":"[SOCKET] Conexión establecida: admin (Superadmin Sistema IECM) [ID: dxIQRgy_fX8ltWeRAAAB]","timestamp":"2026-08-02 00:59:42"}
{"level":"info","message":"GET /api/superadmin/convocatorias 304 - 9ms","timestamp":"2026-08-02 00:59:49"}
{"level":"info","message":"GET /api/superadmin/categorias/1 304 - 6ms","timestamp":"2026-08-02 00:59:49"}
{"level":"info","message":"GET /api/superadmin/manifestaciones 304 - 8ms","timestamp":"2026-08-02 00:59:50"}
{"level":"info","message":"GET /api/superadmin/convocatorias 304 - 7ms","timestamp":"2026-08-02 00:59:51"}
{"level":"info","message":"GET /api/superadmin/categorias/1 304 - 9ms","timestamp":"2026-08-02 00:59:51"}
{"level":"info","message":"GET /api/superadmin/usuarios 200 - 8ms","timestamp":"2026-08-02 01:00:09"}
{"level":"info","message":"[SOCKET] Forzando cierre de conexión para usuario ID: 1","timestamp":"2026-08-02 01:00:35"}
{"level":"info","message":"[SOCKET] Conexión cerrada: admin [ID: dxIQRgy_fX8ltWeRAAAB]","timestamp":"2026-08-02 01:00:35"}
{"level":"info","message":"POST /api/auth/logout 200 - 12ms","timestamp":"2026-08-02 01:00:35"}
{"level":"info","message":"POST /api/auth/login 200 - 75ms","timestamp":"2026-08-02 01:00:45"}
{"level":"info","message":"[SOCKET] Conexión establecida: Renato (Renato Corona Landa) [ID: SYx-ojYtnCKjEVcIAAAD]","timestamp":"2026-08-02 01:00:45"}
{"level":"info","message":"[SOCKET] Conexión cerrada: Renato [ID: SYx-ojYtnCKjEVcIAAAD]","timestamp":"2026-08-02 01:00:47"}
{"level":"info","message":"GET /api/catalogos/alcaldias 304 - 14ms","timestamp":"2026-08-02 01:00:47"}
{"level":"info","message":"GET /api/catalogos/te-enteraste 304 - 15ms","timestamp":"2026-08-02 01:00:47"}
{"level":"info","message":"GET /api/catalogos/manifestaciones 304 - 18ms","timestamp":"2026-08-02 01:00:47"}
{"level":"info","message":"GET /api/notificaciones 304 - 30ms","timestamp":"2026-08-02 01:00:47"}
{"level":"info","message":"[SOCKET] Conexión establecida: Renato (Renato Corona Landa) [ID: VP6w5uTA60SLcjhrAAAF]","timestamp":"2026-08-02 01:00:47"}
{"level":"info","message":"GET /api/participante/mi-registro 200 - 16ms","timestamp":"2026-08-02 01:00:47"}
{"level":"info","message":"GET /api/documentos/descargar-acuse 200 - 13ms","timestamp":"2026-08-02 01:01:07"}
{"level":"info","message":"GET /api/documentos/obtener-acuse?token=eyJhbGciOiJIUzI1NiIsInR5cCI6IkpXVCJ9.eyJpZF9wYXJ0aWNpcGFudGUiOjIsImlkX3VzdWFyaW8iOjQsImp0aSI6IjZlZDAzMDk1LWE3ODItNGJjYS04MTM5LWE3N2M0YzJiZWYzMiIsImlhdCI6MTc4NTY1NDA2NywiZXhwIjoxNzg1NjU0OTY3fQ.b2gUQTjv8Qy_OOynk4ut49CmjrazvLRYlz9JAC63wjc 200 - 81ms","timestamp":"2026-08-02 01:01:07"}
{"level":"info","message":"GET /api/participante/mi-registro 200 - 21ms","timestamp":"2026-08-02 01:01:09"}
{"level":"info","message":"GET /api/notificaciones 304 - 5ms","timestamp":"2026-08-02 01:01:43"}
{"level":"info","message":"GET /api/notificaciones 304 - 5ms","timestamp":"2026-08-02 01:01:47"}
{"level":"info","message":"[SOCKET] Conexión cerrada: Renato [ID: VP6w5uTA60SLcjhrAAAF]","timestamp":"2026-08-02 01:02:42"}
{"level":"info","message":"GET /api/notificaciones 304 - 4ms","timestamp":"2026-08-02 01:02:42"}
{"level":"info","message":"GET /api/catalogos/te-enteraste 304 - 2ms","timestamp":"2026-08-02 01:02:42"}
{"level":"info","message":"GET /api/catalogos/alcaldias 304 - 6ms","timestamp":"2026-08-02 01:02:42"}
{"level":"info","message":"GET /api/catalogos/manifestaciones 304 - 7ms","timestamp":"2026-08-02 01:02:42"}
{"level":"info","message":"[SOCKET] Conexión establecida: Renato (Renato Corona Landa) [ID: AJHIpFUC0u15fWhrAAAI]","timestamp":"2026-08-02 01:02:43"}
{"level":"info","message":"GET /api/participante/mi-registro 304 - 8ms","timestamp":"2026-08-02 01:02:43"}
{"level":"info","message":"[SOCKET] Conexión establecida: Renato (Renato Corona Landa) [ID: FHdeWAQ5w-pZbNtpAAAB]","timestamp":"2026-08-02 01:02:53"}
{"level":"info","message":"GET /api/notificaciones 304 - 11ms","timestamp":"2026-08-02 01:03:59"}
{"level":"info","message":"[SOCKET] Forzando cierre de conexión para usuario ID: 4","timestamp":"2026-08-02 01:04:04"}
{"level":"info","message":"[SOCKET] Conexión cerrada: Renato [ID: FHdeWAQ5w-pZbNtpAAAB]","timestamp":"2026-08-02 01:04:04"}
{"level":"info","message":"POST /api/auth/logout 200 - 26ms","timestamp":"2026-08-02 01:04:04"}
{"level":"info","message":"POST /api/auth/login 200 - 86ms","timestamp":"2026-08-02 01:04:50"}
{"level":"info","message":"[SOCKET] Conexión establecida: admin (Superadmin Sistema IECM) [ID: 0JvE0qUzaI8yM-qQAAAD]","timestamp":"2026-08-02 01:04:50"}
{"level":"info","message":"[SOCKET] Conexión cerrada: admin [ID: 0JvE0qUzaI8yM-qQAAAD]","timestamp":"2026-08-02 01:04:52"}
{"level":"info","message":"GET /api/notificaciones 304 - 21ms","timestamp":"2026-08-02 01:04:52"}
{"level":"info","message":"[SOCKET] Conexión establecida: admin (Superadmin Sistema IECM) [ID: 0onZh7xISgiMv18VAAAF]","timestamp":"2026-08-02 01:04:52"}
{"level":"info","message":"GET /api/superadmin/usuarios 304 - 24ms","timestamp":"2026-08-02 01:04:52"}
{"level":"info","message":"PUT /api/superadmin/usuarios/7 200 - 98ms","timestamp":"2026-08-02 01:05:55"}
{"level":"info","message":"GET /api/superadmin/usuarios 304 - 7ms","timestamp":"2026-08-02 01:05:55"}
{"level":"info","message":"PUT /api/superadmin/usuarios/1 200 - 101ms","timestamp":"2026-08-02 01:06:10"}
{"level":"info","message":"GET /api/superadmin/usuarios 200 - 6ms","timestamp":"2026-08-02 01:06:10"}
{"level":"info","message":"[SOCKET] Forzando cierre de conexión para usuario ID: 1","timestamp":"2026-08-02 01:06:16"}
{"level":"info","message":"[SOCKET] Conexión cerrada: admin [ID: 0onZh7xISgiMv18VAAAF]","timestamp":"2026-08-02 01:06:16"}
{"level":"info","message":"POST /api/auth/logout 200 - 16ms","timestamp":"2026-08-02 01:06:16"}
{"level":"info","message":"POST /api/auth/login 200 - 96ms","timestamp":"2026-08-02 01:06:25"}
{"level":"info","message":"[SOCKET] Conexión establecida: validador (Validador Valdes IECM) [ID: XmJ5TWgualHF7rypAAAH]","timestamp":"2026-08-02 01:06:25"}
{"level":"info","message":"[SOCKET] Conexión cerrada: validador [ID: XmJ5TWgualHF7rypAAAH]","timestamp":"2026-08-02 01:06:27"}
{"level":"info","message":"GET /api/notificaciones 304 - 5ms","timestamp":"2026-08-02 01:06:27"}
{"level":"info","message":"GET /api/admin/participantes 200 - 8ms","timestamp":"2026-08-02 01:06:27"}
{"level":"info","message":"[SOCKET] Conexión establecida: validador (Validador Valdes IECM) [ID: yfNa_86xHH6ea_oaAAAJ]","timestamp":"2026-08-02 01:06:27"}
{"level":"info","message":"GET /api/admin/participantes 304 - 9ms","timestamp":"2026-08-02 01:06:36"}
{"level":"info","message":"GET /api/documentos/0486d588-738c-4a6a-814a-356da9d79f03.pdf?token=eyJhbGciOiJIUzI1NiIsInR5cCI6IkpXVCJ9.eyJpZF91c3VhcmlvIjo3LCJ1c3VhcmlvIjoidmFsaWRhZG9yIiwiaWRfdGlwb3VzdWFyaW8iOjIsInNlc3Npb25faWQiOiI3Yjc4OTI1Zi03NTM5LTRiZWUtOTI4OC03ZjZkNjYxZjhmZWUiLCJpYXQiOjE3ODU2NTQzODUsImV4cCI6MTc4NTY4MzE4NX0.nRQSq9qriFhFSPDq9uJsKEssvKsSBCegnnit_7g6JL8 200 - 9ms","timestamp":"2026-08-02 01:07:06"}
{"level":"info","message":"GET /api/admin/reportes/excel?tipo=registrados&token=eyJhbGciOiJIUzI1NiIsInR5cCI6IkpXVCJ9.eyJpZF91c3VhcmlvIjo3LCJ1c3VhcmlvIjoidmFsaWRhZG9yIiwiaWRfdGlwb3VzdWFyaW8iOjIsInNlc3Npb25faWQiOiI3Yjc4OTI1Zi03NTM5LTRiZWUtOTI4OC03ZjZkNjYxZjhmZWUiLCJpYXQiOjE3ODU2NTQzODUsImV4cCI6MTc4NTY4MzE4NX0.nRQSq9qriFhFSPDq9uJsKEssvKsSBCegnnit_7g6JL8 401 - 1ms","timestamp":"2026-08-03 08:45:08"}
{"level":"info","message":"GET /api/admin/participantes 401 - 1ms","timestamp":"2026-08-03 08:45:15"}
{"level":"info","message":"[SOCKET] Conexión cerrada: validador [ID: yfNa_86xHH6ea_oaAAAJ]","timestamp":"2026-08-03 08:45:15"}
{"level":"info","message":"POST /api/auth/login 200 - 61ms","timestamp":"2026-08-03 08:47:44"}
{"level":"info","message":"[SOCKET] Conexión establecida: superadmin (Superadmin Sistema IECM) [ID: ZNfrdy256qEwyxOqAAAL]","timestamp":"2026-08-03 08:47:44"}
{"level":"info","message":"[SOCKET] Conexión cerrada: superadmin [ID: ZNfrdy256qEwyxOqAAAL]","timestamp":"2026-08-03 08:47:46"}
{"level":"info","message":"GET /api/notificaciones 304 - 5ms","timestamp":"2026-08-03 08:47:46"}
{"level":"info","message":"GET /api/superadmin/usuarios 200 - 4ms","timestamp":"2026-08-03 08:47:46"}
{"level":"info","message":"[SOCKET] Conexión establecida: superadmin (Superadmin Sistema IECM) [ID: 8FtpZVqg4ZoJa06wAAAN]","timestamp":"2026-08-03 08:47:46"}
{"level":"info","message":"GET /api/superadmin/convocatorias 304 - 5ms","timestamp":"2026-08-03 08:47:50"}
{"level":"info","message":"GET /api/superadmin/estadisticas?id_convocatoria=1 304 - 10ms","timestamp":"2026-08-03 08:47:50"}
{"level":"info","message":"GET /api/superadmin/sesiones 200 - 3ms","timestamp":"2026-08-03 08:47:52"}
{"level":"info","message":"GET /api/superadmin/usuarios 200 - 4ms","timestamp":"2026-08-03 08:47:55"}
{"level":"info","message":"GET /api/superadmin/convocatorias 304 - 4ms","timestamp":"2026-08-03 08:47:58"}
{"level":"info","message":"GET /api/superadmin/estadisticas?id_convocatoria=1 304 - 8ms","timestamp":"2026-08-03 08:47:58"}
{"level":"info","message":"GET /api/superadmin/usuarios 304 - 4ms","timestamp":"2026-08-03 08:48:52"}
{"level":"info","message":"GET /api/superadmin/sesiones 304 - 3ms","timestamp":"2026-08-03 08:49:17"}
{"level":"info","message":"GET /api/superadmin/sesiones 304 - 2ms","timestamp":"2026-08-03 08:49:22"}
{"level":"info","message":"GET /api/superadmin/sesiones 304 - 2ms","timestamp":"2026-08-03 08:49:27"}
{"level":"info","message":"GET /api/superadmin/sesiones 304 - 3ms","timestamp":"2026-08-03 08:49:32"}
{"level":"info","message":"GET /api/superadmin/sesiones 304 - 2ms","timestamp":"2026-08-03 08:49:37"}
{"level":"info","message":"GET /api/superadmin/sesiones 304 - 3ms","timestamp":"2026-08-03 08:49:42"}
{"level":"info","message":"GET /api/superadmin/sesiones 304 - 2ms","timestamp":"2026-08-03 08:49:47"}
{"level":"info","message":"GET /api/superadmin/sesiones 304 - 2ms","timestamp":"2026-08-03 08:49:52"}
{"level":"info","message":"GET /api/superadmin/sesiones 304 - 3ms","timestamp":"2026-08-03 08:49:57"}
{"level":"info","message":"GET /api/superadmin/convocatorias 304 - 4ms","timestamp":"2026-08-03 08:49:58"}
{"level":"info","message":"GET /api/superadmin/estadisticas?id_convocatoria=1 304 - 9ms","timestamp":"2026-08-03 08:49:58"}
{"level":"info","message":"GET /api/superadmin/usuarios 304 - 5ms","timestamp":"2026-08-03 08:50:04"}
{"level":"info","message":"GET /api/admin/participantes 304 - 8ms","timestamp":"2026-08-03 08:51:07"}
{"level":"info","message":"GET /api/superadmin/sesiones 304 - 2ms","timestamp":"2026-08-03 08:51:12"}
{"level":"info","message":"GET /api/superadmin/sesiones 304 - 3ms","timestamp":"2026-08-03 08:51:17"}
{"level":"info","message":"GET /api/superadmin/sesiones 304 - 5ms","timestamp":"2026-08-03 08:51:22"}
{"level":"info","message":"GET /api/superadmin/sesiones 304 - 2ms","timestamp":"2026-08-03 08:51:27"}
{"level":"info","message":"GET /api/superadmin/sesiones 304 - 2ms","timestamp":"2026-08-03 08:51:32"}
{"level":"info","message":"GET /api/superadmin/sesiones 304 - 2ms","timestamp":"2026-08-03 08:51:37"}
{"level":"info","message":"GET /api/superadmin/sesiones 304 - 2ms","timestamp":"2026-08-03 08:51:42"}
{"level":"info","message":"GET /api/superadmin/sesiones 304 - 2ms","timestamp":"2026-08-03 08:51:47"}
{"level":"info","message":"GET /api/superadmin/sesiones 304 - 2ms","timestamp":"2026-08-03 08:51:52"}
{"level":"info","message":"GET /api/superadmin/sesiones 304 - 2ms","timestamp":"2026-08-03 08:51:57"}
{"level":"info","message":"GET /api/superadmin/sesiones 304 - 3ms","timestamp":"2026-08-03 08:52:02"}
{"level":"info","message":"GET /api/superadmin/sesiones 304 - 2ms","timestamp":"2026-08-03 08:52:07"}
{"level":"info","message":"GET /api/superadmin/sesiones 304 - 2ms","timestamp":"2026-08-03 08:52:12"}
{"level":"info","message":"GET /api/superadmin/sesiones 304 - 2ms","timestamp":"2026-08-03 08:52:17"}
{"level":"info","message":"GET /api/superadmin/sesiones 304 - 2ms","timestamp":"2026-08-03 08:53:10"}
{"level":"info","message":"GET /api/superadmin/sesiones 304 - 2ms","timestamp":"2026-08-03 08:53:37"}
{"level":"info","message":"GET /api/superadmin/usuarios 304 - 5ms","timestamp":"2026-08-03 08:53:38"}
{"level":"info","message":"GET /api/superadmin/sesiones 304 - 2ms","timestamp":"2026-08-03 08:53:43"}
{"level":"info","message":"GET /api/superadmin/sesiones 304 - 2ms","timestamp":"2026-08-03 08:53:48"}
{"level":"info","message":"GET /api/superadmin/sesiones 304 - 2ms","timestamp":"2026-08-03 08:53:53"}
{"level":"info","message":"GET /api/superadmin/sesiones 304 - 3ms","timestamp":"2026-08-03 08:53:58"}
{"level":"info","message":"GET /api/superadmin/sesiones 304 - 4ms","timestamp":"2026-08-03 08:54:03"}
{"level":"info","message":"POST /api/auth/login 200 - 73ms","timestamp":"2026-08-03 08:54:05"}
{"level":"info","message":"[SOCKET] Conexión establecida: Renato (Renato Corona Landa) [ID: 1_XLwxlGLELsCe27AAAP]","timestamp":"2026-08-03 08:54:05"}
{"level":"info","message":"[SOCKET] Conexión cerrada: Renato [ID: 1_XLwxlGLELsCe27AAAP]","timestamp":"2026-08-03 08:54:07"}
{"level":"info","message":"GET /api/notificaciones 200 - 6ms","timestamp":"2026-08-03 08:54:07"}
{"level":"info","message":"GET /api/catalogos/alcaldias 200 - 5ms","timestamp":"2026-08-03 08:54:07"}
{"level":"info","message":"GET /api/catalogos/manifestaciones 200 - 11ms","timestamp":"2026-08-03 08:54:07"}
{"level":"info","message":"GET /api/catalogos/te-enteraste 200 - 11ms","timestamp":"2026-08-03 08:54:07"}
{"level":"info","message":"[SOCKET] Conexión establecida: Renato (Renato Corona Landa) [ID: 9IgKqFMtvOWT8scyAAAR]","timestamp":"2026-08-03 08:54:07"}
{"level":"info","message":"GET /api/participante/mi-registro 200 - 9ms","timestamp":"2026-08-03 08:54:07"}
{"level":"info","message":"GET /api/superadmin/sesiones 200 - 2ms","timestamp":"2026-08-03 08:54:08"}
{"level":"info","message":"GET /api/superadmin/usuarios 200 - 9ms","timestamp":"2026-08-03 08:54:09"}
{"level":"info","message":"GET /api/superadmin/sesiones 304 - 4ms","timestamp":"2026-08-03 08:54:11"}
{"level":"info","message":"[SOCKET] Forzando cierre de conexión para usuario ID: 4","timestamp":"2026-08-03 08:54:15"}
{"level":"info","message":"[SOCKET] Conexión cerrada: Renato [ID: 9IgKqFMtvOWT8scyAAAR]","timestamp":"2026-08-03 08:54:15"}
{"level":"info","message":"POST /api/superadmin/sesiones/kick 200 - 12ms","timestamp":"2026-08-03 08:54:15"}
{"level":"info","message":"GET /api/superadmin/sesiones 200 - 3ms","timestamp":"2026-08-03 08:54:15"}
{"level":"info","message":"GET /api/superadmin/sesiones 304 - 3ms","timestamp":"2026-08-03 08:54:16"}
{"level":"info","message":"GET /api/superadmin/sesiones 304 - 3ms","timestamp":"2026-08-03 08:54:21"}
{"level":"info","message":"GET /api/superadmin/sesiones 304 - 3ms","timestamp":"2026-08-03 08:54:26"}
{"level":"info","message":"GET /api/superadmin/sesiones 304 - 2ms","timestamp":"2026-08-03 08:54:31"}
{"level":"info","message":"POST /api/auth/login 200 - 68ms","timestamp":"2026-08-03 08:54:33"}
{"level":"info","message":"[SOCKET] Conexión establecida: Renato (Renato Corona Landa) [ID: -zGdy3dFGpddxpAaAAAT]","timestamp":"2026-08-03 08:54:33"}
{"level":"info","message":"[SOCKET] Conexión cerrada: Renato [ID: -zGdy3dFGpddxpAaAAAT]","timestamp":"2026-08-03 08:54:35"}
{"level":"info","message":"GET /api/catalogos/alcaldias 304 - 8ms","timestamp":"2026-08-03 08:54:35"}
{"level":"info","message":"GET /api/catalogos/te-enteraste 304 - 8ms","timestamp":"2026-08-03 08:54:35"}
{"level":"info","message":"GET /api/catalogos/manifestaciones 304 - 9ms","timestamp":"2026-08-03 08:54:35"}
{"level":"info","message":"GET /api/notificaciones 304 - 16ms","timestamp":"2026-08-03 08:54:35"}
{"level":"info","message":"[SOCKET] Conexión establecida: Renato (Renato Corona Landa) [ID: l7JpJZl90hkSXKu3AAAV]","timestamp":"2026-08-03 08:54:35"}
{"level":"info","message":"GET /api/participante/mi-registro 304 - 10ms","timestamp":"2026-08-03 08:54:35"}
{"level":"info","message":"GET /api/superadmin/usuarios 304 - 6ms","timestamp":"2026-08-03 08:54:36"}
{"level":"info","message":"[SOCKET] Conexión establecida: superadmin (Superadmin Sistema IECM) [ID: cpTFM-7hPHQREaFfAAAB]","timestamp":"2026-08-03 09:18:17"}
{"level":"info","message":"[SOCKET] Conexión establecida: Renato (Renato Corona Landa) [ID: IHkuPHcRnQrjFNoPAAAD]","timestamp":"2026-08-03 09:18:21"}
{"level":"info","message":"GET /api/superadmin/usuarios 304 - 11ms","timestamp":"2026-08-03 09:18:34"}
{"level":"info","message":"GET /api/superadmin/usuarios 304 - 5ms","timestamp":"2026-08-03 09:18:38"}
{"level":"info","message":"GET /api/superadmin/usuarios 304 - 4ms","timestamp":"2026-08-03 09:18:42"}
{"level":"info","message":"GET /api/superadmin/usuarios 304 - 5ms","timestamp":"2026-08-03 09:18:46"}
{"level":"info","message":"GET /api/superadmin/usuarios 304 - 6ms","timestamp":"2026-08-03 09:18:50"}
{"level":"info","message":"GET /api/superadmin/usuarios 304 - 6ms","timestamp":"2026-08-03 09:18:54"}
{"level":"info","message":"GET /api/superadmin/usuarios 304 - 5ms","timestamp":"2026-08-03 09:18:58"}
{"level":"info","message":"GET /api/superadmin/usuarios 304 - 4ms","timestamp":"2026-08-03 09:19:02"}
{"level":"info","message":"GET /api/superadmin/usuarios 304 - 6ms","timestamp":"2026-08-03 09:19:06"}
{"level":"info","message":"GET /api/superadmin/usuarios 304 - 5ms","timestamp":"2026-08-03 09:19:10"}
{"level":"info","message":"GET /api/superadmin/usuarios 304 - 5ms","timestamp":"2026-08-03 09:19:14"}
{"level":"info","message":"GET /api/superadmin/usuarios 304 - 6ms","timestamp":"2026-08-03 09:19:18"}
{"level":"info","message":"GET /api/superadmin/usuarios 304 - 4ms","timestamp":"2026-08-03 09:19:22"}
{"level":"info","message":"GET /api/superadmin/usuarios 304 - 6ms","timestamp":"2026-08-03 09:19:26"}
{"level":"info","message":"GET /api/superadmin/usuarios 304 - 5ms","timestamp":"2026-08-03 09:19:30"}
{"level":"info","message":"[SOCKET] Conexión cerrada: superadmin [ID: cpTFM-7hPHQREaFfAAAB]","timestamp":"2026-08-03 09:19:33"}
{"level":"info","message":"[SOCKET] Conexión cerrada: Renato [ID: IHkuPHcRnQrjFNoPAAAD]","timestamp":"2026-08-03 09:19:33"}
{"level":"info","message":"GET /api/notificaciones 304 - 18ms","timestamp":"2026-08-03 09:19:56"}
{"level":"info","message":"GET /api/superadmin/usuarios 200 - 19ms","timestamp":"2026-08-03 09:19:56"}
{"level":"info","message":"[SOCKET] Conexión establecida: superadmin (Superadmin Sistema IECM) [ID: xqH7NKidBRGcHNkxAAAG]","timestamp":"2026-08-03 09:19:56"}
{"level":"info","message":"GET /api/notificaciones 304 - 6ms","timestamp":"2026-08-03 09:19:56"}
{"level":"info","message":"GET /api/catalogos/manifestaciones 304 - 3ms","timestamp":"2026-08-03 09:19:56"}
{"level":"info","message":"GET /api/catalogos/alcaldias 304 - 4ms","timestamp":"2026-08-03 09:19:56"}
{"level":"info","message":"GET /api/catalogos/te-enteraste 304 - 5ms","timestamp":"2026-08-03 09:19:56"}
{"level":"info","message":"[SOCKET] Conexión establecida: Renato (Renato Corona Landa) [ID: bvkJ-gS4cU4hx_2vAAAJ]","timestamp":"2026-08-03 09:19:56"}
{"level":"info","message":"GET /api/participante/mi-registro 304 - 12ms","timestamp":"2026-08-03 09:19:56"}
{"level":"info","message":"GET /api/superadmin/usuarios 200 - 7ms","timestamp":"2026-08-03 09:20:00"}
{"level":"info","message":"[SOCKET] Conexión establecida: Renato (Renato Corona Landa) [ID: LYLcl9993e6bAZRrAAAB]","timestamp":"2026-08-03 09:20:03"}
{"level":"info","message":"GET /api/superadmin/usuarios 200 - 8ms","timestamp":"2026-08-03 09:20:04"}
{"level":"info","message":"[SOCKET] Conexión establecida: superadmin (Superadmin Sistema IECM) [ID: 4Or-lLnQvUzFcsE0AAAD]","timestamp":"2026-08-03 09:20:05"}
{"level":"info","message":"GET /api/superadmin/usuarios 200 - 6ms","timestamp":"2026-08-03 09:20:08"}
{"level":"info","message":"GET /api/superadmin/usuarios 304 - 5ms","timestamp":"2026-08-03 09:20:12"}
{"level":"info","message":"GET /api/superadmin/usuarios 304 - 5ms","timestamp":"2026-08-03 09:20:16"}
{"level":"info","message":"GET /api/superadmin/usuarios 304 - 5ms","timestamp":"2026-08-03 09:20:20"}
{"level":"info","message":"GET /api/superadmin/usuarios 304 - 6ms","timestamp":"2026-08-03 09:20:24"}
{"level":"info","message":"GET /api/superadmin/usuarios 304 - 3ms","timestamp":"2026-08-03 09:20:28"}
{"level":"info","message":"GET /api/superadmin/usuarios 304 - 7ms","timestamp":"2026-08-03 09:20:32"}
{"level":"info","message":"GET /api/superadmin/usuarios 304 - 5ms","timestamp":"2026-08-03 09:20:36"}
{"level":"info","message":"GET /api/superadmin/usuarios 304 - 5ms","timestamp":"2026-08-03 09:20:40"}
{"level":"info","message":"GET /api/superadmin/usuarios 304 - 5ms","timestamp":"2026-08-03 09:20:44"}
{"level":"info","message":"GET /api/superadmin/usuarios 304 - 4ms","timestamp":"2026-08-03 09:20:48"}
{"level":"info","message":"GET /api/superadmin/usuarios 304 - 6ms","timestamp":"2026-08-03 09:20:52"}
{"level":"info","message":"GET /api/superadmin/usuarios 304 - 5ms","timestamp":"2026-08-03 09:20:56"}
{"level":"info","message":"GET /api/superadmin/usuarios 304 - 6ms","timestamp":"2026-08-03 09:21:00"}
{"level":"info","message":"GET /api/superadmin/usuarios 304 - 5ms","timestamp":"2026-08-03 09:21:04"}
{"level":"info","message":"GET /api/superadmin/usuarios 304 - 4ms","timestamp":"2026-08-03 09:21:08"}
{"level":"info","message":"GET /api/superadmin/usuarios 304 - 6ms","timestamp":"2026-08-03 09:21:12"}
{"level":"info","message":"GET /api/superadmin/usuarios 304 - 6ms","timestamp":"2026-08-03 09:21:16"}
{"level":"info","message":"GET /api/superadmin/usuarios 304 - 4ms","timestamp":"2026-08-03 09:21:20"}
{"level":"info","message":"GET /api/superadmin/usuarios 304 - 4ms","timestamp":"2026-08-03 09:21:24"}
{"level":"info","message":"GET /api/superadmin/usuarios 304 - 6ms","timestamp":"2026-08-03 09:21:28"}
{"level":"info","message":"GET /api/superadmin/usuarios 304 - 5ms","timestamp":"2026-08-03 09:21:32"}
{"level":"info","message":"GET /api/superadmin/usuarios 304 - 5ms","timestamp":"2026-08-03 09:21:36"}
{"level":"info","message":"GET /api/superadmin/usuarios 304 - 4ms","timestamp":"2026-08-03 09:21:40"}
{"level":"info","message":"GET /api/superadmin/usuarios 304 - 5ms","timestamp":"2026-08-03 09:21:44"}
{"level":"info","message":"GET /api/superadmin/usuarios 304 - 6ms","timestamp":"2026-08-03 09:21:48"}
{"level":"info","message":"GET /api/superadmin/usuarios 304 - 5ms","timestamp":"2026-08-03 09:21:52"}
{"level":"info","message":"GET /api/superadmin/usuarios 304 - 4ms","timestamp":"2026-08-03 09:21:56"}
{"level":"info","message":"GET /api/superadmin/usuarios 304 - 4ms","timestamp":"2026-08-03 09:22:00"}
{"level":"info","message":"GET /api/superadmin/usuarios 304 - 5ms","timestamp":"2026-08-03 09:22:04"}
{"level":"info","message":"GET /api/superadmin/usuarios 304 - 6ms","timestamp":"2026-08-03 09:22:08"}
{"level":"info","message":"GET /api/superadmin/usuarios 304 - 4ms","timestamp":"2026-08-03 09:22:12"}
{"level":"info","message":"GET /api/superadmin/usuarios 304 - 4ms","timestamp":"2026-08-03 09:22:16"}
{"level":"info","message":"GET /api/superadmin/usuarios 304 - 4ms","timestamp":"2026-08-03 09:22:20"}
{"level":"info","message":"GET /api/superadmin/usuarios 304 - 4ms","timestamp":"2026-08-03 09:22:24"}
{"level":"info","message":"GET /api/superadmin/usuarios 304 - 3ms","timestamp":"2026-08-03 09:22:28"}
{"level":"info","message":"GET /api/superadmin/usuarios 304 - 5ms","timestamp":"2026-08-03 09:22:32"}
{"level":"info","message":"GET /api/superadmin/usuarios 304 - 3ms","timestamp":"2026-08-03 09:22:36"}
{"level":"info","message":"GET /api/superadmin/usuarios 304 - 4ms","timestamp":"2026-08-03 09:22:40"}
{"level":"info","message":"GET /api/superadmin/usuarios 304 - 3ms","timestamp":"2026-08-03 09:22:44"}
{"level":"info","message":"GET /api/superadmin/usuarios 304 - 3ms","timestamp":"2026-08-03 09:22:48"}
{"level":"info","message":"GET /api/superadmin/usuarios 304 - 3ms","timestamp":"2026-08-03 09:22:52"}
{"level":"info","message":"GET /api/superadmin/usuarios 304 - 4ms","timestamp":"2026-08-03 09:22:56"}
{"level":"info","message":"GET /api/superadmin/usuarios 304 - 3ms","timestamp":"2026-08-03 09:23:00"}
{"level":"info","message":"GET /api/superadmin/usuarios 304 - 6ms","timestamp":"2026-08-03 09:23:04"}
{"level":"info","message":"GET /api/superadmin/usuarios 304 - 5ms","timestamp":"2026-08-03 09:23:08"}
{"level":"info","message":"GET /api/superadmin/usuarios 304 - 5ms","timestamp":"2026-08-03 09:23:12"}
{"level":"info","message":"GET /api/superadmin/usuarios 304 - 4ms","timestamp":"2026-08-03 09:23:16"}
{"level":"info","message":"GET /api/superadmin/usuarios 304 - 4ms","timestamp":"2026-08-03 09:23:20"}
{"level":"info","message":"GET /api/superadmin/usuarios 304 - 6ms","timestamp":"2026-08-03 09:23:24"}
{"level":"info","message":"GET /api/superadmin/usuarios 304 - 4ms","timestamp":"2026-08-03 09:23:28"}
{"level":"info","message":"GET /api/superadmin/usuarios 304 - 4ms","timestamp":"2026-08-03 09:23:32"}
{"level":"info","message":"GET /api/superadmin/usuarios 304 - 5ms","timestamp":"2026-08-03 09:23:36"}
{"level":"info","message":"GET /api/superadmin/usuarios 304 - 5ms","timestamp":"2026-08-03 09:23:40"}
{"level":"info","message":"GET /api/superadmin/usuarios 304 - 3ms","timestamp":"2026-08-03 09:23:44"}
{"level":"info","message":"GET /api/superadmin/usuarios 304 - 5ms","timestamp":"2026-08-03 09:23:48"}
{"level":"info","message":"GET /api/superadmin/usuarios 304 - 4ms","timestamp":"2026-08-03 09:23:52"}
{"level":"info","message":"GET /api/superadmin/usuarios 304 - 5ms","timestamp":"2026-08-03 09:23:56"}
{"level":"info","message":"GET /api/superadmin/usuarios 304 - 7ms","timestamp":"2026-08-03 09:24:00"}
{"level":"info","message":"GET /api/superadmin/usuarios 304 - 5ms","timestamp":"2026-08-03 09:24:04"}
{"level":"info","message":"GET /api/superadmin/usuarios 304 - 4ms","timestamp":"2026-08-03 09:24:08"}
{"level":"info","message":"GET /api/superadmin/usuarios 304 - 5ms","timestamp":"2026-08-03 09:24:12"}
{"level":"info","message":"GET /api/superadmin/usuarios 304 - 4ms","timestamp":"2026-08-03 09:24:16"}
{"level":"info","message":"GET /api/superadmin/usuarios 304 - 3ms","timestamp":"2026-08-03 09:24:20"}
{"level":"info","message":"GET /api/superadmin/usuarios 304 - 3ms","timestamp":"2026-08-03 09:24:24"}
{"level":"info","message":"GET /api/superadmin/usuarios 304 - 5ms","timestamp":"2026-08-03 09:24:28"}
{"level":"info","message":"GET /api/superadmin/usuarios 304 - 3ms","timestamp":"2026-08-03 09:24:32"}
{"level":"info","message":"GET /api/superadmin/usuarios 304 - 5ms","timestamp":"2026-08-03 09:24:36"}
{"level":"info","message":"GET /api/superadmin/usuarios 304 - 4ms","timestamp":"2026-08-03 09:24:40"}
{"level":"info","message":"GET /api/superadmin/usuarios 304 - 4ms","timestamp":"2026-08-03 09:24:44"}
{"level":"info","message":"GET /api/superadmin/usuarios 304 - 5ms","timestamp":"2026-08-03 09:24:48"}
{"level":"info","message":"GET /api/superadmin/usuarios 304 - 5ms","timestamp":"2026-08-03 09:24:52"}
{"level":"info","message":"GET /api/superadmin/usuarios 304 - 3ms","timestamp":"2026-08-03 09:24:56"}
{"level":"info","message":"GET /api/superadmin/usuarios 304 - 5ms","timestamp":"2026-08-03 09:25:00"}
{"level":"info","message":"GET /api/superadmin/usuarios 304 - 5ms","timestamp":"2026-08-03 09:25:04"}
{"level":"info","message":"GET /api/superadmin/usuarios 304 - 3ms","timestamp":"2026-08-03 09:25:08"}
{"level":"info","message":"GET /api/superadmin/usuarios 304 - 5ms","timestamp":"2026-08-03 09:25:12"}
{"level":"info","message":"GET /api/superadmin/usuarios 304 - 5ms","timestamp":"2026-08-03 09:25:16"}
{"level":"info","message":"GET /api/superadmin/usuarios 304 - 5ms","timestamp":"2026-08-03 09:25:20"}
{"level":"info","message":"GET /api/superadmin/usuarios 304 - 5ms","timestamp":"2026-08-03 09:25:24"}
{"level":"info","message":"GET /api/superadmin/usuarios 304 - 4ms","timestamp":"2026-08-03 09:25:28"}
{"level":"info","message":"GET /api/superadmin/usuarios 304 - 5ms","timestamp":"2026-08-03 09:25:32"}
{"level":"info","message":"GET /api/superadmin/usuarios 304 - 4ms","timestamp":"2026-08-03 09:25:36"}
{"level":"info","message":"GET /api/superadmin/usuarios 304 - 4ms","timestamp":"2026-08-03 09:25:40"}
{"level":"info","message":"GET /api/superadmin/usuarios 304 - 5ms","timestamp":"2026-08-03 09:25:44"}
{"level":"info","message":"GET /api/superadmin/usuarios 304 - 5ms","timestamp":"2026-08-03 09:25:48"}
{"level":"info","message":"GET /api/superadmin/usuarios 304 - 5ms","timestamp":"2026-08-03 09:25:52"}
{"level":"info","message":"GET /api/superadmin/usuarios 304 - 4ms","timestamp":"2026-08-03 09:25:56"}
{"level":"info","message":"GET /api/superadmin/usuarios 304 - 5ms","timestamp":"2026-08-03 09:26:00"}
{"level":"info","message":"GET /api/superadmin/usuarios 304 - 4ms","timestamp":"2026-08-03 09:26:04"}
{"level":"info","message":"GET /api/superadmin/usuarios 304 - 5ms","timestamp":"2026-08-03 09:26:08"}
{"level":"info","message":"GET /api/superadmin/usuarios 304 - 5ms","timestamp":"2026-08-03 09:26:12"}
{"level":"info","message":"GET /api/superadmin/usuarios 304 - 4ms","timestamp":"2026-08-03 09:26:16"}
{"level":"info","message":"GET /api/superadmin/usuarios 304 - 3ms","timestamp":"2026-08-03 09:26:20"}
{"level":"info","message":"GET /api/superadmin/usuarios 304 - 4ms","timestamp":"2026-08-03 09:26:24"}
{"level":"info","message":"GET /api/superadmin/usuarios 304 - 4ms","timestamp":"2026-08-03 09:26:28"}
{"level":"info","message":"GET /api/superadmin/usuarios 304 - 4ms","timestamp":"2026-08-03 09:26:32"}
{"level":"info","message":"GET /api/superadmin/usuarios 304 - 4ms","timestamp":"2026-08-03 09:26:36"}
{"level":"info","message":"GET /api/superadmin/usuarios 304 - 4ms","timestamp":"2026-08-03 09:26:40"}
{"level":"info","message":"GET /api/superadmin/usuarios 304 - 4ms","timestamp":"2026-08-03 09:26:44"}
{"level":"info","message":"GET /api/superadmin/usuarios 304 - 4ms","timestamp":"2026-08-03 09:26:48"}
{"level":"info","message":"GET /api/superadmin/usuarios 304 - 5ms","timestamp":"2026-08-03 09:26:52"}
{"level":"info","message":"GET /api/superadmin/usuarios 304 - 6ms","timestamp":"2026-08-03 09:26:56"}
{"level":"info","message":"GET /api/superadmin/usuarios 304 - 3ms","timestamp":"2026-08-03 09:27:00"}
{"level":"info","message":"GET /api/superadmin/usuarios 304 - 4ms","timestamp":"2026-08-03 09:27:04"}
{"level":"info","message":"GET /api/superadmin/usuarios 304 - 4ms","timestamp":"2026-08-03 09:27:08"}
{"level":"info","message":"GET /api/superadmin/usuarios 304 - 4ms","timestamp":"2026-08-03 09:27:12"}
{"level":"info","message":"GET /api/superadmin/usuarios 304 - 4ms","timestamp":"2026-08-03 09:27:16"}
{"level":"info","message":"GET /api/superadmin/usuarios 304 - 4ms","timestamp":"2026-08-03 09:27:20"}
{"level":"info","message":"GET /api/superadmin/usuarios 304 - 5ms","timestamp":"2026-08-03 09:27:24"}
{"level":"info","message":"GET /api/superadmin/usuarios 304 - 4ms","timestamp":"2026-08-03 09:27:28"}
{"level":"info","message":"GET /api/superadmin/usuarios 304 - 4ms","timestamp":"2026-08-03 09:27:32"}
{"level":"info","message":"GET /api/superadmin/usuarios 304 - 3ms","timestamp":"2026-08-03 09:27:36"}
{"level":"info","message":"GET /api/superadmin/usuarios 304 - 4ms","timestamp":"2026-08-03 09:27:40"}
{"level":"info","message":"GET /api/superadmin/usuarios 304 - 4ms","timestamp":"2026-08-03 09:27:44"}
{"level":"info","message":"GET /api/superadmin/usuarios 304 - 5ms","timestamp":"2026-08-03 09:27:48"}
{"level":"info","message":"GET /api/superadmin/usuarios 304 - 4ms","timestamp":"2026-08-03 09:27:52"}
{"level":"info","message":"GET /api/superadmin/usuarios 304 - 3ms","timestamp":"2026-08-03 09:27:56"}
{"level":"info","message":"GET /api/superadmin/usuarios 304 - 3ms","timestamp":"2026-08-03 09:28:00"}
{"level":"info","message":"GET /api/superadmin/usuarios 304 - 4ms","timestamp":"2026-08-03 09:28:04"}
{"level":"info","message":"GET /api/superadmin/usuarios 304 - 5ms","timestamp":"2026-08-03 09:28:08"}
{"level":"info","message":"GET /api/superadmin/usuarios 304 - 4ms","timestamp":"2026-08-03 09:28:12"}
{"level":"info","message":"GET /api/superadmin/usuarios 304 - 4ms","timestamp":"2026-08-03 09:28:16"}
{"level":"info","message":"GET /api/superadmin/usuarios 304 - 4ms","timestamp":"2026-08-03 09:28:20"}
{"level":"info","message":"GET /api/superadmin/usuarios 304 - 5ms","timestamp":"2026-08-03 09:28:24"}
{"level":"info","message":"GET /api/superadmin/usuarios 304 - 4ms","timestamp":"2026-08-03 09:28:28"}
{"level":"info","message":"GET /api/superadmin/usuarios 304 - 4ms","timestamp":"2026-08-03 09:28:32"}
{"level":"info","message":"GET /api/superadmin/usuarios 304 - 3ms","timestamp":"2026-08-03 09:28:36"}
{"level":"info","message":"GET /api/superadmin/usuarios 304 - 5ms","timestamp":"2026-08-03 09:28:40"}
{"level":"info","message":"GET /api/superadmin/usuarios 304 - 4ms","timestamp":"2026-08-03 09:28:44"}
{"level":"info","message":"GET /api/superadmin/usuarios 304 - 4ms","timestamp":"2026-08-03 09:28:48"}
{"level":"info","message":"GET /api/superadmin/usuarios 304 - 5ms","timestamp":"2026-08-03 09:28:52"}
{"level":"info","message":"GET /api/superadmin/usuarios 304 - 5ms","timestamp":"2026-08-03 09:28:56"}
{"level":"info","message":"GET /api/superadmin/usuarios 304 - 3ms","timestamp":"2026-08-03 09:29:00"}
{"level":"info","message":"GET /api/superadmin/usuarios 304 - 4ms","timestamp":"2026-08-03 09:29:04"}
{"level":"info","message":"GET /api/superadmin/usuarios 304 - 5ms","timestamp":"2026-08-03 09:29:08"}
{"level":"info","message":"GET /api/superadmin/usuarios 304 - 4ms","timestamp":"2026-08-03 09:29:12"}
{"level":"info","message":"GET /api/superadmin/usuarios 304 - 5ms","timestamp":"2026-08-03 09:29:16"}
{"level":"info","message":"GET /api/superadmin/usuarios 304 - 4ms","timestamp":"2026-08-03 09:29:20"}
{"level":"info","message":"GET /api/superadmin/usuarios 304 - 3ms","timestamp":"2026-08-03 09:29:24"}
{"level":"info","message":"GET /api/superadmin/usuarios 304 - 3ms","timestamp":"2026-08-03 09:29:28"}
{"level":"info","message":"GET /api/superadmin/usuarios 304 - 6ms","timestamp":"2026-08-03 09:29:32"}
{"level":"info","message":"GET /api/superadmin/usuarios 304 - 4ms","timestamp":"2026-08-03 09:29:36"}
{"level":"info","message":"GET /api/superadmin/usuarios 304 - 5ms","timestamp":"2026-08-03 09:29:40"}
{"level":"info","message":"GET /api/superadmin/usuarios 304 - 4ms","timestamp":"2026-08-03 09:29:44"}
{"level":"info","message":"GET /api/superadmin/usuarios 304 - 4ms","timestamp":"2026-08-03 09:29:48"}
{"level":"info","message":"GET /api/superadmin/usuarios 304 - 4ms","timestamp":"2026-08-03 09:29:52"}
{"level":"info","message":"GET /api/superadmin/usuarios 304 - 5ms","timestamp":"2026-08-03 09:29:56"}
{"level":"info","message":"GET /api/superadmin/usuarios 304 - 3ms","timestamp":"2026-08-03 09:30:00"}
{"level":"info","message":"GET /api/superadmin/usuarios 304 - 4ms","timestamp":"2026-08-03 09:30:04"}
{"level":"info","message":"GET /api/superadmin/usuarios 304 - 3ms","timestamp":"2026-08-03 09:30:08"}
{"level":"info","message":"GET /api/superadmin/usuarios 304 - 4ms","timestamp":"2026-08-03 09:30:12"}
{"level":"info","message":"GET /api/superadmin/usuarios 304 - 4ms","timestamp":"2026-08-03 09:30:16"}
{"level":"info","message":"GET /api/superadmin/usuarios 304 - 4ms","timestamp":"2026-08-03 09:30:20"}
{"level":"info","message":"GET /api/superadmin/usuarios 304 - 4ms","timestamp":"2026-08-03 09:30:24"}
{"level":"info","message":"GET /api/superadmin/usuarios 304 - 3ms","timestamp":"2026-08-03 09:30:28"}
{"level":"info","message":"GET /api/superadmin/usuarios 304 - 4ms","timestamp":"2026-08-03 09:30:32"}
{"level":"info","message":"GET /api/superadmin/usuarios 304 - 4ms","timestamp":"2026-08-03 09:30:36"}
{"level":"info","message":"GET /api/superadmin/usuarios 304 - 3ms","timestamp":"2026-08-03 09:30:40"}
{"level":"info","message":"GET /api/superadmin/usuarios 304 - 4ms","timestamp":"2026-08-03 09:30:44"}
{"level":"info","message":"GET /api/superadmin/usuarios 304 - 3ms","timestamp":"2026-08-03 09:30:48"}
{"level":"info","message":"GET /api/superadmin/usuarios 304 - 3ms","timestamp":"2026-08-03 09:30:52"}
{"level":"info","message":"GET /api/superadmin/usuarios 304 - 4ms","timestamp":"2026-08-03 09:30:56"}
{"level":"info","message":"GET /api/superadmin/usuarios 304 - 5ms","timestamp":"2026-08-03 09:31:00"}
{"level":"info","message":"GET /api/superadmin/usuarios 304 - 3ms","timestamp":"2026-08-03 09:31:04"}
{"level":"info","message":"GET /api/superadmin/usuarios 304 - 4ms","timestamp":"2026-08-03 09:31:08"}
{"level":"info","message":"GET /api/superadmin/usuarios 304 - 4ms","timestamp":"2026-08-03 09:31:12"}
{"level":"info","message":"GET /api/superadmin/usuarios 304 - 4ms","timestamp":"2026-08-03 09:31:16"}
{"level":"info","message":"GET /api/superadmin/usuarios 304 - 4ms","timestamp":"2026-08-03 09:31:20"}
{"level":"info","message":"GET /api/superadmin/usuarios 304 - 3ms","timestamp":"2026-08-03 09:31:24"}
{"level":"info","message":"GET /api/superadmin/usuarios 304 - 4ms","timestamp":"2026-08-03 09:31:28"}
{"level":"info","message":"GET /api/superadmin/usuarios 304 - 4ms","timestamp":"2026-08-03 09:31:32"}
{"level":"info","message":"GET /api/superadmin/usuarios 304 - 4ms","timestamp":"2026-08-03 09:31:36"}
{"level":"info","message":"GET /api/superadmin/usuarios 304 - 4ms","timestamp":"2026-08-03 09:31:40"}
{"level":"info","message":"GET /api/superadmin/usuarios 304 - 4ms","timestamp":"2026-08-03 09:31:44"}
{"level":"info","message":"GET /api/superadmin/usuarios 304 - 4ms","timestamp":"2026-08-03 09:31:48"}
{"level":"info","message":"GET /api/superadmin/usuarios 304 - 4ms","timestamp":"2026-08-03 09:31:52"}
{"level":"info","message":"GET /api/superadmin/usuarios 304 - 4ms","timestamp":"2026-08-03 09:31:56"}
{"level":"info","message":"GET /api/superadmin/usuarios 304 - 4ms","timestamp":"2026-08-03 09:32:00"}
{"level":"info","message":"GET /api/superadmin/usuarios 304 - 4ms","timestamp":"2026-08-03 09:32:04"}
{"level":"info","message":"GET /api/superadmin/usuarios 304 - 4ms","timestamp":"2026-08-03 09:32:08"}
{"level":"info","message":"GET /api/superadmin/usuarios 304 - 4ms","timestamp":"2026-08-03 09:32:12"}
{"level":"info","message":"GET /api/superadmin/usuarios 304 - 4ms","timestamp":"2026-08-03 09:32:16"}
{"level":"info","message":"GET /api/superadmin/usuarios 304 - 4ms","timestamp":"2026-08-03 09:32:20"}
{"level":"info","message":"GET /api/superadmin/usuarios 304 - 4ms","timestamp":"2026-08-03 09:32:24"}
{"level":"info","message":"GET /api/superadmin/usuarios 304 - 4ms","timestamp":"2026-08-03 09:32:28"}
{"level":"info","message":"GET /api/superadmin/usuarios 304 - 3ms","timestamp":"2026-08-03 09:32:32"}
{"level":"info","message":"GET /api/superadmin/usuarios 304 - 4ms","timestamp":"2026-08-03 09:32:36"}
{"level":"info","message":"GET /api/superadmin/usuarios 304 - 5ms","timestamp":"2026-08-03 09:32:40"}
{"level":"info","message":"GET /api/superadmin/usuarios 304 - 4ms","timestamp":"2026-08-03 09:32:44"}
{"level":"info","message":"GET /api/superadmin/usuarios 304 - 3ms","timestamp":"2026-08-03 09:32:48"}
{"level":"info","message":"GET /api/superadmin/usuarios 304 - 3ms","timestamp":"2026-08-03 09:32:52"}
{"level":"info","message":"GET /api/superadmin/usuarios 304 - 4ms","timestamp":"2026-08-03 09:32:56"}
{"level":"info","message":"GET /api/superadmin/usuarios 304 - 3ms","timestamp":"2026-08-03 09:33:00"}
{"level":"info","message":"GET /api/superadmin/usuarios 304 - 3ms","timestamp":"2026-08-03 09:33:04"}
{"level":"info","message":"GET /api/superadmin/usuarios 304 - 3ms","timestamp":"2026-08-03 09:33:08"}
{"level":"info","message":"GET /api/superadmin/usuarios 304 - 4ms","timestamp":"2026-08-03 09:33:12"}
{"level":"info","message":"GET /api/superadmin/usuarios 304 - 3ms","timestamp":"2026-08-03 09:33:16"}
{"level":"info","message":"[SOCKET] Conexión establecida: superadmin (Superadmin Sistema IECM) [ID: rM4FUxmWrcI6GQuDAAAB]","timestamp":"2026-08-03 09:33:22"}
{"level":"info","message":"[SOCKET] Conexión establecida: Renato (Renato Corona Landa) [ID: vl3wBOtE0I9nx_lsAAAD]","timestamp":"2026-08-03 09:33:22"}
{"level":"info","message":"GET /api/superadmin/usuarios 200 - 6ms","timestamp":"2026-08-03 09:33:24"}
{"level":"info","message":"GET /api/superadmin/usuarios 304 - 5ms","timestamp":"2026-08-03 09:33:28"}
{"level":"info","message":"GET /api/superadmin/usuarios 304 - 5ms","timestamp":"2026-08-03 09:33:32"}
{"level":"info","message":"GET /api/superadmin/usuarios 304 - 4ms","timestamp":"2026-08-03 09:33:36"}
{"level":"info","message":"GET /api/superadmin/usuarios 304 - 5ms","timestamp":"2026-08-03 09:33:40"}
{"level":"info","message":"GET /api/superadmin/usuarios 304 - 5ms","timestamp":"2026-08-03 09:33:44"}
{"level":"info","message":"GET /api/superadmin/usuarios 304 - 4ms","timestamp":"2026-08-03 09:33:48"}
{"level":"info","message":"GET /api/superadmin/usuarios 304 - 5ms","timestamp":"2026-08-03 09:33:52"}
{"level":"info","message":"GET /api/superadmin/usuarios 304 - 4ms","timestamp":"2026-08-03 09:33:56"}
{"level":"info","message":"GET /api/superadmin/usuarios 304 - 4ms","timestamp":"2026-08-03 09:34:00"}
{"level":"info","message":"GET /api/superadmin/usuarios 304 - 4ms","timestamp":"2026-08-03 09:34:01"}
{"level":"info","message":"GET /api/superadmin/usuarios 304 - 3ms","timestamp":"2026-08-03 09:34:05"}
{"level":"info","message":"[SOCKET] Conexión establecida: Renato (Renato Corona Landa) [ID: NvZPd7zaedSpb8fmAAAB]","timestamp":"2026-08-03 09:34:10"}
{"level":"info","message":"[SOCKET] Conexión establecida: superadmin (Superadmin Sistema IECM) [ID: WypXzcvk7SFVQFOAAAAD]","timestamp":"2026-08-03 09:34:12"}
{"level":"info","message":"GET /api/superadmin/usuarios 200 - 6ms","timestamp":"2026-08-03 09:34:13"}
{"level":"info","message":"GET /api/superadmin/usuarios 304 - 7ms","timestamp":"2026-08-03 09:34:17"}
{"level":"info","message":"GET /api/superadmin/usuarios 304 - 6ms","timestamp":"2026-08-03 09:34:21"}
{"level":"info","message":"GET /api/superadmin/usuarios 304 - 5ms","timestamp":"2026-08-03 09:34:25"}
{"level":"info","message":"GET /api/superadmin/usuarios 304 - 4ms","timestamp":"2026-08-03 09:34:29"}
{"level":"info","message":"GET /api/superadmin/usuarios 304 - 4ms","timestamp":"2026-08-03 09:34:33"}
{"level":"info","message":"GET /api/superadmin/usuarios 304 - 4ms","timestamp":"2026-08-03 09:34:37"}
{"level":"info","message":"GET /api/superadmin/usuarios 304 - 4ms","timestamp":"2026-08-03 09:34:41"}
{"level":"info","message":"GET /api/superadmin/usuarios 304 - 5ms","timestamp":"2026-08-03 09:34:45"}
{"level":"info","message":"GET /api/superadmin/usuarios 304 - 9ms","timestamp":"2026-08-03 09:34:49"}
{"level":"info","message":"GET /api/superadmin/usuarios 304 - 11ms","timestamp":"2026-08-03 09:34:53"}
{"level":"info","message":"GET /api/superadmin/usuarios 304 - 6ms","timestamp":"2026-08-03 09:34:57"}
{"level":"info","message":"GET /api/superadmin/usuarios 304 - 5ms","timestamp":"2026-08-03 09:35:01"}
{"level":"info","message":"GET /api/superadmin/usuarios 304 - 4ms","timestamp":"2026-08-03 09:35:05"}
{"level":"info","message":"GET /api/superadmin/usuarios 304 - 4ms","timestamp":"2026-08-03 09:35:09"}
{"level":"info","message":"GET /api/superadmin/usuarios 304 - 5ms","timestamp":"2026-08-03 09:35:13"}
{"level":"info","message":"GET /api/superadmin/usuarios 304 - 5ms","timestamp":"2026-08-03 09:35:17"}
{"level":"info","message":"GET /api/superadmin/usuarios 304 - 4ms","timestamp":"2026-08-03 09:35:21"}
{"level":"info","message":"GET /api/superadmin/usuarios 304 - 4ms","timestamp":"2026-08-03 09:35:25"}
{"level":"info","message":"GET /api/superadmin/usuarios 304 - 4ms","timestamp":"2026-08-03 09:35:29"}
{"level":"info","message":"GET /api/superadmin/usuarios 304 - 3ms","timestamp":"2026-08-03 09:35:33"}
{"level":"info","message":"GET /api/superadmin/usuarios 304 - 4ms","timestamp":"2026-08-03 09:35:37"}
{"level":"info","message":"GET /api/superadmin/usuarios 304 - 4ms","timestamp":"2026-08-03 09:35:41"}
{"level":"info","message":"GET /api/superadmin/usuarios 304 - 4ms","timestamp":"2026-08-03 09:35:45"}
{"level":"info","message":"GET /api/superadmin/usuarios 304 - 4ms","timestamp":"2026-08-03 09:35:49"}
{"level":"info","message":"GET /api/superadmin/usuarios 304 - 4ms","timestamp":"2026-08-03 09:35:53"}
{"level":"info","message":"GET /api/superadmin/usuarios 304 - 5ms","timestamp":"2026-08-03 09:35:57"}
{"level":"info","message":"GET /api/superadmin/usuarios 304 - 4ms","timestamp":"2026-08-03 09:36:01"}
{"level":"info","message":"GET /api/superadmin/usuarios 304 - 5ms","timestamp":"2026-08-03 09:36:05"}
{"level":"info","message":"GET /api/superadmin/usuarios 304 - 4ms","timestamp":"2026-08-03 09:36:09"}
{"level":"info","message":"GET /api/superadmin/usuarios 304 - 4ms","timestamp":"2026-08-03 09:36:13"}
{"level":"info","message":"GET /api/superadmin/usuarios 304 - 3ms","timestamp":"2026-08-03 09:36:17"}
{"level":"info","message":"GET /api/superadmin/usuarios 304 - 4ms","timestamp":"2026-08-03 09:36:21"}
{"level":"info","message":"GET /api/superadmin/usuarios 304 - 4ms","timestamp":"2026-08-03 09:36:25"}
{"level":"info","message":"GET /api/superadmin/usuarios 304 - 4ms","timestamp":"2026-08-03 09:36:29"}
{"level":"info","message":"GET /api/superadmin/usuarios 304 - 3ms","timestamp":"2026-08-03 09:36:33"}
{"level":"info","message":"GET /api/superadmin/usuarios 304 - 4ms","timestamp":"2026-08-03 09:36:37"}
{"level":"info","message":"GET /api/superadmin/usuarios 304 - 4ms","timestamp":"2026-08-03 09:36:41"}
{"level":"info","message":"GET /api/superadmin/usuarios 304 - 5ms","timestamp":"2026-08-03 09:36:45"}
{"level":"info","message":"GET /api/superadmin/usuarios 304 - 3ms","timestamp":"2026-08-03 09:36:49"}
{"level":"info","message":"GET /api/superadmin/usuarios 304 - 5ms","timestamp":"2026-08-03 09:36:53"}
{"level":"info","message":"GET /api/superadmin/usuarios 304 - 4ms","timestamp":"2026-08-03 09:36:57"}
{"level":"info","message":"GET /api/superadmin/usuarios 304 - 3ms","timestamp":"2026-08-03 09:37:01"}
{"level":"info","message":"GET /api/superadmin/usuarios 304 - 4ms","timestamp":"2026-08-03 09:37:05"}
{"level":"info","message":"GET /api/superadmin/usuarios 304 - 3ms","timestamp":"2026-08-03 09:37:09"}
{"level":"info","message":"GET /api/superadmin/usuarios 304 - 5ms","timestamp":"2026-08-03 09:37:13"}
{"level":"info","message":"GET /api/superadmin/usuarios 304 - 3ms","timestamp":"2026-08-03 09:37:17"}
{"level":"info","message":"GET /api/superadmin/usuarios 304 - 4ms","timestamp":"2026-08-03 09:37:21"}
{"level":"info","message":"GET /api/superadmin/usuarios 304 - 3ms","timestamp":"2026-08-03 09:37:25"}
{"level":"info","message":"GET /api/superadmin/usuarios 304 - 3ms","timestamp":"2026-08-03 09:37:29"}
{"level":"info","message":"GET /api/superadmin/usuarios 304 - 3ms","timestamp":"2026-08-03 09:37:33"}
{"level":"info","message":"GET /api/superadmin/usuarios 304 - 5ms","timestamp":"2026-08-03 09:37:37"}
{"level":"info","message":"GET /api/superadmin/usuarios 304 - 3ms","timestamp":"2026-08-03 09:37:41"}
{"level":"info","message":"GET /api/superadmin/usuarios 304 - 4ms","timestamp":"2026-08-03 09:37:45"}
{"level":"info","message":"GET /api/superadmin/usuarios 304 - 5ms","timestamp":"2026-08-03 09:37:49"}
{"level":"info","message":"GET /api/superadmin/usuarios 304 - 3ms","timestamp":"2026-08-03 09:37:53"}
{"level":"info","message":"GET /api/superadmin/usuarios 304 - 5ms","timestamp":"2026-08-03 09:37:57"}
{"level":"info","message":"GET /api/superadmin/usuarios 304 - 4ms","timestamp":"2026-08-03 09:38:01"}
{"level":"info","message":"GET /api/superadmin/usuarios 304 - 4ms","timestamp":"2026-08-03 09:38:05"}
{"level":"info","message":"GET /api/superadmin/usuarios 304 - 3ms","timestamp":"2026-08-03 09:38:09"}
{"level":"info","message":"GET /api/superadmin/usuarios 304 - 5ms","timestamp":"2026-08-03 09:38:13"}
{"level":"info","message":"GET /api/superadmin/usuarios 304 - 4ms","timestamp":"2026-08-03 09:38:17"}
{"level":"info","message":"GET /api/superadmin/usuarios 304 - 4ms","timestamp":"2026-08-03 09:38:21"}
{"level":"info","message":"GET /api/superadmin/usuarios 304 - 4ms","timestamp":"2026-08-03 09:38:25"}
{"level":"info","message":"GET /api/superadmin/usuarios 304 - 4ms","timestamp":"2026-08-03 09:38:29"}
{"level":"info","message":"GET /api/superadmin/usuarios 304 - 4ms","timestamp":"2026-08-03 09:38:33"}
{"level":"info","message":"GET /api/superadmin/usuarios 304 - 4ms","timestamp":"2026-08-03 09:38:37"}
{"level":"info","message":"GET /api/superadmin/usuarios 304 - 4ms","timestamp":"2026-08-03 09:38:41"}
{"level":"info","message":"GET /api/superadmin/usuarios 304 - 4ms","timestamp":"2026-08-03 09:38:45"}
{"level":"info","message":"GET /api/superadmin/usuarios 304 - 5ms","timestamp":"2026-08-03 09:38:49"}
{"level":"info","message":"GET /api/superadmin/usuarios 304 - 4ms","timestamp":"2026-08-03 09:38:53"}
{"level":"info","message":"GET /api/superadmin/usuarios 304 - 5ms","timestamp":"2026-08-03 09:38:57"}
{"level":"info","message":"GET /api/superadmin/usuarios 304 - 5ms","timestamp":"2026-08-03 09:39:01"}
{"level":"info","message":"GET /api/superadmin/usuarios 304 - 4ms","timestamp":"2026-08-03 09:39:05"}
{"level":"info","message":"GET /api/superadmin/usuarios 304 - 4ms","timestamp":"2026-08-03 09:39:09"}
{"level":"info","message":"[SOCKET] Conexión establecida: superadmin (Superadmin Sistema IECM) [ID: yn_dCHbTXTJoWoGTAAAB]","timestamp":"2026-08-03 09:39:16"}
{"level":"info","message":"[SOCKET] Conexión establecida: Renato (Renato Corona Landa) [ID: 9RrHOBW0PM6X0TIgAAAD]","timestamp":"2026-08-03 09:39:16"}
{"level":"info","message":"GET /api/superadmin/usuarios 200 - 14ms","timestamp":"2026-08-03 09:39:17"}
{"level":"info","message":"GET /api/superadmin/usuarios 304 - 8ms","timestamp":"2026-08-03 09:39:21"}
{"level":"info","message":"GET /api/superadmin/usuarios 304 - 22ms","timestamp":"2026-08-03 09:39:25"}
{"level":"info","message":"GET /api/superadmin/usuarios 304 - 8ms","timestamp":"2026-08-03 09:39:29"}
{"level":"info","message":"GET /api/superadmin/usuarios 304 - 5ms","timestamp":"2026-08-03 09:39:30"}
{"level":"info","message":"GET /api/superadmin/usuarios 304 - 7ms","timestamp":"2026-08-03 09:39:34"}
{"level":"info","message":"[SOCKET] Conexión establecida: Renato (Renato Corona Landa) [ID: 46rDJ_vwEltMZbdSAAAB]","timestamp":"2026-08-03 09:39:39"}
{"level":"info","message":"[SOCKET] Conexión establecida: superadmin (Superadmin Sistema IECM) [ID: tzAi5Dw2GMbpQRIoAAAD]","timestamp":"2026-08-03 09:39:41"}
{"level":"info","message":"GET /api/superadmin/usuarios 200 - 10ms","timestamp":"2026-08-03 09:39:42"}
{"level":"info","message":"GET /api/superadmin/usuarios 304 - 8ms","timestamp":"2026-08-03 09:39:46"}
{"level":"info","message":"GET /api/superadmin/usuarios 304 - 8ms","timestamp":"2026-08-03 09:39:50"}
{"level":"info","message":"GET /api/superadmin/usuarios 304 - 7ms","timestamp":"2026-08-03 09:39:54"}
{"level":"info","message":"GET /api/superadmin/usuarios 304 - 8ms","timestamp":"2026-08-03 09:39:58"}
{"level":"info","message":"GET /api/superadmin/usuarios 304 - 8ms","timestamp":"2026-08-03 09:40:02"}
{"level":"info","message":"GET /api/superadmin/usuarios 304 - 7ms","timestamp":"2026-08-03 09:40:06"}
{"level":"info","message":"GET /api/superadmin/usuarios 304 - 6ms","timestamp":"2026-08-03 09:40:10"}
{"level":"info","message":"GET /api/superadmin/usuarios 304 - 6ms","timestamp":"2026-08-03 09:40:14"}
{"level":"info","message":"GET /api/superadmin/convocatorias 304 - 6ms","timestamp":"2026-08-03 09:40:17"}
{"level":"info","message":"GET /api/superadmin/estadisticas?id_convocatoria=1 304 - 22ms","timestamp":"2026-08-03 09:40:17"}
{"level":"info","message":"GET /api/superadmin/usuarios 304 - 11ms","timestamp":"2026-08-03 09:41:36"}
{"level":"info","message":"GET /api/superadmin/usuarios 304 - 6ms","timestamp":"2026-08-03 09:41:40"}
{"level":"info","message":"GET /api/superadmin/usuarios 304 - 19ms","timestamp":"2026-08-03 09:41:44"}
{"level":"info","message":"GET /api/superadmin/usuarios 304 - 7ms","timestamp":"2026-08-03 09:41:48"}
{"level":"info","message":"[SOCKET] Conexión establecida: Renato (Renato Corona Landa) [ID: 4n-Yy_x5sjs_8GGDAAAB]","timestamp":"2026-08-03 09:41:51"}
{"level":"info","message":"[SOCKET] Conexión establecida: superadmin (Superadmin Sistema IECM) [ID: XGhbwXyg5LwPsDPPAAAD]","timestamp":"2026-08-03 09:41:52"}
{"level":"info","message":"GET /api/superadmin/usuarios 304 - 9ms","timestamp":"2026-08-03 09:41:52"}
{"level":"info","message":"GET /api/superadmin/convocatorias 304 - 5ms","timestamp":"2026-08-03 09:41:55"}
{"level":"info","message":"GET /api/superadmin/estadisticas?id_convocatoria=1 304 - 14ms","timestamp":"2026-08-03 09:41:55"}
{"level":"info","message":"[SOCKET] Conexión cerrada: superadmin [ID: XGhbwXyg5LwPsDPPAAAD]","timestamp":"2026-08-03 09:42:56"}
{"level":"info","message":"GET /api/notificaciones 304 - 8ms","timestamp":"2026-08-03 09:42:56"}
{"level":"info","message":"GET /api/superadmin/convocatorias 304 - 10ms","timestamp":"2026-08-03 09:42:56"}
{"level":"info","message":"[SOCKET] Conexión establecida: superadmin (Superadmin Sistema IECM) [ID: Df0Zyun7pyjXyzZ7AAAF]","timestamp":"2026-08-03 09:42:56"}
{"level":"info","message":"GET /api/superadmin/estadisticas?id_convocatoria=1 304 - 8ms","timestamp":"2026-08-03 09:42:56"}
{"level":"info","message":"[SOCKET] Conexión establecida: Renato (Renato Corona Landa) [ID: stp4XW7hJp-4raIkAAAB]","timestamp":"2026-08-03 09:43:26"}
{"level":"info","message":"[SOCKET] Conexión establecida: superadmin (Superadmin Sistema IECM) [ID: gNrgUbKewmZyJCq7AAAD]","timestamp":"2026-08-03 09:43:27"}
{"level":"info","message":"GET /api/superadmin/usuarios 304 - 15ms","timestamp":"2026-08-03 09:45:21"}
{"level":"info","message":"GET /api/superadmin/usuarios 304 - 8ms","timestamp":"2026-08-03 09:45:25"}
{"level":"info","message":"GET /api/superadmin/manifestaciones 304 - 7ms","timestamp":"2026-08-03 09:45:26"}
{"level":"info","message":"GET /api/superadmin/usuarios 304 - 10ms","timestamp":"2026-08-03 09:45:28"}
{"level":"info","message":"GET /api/superadmin/usuarios 304 - 11ms","timestamp":"2026-08-03 09:45:37"}
{"level":"info","message":"GET /api/superadmin/convocatorias 304 - 6ms","timestamp":"2026-08-03 09:45:37"}
{"level":"info","message":"GET /api/superadmin/categorias/1 304 - 6ms","timestamp":"2026-08-03 09:45:37"}
{"level":"info","message":"GET /api/superadmin/usuarios 304 - 8ms","timestamp":"2026-08-03 09:45:46"}
{"level":"info","message":"GET /api/superadmin/convocatorias 304 - 6ms","timestamp":"2026-08-03 09:45:48"}
{"level":"info","message":"GET /api/superadmin/estadisticas?id_convocatoria=1 304 - 12ms","timestamp":"2026-08-03 09:45:48"}
{"level":"info","message":"[SOCKET] Conexión establecida: Renato (Renato Corona Landa) [ID: Y_nuNMVtYEZ_48UmAAAB]","timestamp":"2026-08-03 09:48:51"}
{"level":"info","message":"[SOCKET] Conexión establecida: superadmin (Superadmin Sistema IECM) [ID: s6IoXEDetf9U08jnAAAD]","timestamp":"2026-08-03 09:48:52"}
{"level":"info","message":"GET /api/superadmin/usuarios 304 - 19ms","timestamp":"2026-08-03 09:49:02"}
{"level":"info","message":"GET /api/superadmin/manifestaciones 304 - 7ms","timestamp":"2026-08-03 09:49:04"}
{"level":"info","message":"GET /api/superadmin/convocatorias 304 - 5ms","timestamp":"2026-08-03 09:49:05"}
{"level":"info","message":"GET /api/superadmin/categorias/1 304 - 6ms","timestamp":"2026-08-03 09:49:05"}
{"level":"info","message":"GET /api/superadmin/usuarios 304 - 7ms","timestamp":"2026-08-03 09:49:07"}
{"level":"info","message":"GET /api/superadmin/convocatorias 304 - 6ms","timestamp":"2026-08-03 09:49:09"}
{"level":"info","message":"GET /api/superadmin/estadisticas?id_convocatoria=1 304 - 13ms","timestamp":"2026-08-03 09:49:09"}
{"level":"info","message":"GET /api/superadmin/usuarios 304 - 9ms","timestamp":"2026-08-03 09:49:11"}
{"level":"info","message":"GET /api/superadmin/usuarios 304 - 7ms","timestamp":"2026-08-03 09:49:15"}
{"level":"info","message":"GET /api/superadmin/usuarios 304 - 14ms","timestamp":"2026-08-03 09:49:19"}
{"level":"info","message":"GET /api/superadmin/usuarios 304 - 7ms","timestamp":"2026-08-03 09:49:23"}
{"level":"info","message":"GET /api/superadmin/usuarios 304 - 7ms","timestamp":"2026-08-03 09:49:27"}
{"level":"info","message":"GET /api/superadmin/usuarios 304 - 8ms","timestamp":"2026-08-03 09:49:31"}
{"level":"info","message":"GET /api/superadmin/usuarios 304 - 8ms","timestamp":"2026-08-03 09:49:35"}
{"level":"info","message":"GET /api/superadmin/usuarios 304 - 9ms","timestamp":"2026-08-03 09:49:39"}
{"level":"info","message":"[SOCKET] Conexión establecida: superadmin (Superadmin Sistema IECM) [ID: gC1huqKzrKe-KUnFAAAB]","timestamp":"2026-08-03 09:49:46"}
{"level":"info","message":"[SOCKET] Conexión establecida: Renato (Renato Corona Landa) [ID: sjx7vqfpk2aHsGssAAAD]","timestamp":"2026-08-03 09:49:46"}
{"level":"info","message":"GET /api/superadmin/usuarios 200 - 9ms","timestamp":"2026-08-03 09:49:47"}
{"level":"info","message":"GET /api/superadmin/usuarios 304 - 7ms","timestamp":"2026-08-03 09:49:51"}
{"level":"info","message":"GET /api/superadmin/usuarios 304 - 8ms","timestamp":"2026-08-03 09:49:55"}
{"level":"info","message":"GET /api/superadmin/convocatorias 304 - 5ms","timestamp":"2026-08-03 09:49:58"}
{"level":"info","message":"GET /api/superadmin/categorias/1 304 - 6ms","timestamp":"2026-08-03 09:49:58"}
{"level":"info","message":"[SOCKET] Forzando cierre de conexión para usuario ID: 1","timestamp":"2026-08-03 09:50:22"}
{"level":"info","message":"[SOCKET] Conexión cerrada: superadmin [ID: gC1huqKzrKe-KUnFAAAB]","timestamp":"2026-08-03 09:50:22"}
{"level":"info","message":"POST /api/auth/logout 200 - 23ms","timestamp":"2026-08-03 09:50:22"}
{"level":"info","message":"[SOCKET] Conexión establecida: Renato (Renato Corona Landa) [ID: PQs9TD69pnn4ioTaAAAB]","timestamp":"2026-08-03 09:51:07"}
{"level":"info","message":"[SOCKET] Conexión establecida: Renato (Renato Corona Landa) [ID: Y9YAN8YyXLbXOkQPAAAB]","timestamp":"2026-08-03 09:58:18"}
{"level":"info","message":"[SOCKET] Conexión establecida: Renato (Renato Corona Landa) [ID: 0DPjyNvT7_PQ-JRyAAAB]","timestamp":"2026-08-03 09:58:23"}
{"level":"info","message":"[SOCKET] Conexión establecida: Renato (Renato Corona Landa) [ID: -INsUTTHLah25KIPAAAB]","timestamp":"2026-08-03 09:59:01"}
{"level":"info","message":"GET /api/catalogos/convocatoria-activa 200 - 5ms","timestamp":"2026-08-03 10:21:27"}
{"level":"info","message":"GET /api/catalogos/categorias 304 - 11ms","timestamp":"2026-08-03 10:21:27"}
{"level":"info","message":"GET /api/catalogos/convocatoria-activa 304 - 4ms","timestamp":"2026-08-03 10:21:48"}
{"level":"info","message":"GET /api/catalogos/categorias 304 - 7ms","timestamp":"2026-08-03 10:21:48"}
{"level":"info","message":"[SOCKET] Conexión cerrada: Renato [ID: -INsUTTHLah25KIPAAAB]","timestamp":"2026-08-03 10:21:48"}
{"level":"info","message":"GET /api/notificaciones 304 - 9ms","timestamp":"2026-08-03 10:21:49"}
{"level":"info","message":"GET /api/catalogos/alcaldias 304 - 5ms","timestamp":"2026-08-03 10:21:49"}
{"level":"info","message":"GET /api/catalogos/te-enteraste 304 - 2ms","timestamp":"2026-08-03 10:21:49"}
{"level":"info","message":"GET /api/catalogos/manifestaciones 304 - 7ms","timestamp":"2026-08-03 10:21:49"}
{"level":"info","message":"[SOCKET] Conexión establecida: Renato (Renato Corona Landa) [ID: Z1zJICc_oqcA4lJjAAAE]","timestamp":"2026-08-03 10:21:49"}
{"level":"info","message":"GET /api/participante/mi-registro 304 - 8ms","timestamp":"2026-08-03 10:21:49"}
{"level":"info","message":"GET /api/catalogos/convocatoria-activa 304 - 3ms","timestamp":"2026-08-03 10:21:55"}
{"level":"info","message":"GET /api/catalogos/categorias 304 - 5ms","timestamp":"2026-08-03 10:21:55"}
{"level":"info","message":"[SOCKET] Conexión cerrada: Renato [ID: Z1zJICc_oqcA4lJjAAAE]","timestamp":"2026-08-03 10:21:55"}
{"level":"info","message":"GET /api/notificaciones 304 - 5ms","timestamp":"2026-08-03 10:21:56"}
{"level":"info","message":"GET /api/catalogos/alcaldias 304 - 3ms","timestamp":"2026-08-03 10:21:56"}
{"level":"info","message":"GET /api/catalogos/te-enteraste 304 - 4ms","timestamp":"2026-08-03 10:21:56"}
{"level":"info","message":"GET /api/catalogos/manifestaciones 304 - 5ms","timestamp":"2026-08-03 10:21:56"}
{"level":"info","message":"[SOCKET] Conexión establecida: Renato (Renato Corona Landa) [ID: Ri_fo_gOQp3KeGYZAAAH]","timestamp":"2026-08-03 10:21:56"}
{"level":"info","message":"GET /api/participante/mi-registro 304 - 7ms","timestamp":"2026-08-03 10:21:56"}
{"level":"info","message":"[SOCKET] Conexión establecida: Renato (Renato Corona Landa) [ID: Eet67IiTieQj6MguAAAB]","timestamp":"2026-08-03 10:22:22"}
{"level":"info","message":"GET /api/catalogos/convocatoria-activa 304 - 5ms","timestamp":"2026-08-03 10:22:32"}
{"level":"info","message":"GET /api/catalogos/categorias 304 - 6ms","timestamp":"2026-08-03 10:22:32"}
{"level":"info","message":"[SOCKET] Conexión establecida: Renato (Renato Corona Landa) [ID: XjYGxQgohM1YgSJ-AAAB]","timestamp":"2026-08-03 10:23:45"}
{"level":"info","message":"[SOCKET] Conexión establecida: Renato (Renato Corona Landa) [ID: XhR6TPKlHonr5FB4AAAB]","timestamp":"2026-08-03 10:24:39"}
{"level":"info","message":"[SOCKET] Conexión establecida: Renato (Renato Corona Landa) [ID: OJ1qcFmp-5ORmQbZAAAB]","timestamp":"2026-08-03 10:25:23"}
{"level":"info","message":"[SOCKET] Conexión establecida: Renato (Renato Corona Landa) [ID: iV3CtixtKJenR2wXAAAB]","timestamp":"2026-08-03 10:26:17"}
{"level":"info","message":"POST /api/auth/login 200 - 85ms","timestamp":"2026-08-03 10:47:14"}
{"level":"info","message":"[SOCKET] Conexión establecida: superadmin (Superadmin Sistema IECM) [ID: Btww_QzKnXaCtJvHAAAD]","timestamp":"2026-08-03 10:47:14"}
{"level":"info","message":"[SOCKET] Conexión cerrada: superadmin [ID: Btww_QzKnXaCtJvHAAAD]","timestamp":"2026-08-03 10:47:16"}
{"level":"info","message":"GET /api/notificaciones 304 - 8ms","timestamp":"2026-08-03 10:47:16"}
{"level":"info","message":"[SOCKET] Conexión establecida: superadmin (Superadmin Sistema IECM) [ID: _1xt1rpAdyXdRfw0AAAF]","timestamp":"2026-08-03 10:47:16"}
{"level":"info","message":"GET /api/superadmin/usuarios 304 - 17ms","timestamp":"2026-08-03 10:47:16"}
{"level":"info","message":"GET /api/superadmin/usuarios 304 - 7ms","timestamp":"2026-08-03 10:47:20"}
{"level":"info","message":"GET /api/superadmin/usuarios 304 - 7ms","timestamp":"2026-08-03 10:47:24"}
{"level":"info","message":"GET /api/superadmin/usuarios 304 - 6ms","timestamp":"2026-08-03 10:47:28"}
{"level":"info","message":"GET /api/superadmin/usuarios 304 - 7ms","timestamp":"2026-08-03 10:47:32"}
{"level":"info","message":"GET /api/superadmin/usuarios 304 - 7ms","timestamp":"2026-08-03 10:47:36"}
{"level":"info","message":"GET /api/superadmin/convocatorias 304 - 5ms","timestamp":"2026-08-03 10:47:37"}
{"level":"info","message":"GET /api/superadmin/categorias/1 304 - 6ms","timestamp":"2026-08-03 10:47:37"}
{"level":"info","message":"GET /api/superadmin/manifestaciones 304 - 5ms","timestamp":"2026-08-03 10:48:37"}
{"level":"info","message":"GET /api/superadmin/usuarios 304 - 9ms","timestamp":"2026-08-03 10:49:14"}
{"class":16,"code":"EREQUEST","level":"error","lineNumber":1,"message":"insert into [notificaciones] ([asunto], [id_remitente], [id_tipousuario_destino], [id_usuario_destino], [mensaje], [status], [tipo]) values (@p0, @p1, @p2, @p3, @p4, @p5, @p6) - Conversion failed when converting the nvarchar value 'SUCCESS' to data type smallint.","number":245,"originalError":{"class":16,"code":"EREQUEST","level":"error","lineNumber":1,"number":245,"originalError":"[Circular]","procName":"","serverName":"SQLDESARROLLO","state":1,"timestamp":"2026-08-03 10:49:56"},"procName":"","serverName":"SQLDESARROLLO","stack":"Error: insert into [notificaciones] ([asunto], [id_remitente], [id_tipousuario_destino], [id_usuario_destino], [mensaje], [status], [tipo]) values (@p0, @p1, @p2, @p3, @p4, @p5, @p6) - Conversion failed when converting the nvarchar value 'SUCCESS' to data type smallint.\n    at RequestTokenHandler.onErrorMessage (C:\\xampp\\htdocs\\2026\\Ensayo2027\\node_modules\\.pnpm\\tedious@16.7.1\\node_modules\\tedious\\lib\\token\\handler.js:287:21)\n    at Readable.<anonymous> (C:\\xampp\\htdocs\\2026\\Ensayo2027\\node_modules\\.pnpm\\tedious@16.7.1\\node_modules\\tedious\\lib\\token\\token-stream-parser.js:18:33)\n    at Readable.emit (node:events:509:28)\n    at addChunk (node:internal/streams/readable:563:12)\n    at readableAddChunkPushObjectMode (node:internal/streams/readable:540:3)\n    at Readable.push (node:internal/streams/readable:395:5)\n    at nextAsync (node:internal/streams/from:194:22)\n    at process.processTicksAndRejections (node:internal/process/task_queues:104:5)","state":1,"timestamp":"2026-08-03 10:49:56"}
{"level":"info","message":"POST /api/notificaciones/crear 500 - 17ms","timestamp":"2026-08-03 10:49:56"}
{"level":"info","message":"GET /api/superadmin/usuarios 304 - 8ms","timestamp":"2026-08-03 10:50:00"}
{"level":"info","message":"GET /api/superadmin/usuarios 304 - 7ms","timestamp":"2026-08-03 10:50:04"}
{"level":"info","message":"GET /api/superadmin/usuarios 304 - 7ms","timestamp":"2026-08-03 10:50:08"}
{"level":"info","message":"GET /api/superadmin/usuarios 304 - 5ms","timestamp":"2026-08-03 10:50:12"}
{"level":"info","message":"GET /api/superadmin/usuarios 304 - 6ms","timestamp":"2026-08-03 10:50:16"}
{"level":"info","message":"GET /api/superadmin/usuarios 304 - 6ms","timestamp":"2026-08-03 10:50:20"}
{"level":"info","message":"GET /api/superadmin/usuarios 304 - 6ms","timestamp":"2026-08-03 10:50:24"}
{"level":"info","message":"GET /api/superadmin/usuarios 304 - 5ms","timestamp":"2026-08-03 10:50:28"}
{"level":"info","message":"GET /api/superadmin/usuarios 304 - 6ms","timestamp":"2026-08-03 10:50:32"}
{"level":"info","message":"GET /api/superadmin/usuarios 304 - 8ms","timestamp":"2026-08-03 10:50:36"}
{"level":"info","message":"GET /api/superadmin/usuarios 304 - 5ms","timestamp":"2026-08-03 10:50:40"}
{"level":"info","message":"GET /api/superadmin/usuarios 304 - 5ms","timestamp":"2026-08-03 10:50:44"}
{"level":"info","message":"GET /api/superadmin/usuarios 304 - 5ms","timestamp":"2026-08-03 10:50:48"}
{"level":"info","message":"GET /api/superadmin/usuarios 304 - 7ms","timestamp":"2026-08-03 10:50:52"}
{"level":"info","message":"GET /api/superadmin/usuarios 304 - 6ms","timestamp":"2026-08-03 10:50:56"}
{"level":"info","message":"GET /api/superadmin/usuarios 304 - 7ms","timestamp":"2026-08-03 10:51:00"}
{"level":"info","message":"GET /api/superadmin/usuarios 304 - 7ms","timestamp":"2026-08-03 10:51:04"}
{"level":"info","message":"GET /api/superadmin/usuarios 304 - 6ms","timestamp":"2026-08-03 10:51:08"}
{"level":"info","message":"GET /api/superadmin/usuarios 304 - 7ms","timestamp":"2026-08-03 10:51:12"}
{"level":"info","message":"GET /api/superadmin/usuarios 304 - 6ms","timestamp":"2026-08-03 10:51:16"}
{"level":"info","message":"GET /api/superadmin/usuarios 304 - 7ms","timestamp":"2026-08-03 10:51:20"}
{"level":"info","message":"GET /api/superadmin/usuarios 304 - 6ms","timestamp":"2026-08-03 10:51:24"}
{"level":"info","message":"GET /api/superadmin/convocatorias 304 - 5ms","timestamp":"2026-08-03 10:51:26"}
{"level":"info","message":"GET /api/superadmin/estadisticas?id_convocatoria=1 304 - 11ms","timestamp":"2026-08-03 10:51:26"}
{"level":"info","message":"GET /api/superadmin/convocatorias 304 - 3ms","timestamp":"2026-08-03 10:55:25"}
{"level":"info","message":"GET /api/superadmin/categorias/1 304 - 4ms","timestamp":"2026-08-03 10:55:25"}
{"level":"info","message":"GET /api/superadmin/usuarios 304 - 8ms","timestamp":"2026-08-03 10:55:26"}
{"level":"info","message":"GET /api/superadmin/usuarios 304 - 7ms","timestamp":"2026-08-03 10:55:30"}
{"level":"info","message":"GET /api/superadmin/usuarios 304 - 7ms","timestamp":"2026-08-03 10:55:34"}
{"level":"info","message":"GET /api/superadmin/usuarios 304 - 7ms","timestamp":"2026-08-03 10:55:38"}
{"level":"info","message":"GET /api/superadmin/usuarios 304 - 6ms","timestamp":"2026-08-03 10:55:42"}
{"level":"info","message":"GET /api/superadmin/usuarios 304 - 5ms","timestamp":"2026-08-03 10:55:46"}
{"level":"info","message":"GET /api/superadmin/usuarios 304 - 7ms","timestamp":"2026-08-03 10:55:50"}
{"level":"info","message":"GET /api/superadmin/usuarios 304 - 6ms","timestamp":"2026-08-03 10:55:54"}
{"level":"info","message":"GET /api/superadmin/usuarios 304 - 6ms","timestamp":"2026-08-03 10:55:58"}
{"level":"info","message":"[SOCKET] Forzando cierre de conexión para usuario ID: 1","timestamp":"2026-08-03 10:55:58"}
{"level":"info","message":"[SOCKET] Conexión cerrada: superadmin [ID: _1xt1rpAdyXdRfw0AAAF]","timestamp":"2026-08-03 10:55:58"}
{"level":"info","message":"POST /api/auth/logout 200 - 9ms","timestamp":"2026-08-03 10:55:58"}
{"level":"info","message":"GET /api/catalogos/categorias 304 - 4ms","timestamp":"2026-08-03 10:56:27"}
{"level":"info","message":"POST /api/auth/login 200 - 57ms","timestamp":"2026-08-03 10:57:33"}
{"level":"info","message":"[SOCKET] Conexión establecida: superadmin (Superadmin Sistema IECM) [ID: 2E2EbjdAurf5YelEAAAH]","timestamp":"2026-08-03 10:57:33"}
{"level":"info","message":"[SOCKET] Conexión cerrada: superadmin [ID: 2E2EbjdAurf5YelEAAAH]","timestamp":"2026-08-03 10:57:35"}
{"level":"info","message":"GET /api/notificaciones 304 - 3ms","timestamp":"2026-08-03 10:57:35"}
{"level":"info","message":"GET /api/superadmin/usuarios 200 - 6ms","timestamp":"2026-08-03 10:57:35"}
{"level":"info","message":"[SOCKET] Conexión establecida: superadmin (Superadmin Sistema IECM) [ID: 478c5H46oMpWpLTSAAAJ]","timestamp":"2026-08-03 10:57:35"}
{"level":"info","message":"GET /api/superadmin/usuarios 200 - 5ms","timestamp":"2026-08-03 10:57:39"}
{"level":"info","message":"GET /api/superadmin/usuarios 304 - 6ms","timestamp":"2026-08-03 10:57:43"}
{"level":"info","message":"GET /api/superadmin/usuarios 304 - 6ms","timestamp":"2026-08-03 10:57:47"}
{"level":"info","message":"GET /api/superadmin/usuarios 304 - 6ms","timestamp":"2026-08-03 10:57:51"}
{"level":"info","message":"GET /api/superadmin/convocatorias 304 - 6ms","timestamp":"2026-08-03 10:57:53"}
{"level":"info","message":"GET /api/superadmin/categorias/1 304 - 5ms","timestamp":"2026-08-03 10:57:53"}
{"level":"info","message":"POST /api/superadmin/convocatorias 200 - 20ms","timestamp":"2026-08-03 10:58:24"}
{"level":"info","message":"GET /api/superadmin/convocatorias 200 - 3ms","timestamp":"2026-08-03 10:58:24"}
{"level":"info","message":"GET /api/superadmin/categorias/1 304 - 3ms","timestamp":"2026-08-03 10:58:24"}
{"level":"info","message":"[SOCKET] Forzando cierre de conexión para usuario ID: 1","timestamp":"2026-08-03 10:58:27"}
{"level":"info","message":"[SOCKET] Conexión cerrada: superadmin [ID: 478c5H46oMpWpLTSAAAJ]","timestamp":"2026-08-03 10:58:27"}
{"level":"info","message":"POST /api/auth/logout 200 - 13ms","timestamp":"2026-08-03 10:58:27"}
{"level":"info","message":"GET /api/catalogos/convocatoria-activa 200 - 2ms","timestamp":"2026-08-03 10:58:29"}
{"level":"info","message":"GET /api/catalogos/categorias 304 - 4ms","timestamp":"2026-08-03 10:58:29"}
{"level":"info","message":"GET /api/catalogos/convocatoria-activa 200 - 2ms","timestamp":"2026-08-03 10:58:31"}
{"level":"info","message":"GET /api/catalogos/categorias 200 - 4ms","timestamp":"2026-08-03 10:58:31"}
{"level":"info","message":"GET /api/catalogos/convocatoria-activa 304 - 3ms","timestamp":"2026-08-03 10:58:45"}
{"level":"info","message":"GET /api/catalogos/categorias 304 - 4ms","timestamp":"2026-08-03 10:58:45"}
{"level":"info","message":"POST /api/auth/login 200 - 55ms","timestamp":"2026-08-03 10:59:00"}
{"level":"info","message":"[SOCKET] Conexión establecida: superadmin (Superadmin Sistema IECM) [ID: VlOwySusuGipE4sIAAAL]","timestamp":"2026-08-03 10:59:00"}
{"level":"info","message":"[SOCKET] Conexión cerrada: superadmin [ID: VlOwySusuGipE4sIAAAL]","timestamp":"2026-08-03 10:59:02"}
{"level":"info","message":"GET /api/notificaciones 304 - 4ms","timestamp":"2026-08-03 10:59:02"}
{"level":"info","message":"GET /api/superadmin/usuarios 200 - 7ms","timestamp":"2026-08-03 10:59:02"}
{"level":"info","message":"[SOCKET] Conexión establecida: superadmin (Superadmin Sistema IECM) [ID: hEwjkmzF8MMiQ2qqAAAN]","timestamp":"2026-08-03 10:59:02"}
{"level":"info","message":"GET /api/superadmin/convocatorias 304 - 4ms","timestamp":"2026-08-03 10:59:05"}
{"level":"info","message":"GET /api/superadmin/categorias/1 304 - 6ms","timestamp":"2026-08-03 10:59:05"}
{"level":"info","message":"GET /api/superadmin/categorias/1 304 - 4ms","timestamp":"2026-08-03 10:59:10"}
{"level":"info","message":"[SOCKET] Forzando cierre de conexión para usuario ID: 1","timestamp":"2026-08-03 10:59:47"}
{"level":"info","message":"[SOCKET] Conexión cerrada: superadmin [ID: hEwjkmzF8MMiQ2qqAAAN]","timestamp":"2026-08-03 10:59:47"}
{"level":"info","message":"POST /api/auth/logout 200 - 8ms","timestamp":"2026-08-03 10:59:47"}
{"level":"info","message":"GET /api/catalogos/convocatoria-activa 304 - 2ms","timestamp":"2026-08-03 10:59:55"}
{"level":"info","message":"GET /api/catalogos/categorias 304 - 5ms","timestamp":"2026-08-03 10:59:55"}
{"level":"info","message":"GET /api/catalogos/convocatoria-activa 304 - 2ms","timestamp":"2026-08-03 11:01:23"}
{"level":"info","message":"GET /api/catalogos/categorias 304 - 5ms","timestamp":"2026-08-03 11:01:23"}
{"level":"info","message":"[SOCKET] Conexión cerrada: Renato [ID: iV3CtixtKJenR2wXAAAB]","timestamp":"2026-08-03 11:01:23"}
{"level":"info","message":"GET /api/notificaciones 304 - 5ms","timestamp":"2026-08-03 11:01:24"}
{"level":"info","message":"GET /api/catalogos/te-enteraste 304 - 2ms","timestamp":"2026-08-03 11:01:24"}
{"level":"info","message":"GET /api/catalogos/alcaldias 304 - 4ms","timestamp":"2026-08-03 11:01:24"}
{"level":"info","message":"GET /api/catalogos/manifestaciones 304 - 4ms","timestamp":"2026-08-03 11:01:24"}
{"level":"info","message":"[SOCKET] Conexión establecida: Renato (Renato Corona Landa) [ID: lV5O8-LGp9VMSysqAAAQ]","timestamp":"2026-08-03 11:01:24"}
{"level":"info","message":"GET /api/participante/mi-registro 304 - 7ms","timestamp":"2026-08-03 11:01:24"}
{"level":"info","message":"GET /api/catalogos/convocatoria-activa 304 - 3ms","timestamp":"2026-08-03 11:01:31"}
{"level":"info","message":"GET /api/catalogos/categorias 304 - 4ms","timestamp":"2026-08-03 11:01:31"}
{"level":"info","message":"[SOCKET] Conexión cerrada: Renato [ID: lV5O8-LGp9VMSysqAAAQ]","timestamp":"2026-08-03 11:01:31"}
{"level":"info","message":"GET /api/notificaciones 304 - 5ms","timestamp":"2026-08-03 11:01:32"}
{"level":"info","message":"GET /api/catalogos/alcaldias 304 - 1ms","timestamp":"2026-08-03 11:01:32"}
{"level":"info","message":"GET /api/catalogos/te-enteraste 304 - 2ms","timestamp":"2026-08-03 11:01:32"}
{"level":"info","message":"GET /api/catalogos/manifestaciones 304 - 2ms","timestamp":"2026-08-03 11:01:32"}
{"level":"info","message":"[SOCKET] Conexión establecida: Renato (Renato Corona Landa) [ID: kbeIXZQ2VIS1yncHAAAT]","timestamp":"2026-08-03 11:01:32"}
{"level":"info","message":"GET /api/participante/mi-registro 304 - 6ms","timestamp":"2026-08-03 11:01:32"}
{"level":"info","message":"GET /api/catalogos/convocatoria-activa 304 - 2ms","timestamp":"2026-08-03 11:01:49"}
{"level":"info","message":"GET /api/catalogos/categorias 304 - 6ms","timestamp":"2026-08-03 11:01:49"}
{"level":"info","message":"[SOCKET] Conexión cerrada: Renato [ID: kbeIXZQ2VIS1yncHAAAT]","timestamp":"2026-08-03 11:01:49"}
{"level":"info","message":"[SOCKET] Conexión establecida: Renato (Renato Corona Landa) [ID: A2AjS1MTj8LpbAZ1AAAV]","timestamp":"2026-08-03 11:01:50"}
{"level":"info","message":"[SOCKET] Conexión cerrada: Renato [ID: A2AjS1MTj8LpbAZ1AAAV]","timestamp":"2026-08-03 11:01:54"}
{"level":"info","message":"GET /api/catalogos/convocatoria-activa 304 - 5ms","timestamp":"2026-08-03 11:01:55"}
{"level":"info","message":"GET /api/catalogos/categorias 304 - 8ms","timestamp":"2026-08-03 11:01:55"}
{"level":"info","message":"GET /api/catalogos/te-enteraste 304 - 4ms","timestamp":"2026-08-03 11:01:55"}
{"level":"info","message":"GET /api/catalogos/manifestaciones 304 - 4ms","timestamp":"2026-08-03 11:01:55"}
{"level":"info","message":"GET /api/catalogos/alcaldias 304 - 4ms","timestamp":"2026-08-03 11:01:55"}
{"level":"info","message":"GET /api/notificaciones 304 - 8ms","timestamp":"2026-08-03 11:01:55"}
{"level":"info","message":"[SOCKET] Conexión establecida: Renato (Renato Corona Landa) [ID: Lehd-2dZmALw9IG1AAAY]","timestamp":"2026-08-03 11:01:55"}
{"level":"info","message":"GET /api/participante/mi-registro 304 - 11ms","timestamp":"2026-08-03 11:01:55"}
{"level":"info","message":"[SOCKET] Conexión cerrada: Renato [ID: Lehd-2dZmALw9IG1AAAY]","timestamp":"2026-08-03 11:02:08"}
{"level":"info","message":"GET /api/catalogos/convocatoria-activa 304 - 4ms","timestamp":"2026-08-03 11:02:08"}
{"level":"info","message":"GET /api/catalogos/categorias 304 - 5ms","timestamp":"2026-08-03 11:02:08"}
{"level":"info","message":"GET /api/notificaciones 304 - 8ms","timestamp":"2026-08-03 11:02:09"}
{"level":"info","message":"GET /api/catalogos/convocatoria-activa 200 - 4ms","timestamp":"2026-08-03 11:02:09"}
{"level":"info","message":"GET /api/catalogos/te-enteraste 304 - 4ms","timestamp":"2026-08-03 11:02:09"}
{"level":"info","message":"GET /api/catalogos/alcaldias 304 - 4ms","timestamp":"2026-08-03 11:02:09"}
{"level":"info","message":"GET /api/catalogos/manifestaciones 304 - 4ms","timestamp":"2026-08-03 11:02:09"}
{"level":"info","message":"GET /api/catalogos/categorias 200 - 7ms","timestamp":"2026-08-03 11:02:09"}
{"level":"info","message":"[SOCKET] Conexión establecida: Renato (Renato Corona Landa) [ID: 2E-JS0frecTac5MqAAAb]","timestamp":"2026-08-03 11:02:09"}
{"level":"info","message":"GET /api/participante/mi-registro 304 - 8ms","timestamp":"2026-08-03 11:02:09"}
{"level":"info","message":"[SOCKET] Conexión establecida: Renato (Renato Corona Landa) [ID: 2XSdRtAqH1Urs1uzAAAB]","timestamp":"2026-08-03 11:02:50"}
{"level":"info","message":"GET /api/catalogos/convocatoria-activa 200 - 9ms","timestamp":"2026-08-03 11:03:00"}
{"level":"info","message":"GET /api/catalogos/categorias 200 - 12ms","timestamp":"2026-08-03 11:03:00"}
{"level":"info","message":"GET /api/catalogos/convocatoria-activa 304 - 4ms","timestamp":"2026-08-03 11:03:04"}
{"level":"info","message":"GET /api/catalogos/categorias 304 - 10ms","timestamp":"2026-08-03 11:03:04"}
{"level":"info","message":"GET /api/catalogos/convocatoria-activa 200 - 5ms","timestamp":"2026-08-03 11:03:12"}
{"level":"info","message":"GET /api/catalogos/categorias 200 - 7ms","timestamp":"2026-08-03 11:03:12"}
{"level":"info","message":"GET /api/catalogos/convocatoria-activa 304 - 2ms","timestamp":"2026-08-03 11:03:18"}
{"level":"info","message":"GET /api/catalogos/categorias 304 - 3ms","timestamp":"2026-08-03 11:03:18"}
{"level":"info","message":"GET /api/catalogos/convocatoria-activa 304 - 3ms","timestamp":"2026-08-03 11:03:21"}
{"level":"info","message":"GET /api/catalogos/categorias 304 - 5ms","timestamp":"2026-08-03 11:03:21"}
{"level":"info","message":"GET /api/catalogos/convocatoria-activa 304 - 3ms","timestamp":"2026-08-03 11:03:23"}
{"level":"info","message":"GET /api/catalogos/categorias 304 - 5ms","timestamp":"2026-08-03 11:03:23"}
{"level":"info","message":"POST /api/auth/login 200 - 61ms","timestamp":"2026-08-03 11:03:44"}
{"level":"info","message":"[SOCKET] Conexión establecida: superadmin (Superadmin Sistema IECM) [ID: qr2kz4YFoVe3eEibAAAD]","timestamp":"2026-08-03 11:03:44"}
{"level":"info","message":"[SOCKET] Conexión cerrada: superadmin [ID: qr2kz4YFoVe3eEibAAAD]","timestamp":"2026-08-03 11:03:46"}
{"level":"info","message":"GET /api/catalogos/convocatoria-activa 304 - 5ms","timestamp":"2026-08-03 11:03:46"}
{"level":"info","message":"GET /api/notificaciones 200 - 9ms","timestamp":"2026-08-03 11:03:46"}
{"level":"info","message":"GET /api/catalogos/categorias 304 - 12ms","timestamp":"2026-08-03 11:03:46"}
{"level":"info","message":"[SOCKET] Conexión establecida: superadmin (Superadmin Sistema IECM) [ID: SfwfEw4K8Q3VwMuAAAAF]","timestamp":"2026-08-03 11:03:46"}
{"level":"info","message":"GET /api/superadmin/usuarios 200 - 17ms","timestamp":"2026-08-03 11:03:46"}
{"level":"info","message":"GET /api/superadmin/usuarios 304 - 6ms","timestamp":"2026-08-03 11:03:50"}
{"level":"info","message":"GET /api/superadmin/usuarios 304 - 6ms","timestamp":"2026-08-03 11:03:54"}
{"level":"info","message":"GET /api/superadmin/convocatorias 200 - 5ms","timestamp":"2026-08-03 11:03:54"}
{"level":"info","message":"GET /api/superadmin/categorias/1 200 - 5ms","timestamp":"2026-08-03 11:03:54"}
{"level":"info","message":"POST /api/superadmin/convocatorias 200 - 19ms","timestamp":"2026-08-03 11:04:11"}
{"level":"info","message":"GET /api/catalogos/convocatoria-activa 200 - 2ms","timestamp":"2026-08-03 11:04:11"}
{"level":"info","message":"GET /api/catalogos/categorias 304 - 5ms","timestamp":"2026-08-03 11:04:11"}
{"level":"info","message":"GET /api/superadmin/convocatorias 200 - 4ms","timestamp":"2026-08-03 11:04:11"}
{"level":"info","message":"GET /api/superadmin/categorias/1 304 - 4ms","timestamp":"2026-08-03 11:04:11"}
{"level":"info","message":"[SOCKET] Forzando cierre de conexión para usuario ID: 1","timestamp":"2026-08-03 11:04:15"}
{"level":"info","message":"[SOCKET] Conexión cerrada: superadmin [ID: SfwfEw4K8Q3VwMuAAAAF]","timestamp":"2026-08-03 11:04:15"}
{"level":"info","message":"POST /api/auth/logout 200 - 10ms","timestamp":"2026-08-03 11:04:15"}
{"level":"info","message":"GET /api/catalogos/convocatoria-activa 304 - 2ms","timestamp":"2026-08-03 11:04:16"}
{"level":"info","message":"GET /api/catalogos/categorias 304 - 3ms","timestamp":"2026-08-03 11:04:16"}
{"level":"info","message":"GET /api/catalogos/convocatoria-activa 304 - 2ms","timestamp":"2026-08-03 11:04:18"}
{"level":"info","message":"GET /api/catalogos/categorias 304 - 4ms","timestamp":"2026-08-03 11:04:18"}
{"level":"info","message":"GET /api/catalogos/convocatoria-activa 200 - 2ms","timestamp":"2026-08-03 11:04:21"}
{"level":"info","message":"GET /api/catalogos/categorias 200 - 11ms","timestamp":"2026-08-03 11:04:21"}
{"level":"info","message":"[SOCKET] Conexión establecida: Renato (Renato Corona Landa) [ID: RFlzIsG6pmD2FybqAAAB]","timestamp":"2026-08-03 11:05:02"}
{"level":"info","message":"GET /api/catalogos/convocatoria-activa 304 - 4ms","timestamp":"2026-08-03 11:05:07"}
{"level":"info","message":"GET /api/catalogos/categorias 304 - 7ms","timestamp":"2026-08-03 11:05:07"}
{"level":"info","message":"GET /api/catalogos/convocatoria-activa 304 - 2ms","timestamp":"2026-08-03 11:05:09"}
{"level":"info","message":"GET /api/catalogos/categorias 304 - 4ms","timestamp":"2026-08-03 11:05:09"}
{"level":"info","message":"[SOCKET] Conexión establecida: Renato (Renato Corona Landa) [ID: i8MZui6bBEivWFhwAAAB]","timestamp":"2026-08-03 11:07:51"}
{"level":"info","message":"GET /api/catalogos/convocatoria-activa 200 - 12ms","timestamp":"2026-08-03 11:07:55"}
{"level":"info","message":"GET /api/catalogos/categorias 304 - 21ms","timestamp":"2026-08-03 11:07:55"}
{"level":"info","message":"[SOCKET] Conexión establecida: Renato (Renato Corona Landa) [ID: QMN4Du7T9cVPUDnjAAAB]","timestamp":"2026-08-03 11:08:30"}
{"level":"info","message":"GET /api/catalogos/convocatoria-activa 304 - 6ms","timestamp":"2026-08-03 11:11:27"}
{"level":"info","message":"GET /api/catalogos/categorias 304 - 9ms","timestamp":"2026-08-03 11:11:27"}
{"level":"info","message":"POST /api/auth/login 200 - 66ms","timestamp":"2026-08-03 11:11:32"}
{"level":"info","message":"[SOCKET] Conexión establecida: superadmin (Superadmin Sistema IECM) [ID: Zp6623bo0d8shEx8AAAD]","timestamp":"2026-08-03 11:11:32"}
{"level":"info","message":"[SOCKET] Conexión cerrada: superadmin [ID: Zp6623bo0d8shEx8AAAD]","timestamp":"2026-08-03 11:11:34"}
{"level":"info","message":"GET /api/catalogos/convocatoria-activa 304 - 5ms","timestamp":"2026-08-03 11:11:34"}
{"level":"info","message":"GET /api/notificaciones 304 - 10ms","timestamp":"2026-08-03 11:11:34"}
{"level":"info","message":"[SOCKET] Conexión establecida: superadmin (Superadmin Sistema IECM) [ID: aRb5jqoUqKiyV1qcAAAF]","timestamp":"2026-08-03 11:11:34"}
{"level":"info","message":"GET /api/catalogos/categorias 304 - 12ms","timestamp":"2026-08-03 11:11:34"}
{"level":"info","message":"GET /api/superadmin/usuarios 304 - 17ms","timestamp":"2026-08-03 11:11:34"}
{"level":"info","message":"GET /api/superadmin/convocatorias 200 - 9ms","timestamp":"2026-08-03 11:11:37"}
{"level":"info","message":"GET /api/superadmin/categorias/1 304 - 6ms","timestamp":"2026-08-03 11:11:37"}
{"level":"info","message":"POST /api/superadmin/convocatorias 200 - 19ms","timestamp":"2026-08-03 11:11:57"}
{"level":"info","message":"GET /api/catalogos/convocatoria-activa 200 - 3ms","timestamp":"2026-08-03 11:11:57"}
{"level":"info","message":"GET /api/catalogos/categorias 304 - 4ms","timestamp":"2026-08-03 11:11:57"}
{"level":"info","message":"GET /api/superadmin/convocatorias 200 - 3ms","timestamp":"2026-08-03 11:11:57"}
{"level":"info","message":"GET /api/superadmin/categorias/1 304 - 4ms","timestamp":"2026-08-03 11:11:57"}
{"level":"info","message":"[SOCKET] Forzando cierre de conexión para usuario ID: 1","timestamp":"2026-08-03 11:12:02"}
{"level":"info","message":"[SOCKET] Conexión cerrada: superadmin [ID: aRb5jqoUqKiyV1qcAAAF]","timestamp":"2026-08-03 11:12:02"}
{"level":"info","message":"POST /api/auth/logout 200 - 9ms","timestamp":"2026-08-03 11:12:02"}
{"level":"info","message":"GET /api/catalogos/convocatoria-activa 304 - 3ms","timestamp":"2026-08-03 11:12:02"}
{"level":"info","message":"GET /api/catalogos/categorias 304 - 4ms","timestamp":"2026-08-03 11:12:02"}
{"level":"info","message":"GET /api/catalogos/convocatoria-activa 304 - 2ms","timestamp":"2026-08-03 11:12:05"}
{"level":"info","message":"GET /api/catalogos/categorias 304 - 4ms","timestamp":"2026-08-03 11:12:05"}
{"level":"info","message":"GET /api/catalogos/convocatoria-activa 304 - 7ms","timestamp":"2026-08-03 11:21:29"}
{"level":"info","message":"GET /api/catalogos/categorias 304 - 12ms","timestamp":"2026-08-03 11:21:29"}
{"level":"info","message":"POST /api/auth/login 200 - 65ms","timestamp":"2026-08-03 11:21:34"}
{"level":"info","message":"[SOCKET] Conexión establecida: superadmin (Superadmin Sistema IECM) [ID: v9sdPNt3kyXePxCEAAAH]","timestamp":"2026-08-03 11:21:34"}
{"level":"info","message":"[SOCKET] Conexión cerrada: superadmin [ID: v9sdPNt3kyXePxCEAAAH]","timestamp":"2026-08-03 11:21:36"}
{"level":"info","message":"GET /api/catalogos/convocatoria-activa 304 - 7ms","timestamp":"2026-08-03 11:21:36"}
{"level":"info","message":"GET /api/notificaciones 304 - 14ms","timestamp":"2026-08-03 11:21:36"}
{"level":"info","message":"[SOCKET] Conexión establecida: superadmin (Superadmin Sistema IECM) [ID: qCIT0nIiZR91WBkjAAAJ]","timestamp":"2026-08-03 11:21:36"}
{"level":"info","message":"GET /api/catalogos/categorias 304 - 18ms","timestamp":"2026-08-03 11:21:36"}
{"level":"info","message":"GET /api/superadmin/usuarios 304 - 24ms","timestamp":"2026-08-03 11:21:36"}
{"level":"info","message":"GET /api/superadmin/convocatorias 304 - 5ms","timestamp":"2026-08-03 11:21:38"}
{"level":"info","message":"GET /api/superadmin/categorias/1 304 - 8ms","timestamp":"2026-08-03 11:21:38"}
{"level":"info","message":"POST /api/superadmin/convocatorias 200 - 22ms","timestamp":"2026-08-03 11:21:51"}
{"level":"info","message":"GET /api/catalogos/convocatoria-activa 200 - 5ms","timestamp":"2026-08-03 11:21:51"}
{"level":"info","message":"GET /api/catalogos/categorias 304 - 10ms","timestamp":"2026-08-03 11:21:51"}
{"level":"info","message":"GET /api/superadmin/convocatorias 200 - 3ms","timestamp":"2026-08-03 11:21:51"}
{"level":"info","message":"GET /api/superadmin/categorias/1 304 - 7ms","timestamp":"2026-08-03 11:21:51"}
{"level":"info","message":"[SOCKET] Forzando cierre de conexión para usuario ID: 1","timestamp":"2026-08-03 11:21:55"}
{"level":"info","message":"[SOCKET] Conexión cerrada: superadmin [ID: qCIT0nIiZR91WBkjAAAJ]","timestamp":"2026-08-03 11:21:55"}
{"level":"info","message":"POST /api/auth/logout 200 - 17ms","timestamp":"2026-08-03 11:21:55"}
{"level":"info","message":"GET /api/catalogos/convocatoria-activa 304 - 3ms","timestamp":"2026-08-03 11:21:55"}
{"level":"info","message":"GET /api/catalogos/categorias 304 - 4ms","timestamp":"2026-08-03 11:21:55"}
{"level":"info","message":"GET /api/catalogos/convocatoria-activa 304 - 5ms","timestamp":"2026-08-03 11:21:59"}
{"level":"info","message":"GET /api/catalogos/categorias 304 - 11ms","timestamp":"2026-08-03 11:21:59"}
{"level":"info","message":"GET /api/catalogos/convocatoria-activa 304 - 6ms","timestamp":"2026-08-03 11:22:12"}
{"level":"info","message":"GET /api/catalogos/categorias 304 - 10ms","timestamp":"2026-08-03 11:22:12"}
{"level":"info","message":"GET /api/catalogos/convocatoria-activa 304 - 6ms","timestamp":"2026-08-03 11:22:15"}
{"level":"info","message":"GET /api/catalogos/categorias 304 - 9ms","timestamp":"2026-08-03 11:22:15"}
{"level":"info","message":"GET /api/catalogos/convocatoria-activa 304 - 3ms","timestamp":"2026-08-03 11:24:24"}
{"level":"info","message":"GET /api/catalogos/categorias 304 - 4ms","timestamp":"2026-08-03 11:24:24"}
{"level":"info","message":"POST /api/auth/login 200 - 86ms","timestamp":"2026-08-03 11:24:31"}
{"level":"info","message":"[SOCKET] Conexión cerrada: Renato [ID: QMN4Du7T9cVPUDnjAAAB]","timestamp":"2026-08-03 11:24:31"}
{"level":"info","message":"[SOCKET] Conexión establecida: Renato (Renato Corona Landa) [ID: ZkoB1oOI-BtAiXZQAAAL]","timestamp":"2026-08-03 11:24:31"}
{"level":"info","message":"[SOCKET] Conexión cerrada: Renato [ID: ZkoB1oOI-BtAiXZQAAAL]","timestamp":"2026-08-03 11:24:33"}
{"level":"info","message":"GET /api/catalogos/convocatoria-activa 304 - 4ms","timestamp":"2026-08-03 11:24:33"}
{"level":"info","message":"GET /api/notificaciones 304 - 11ms","timestamp":"2026-08-03 11:24:33"}
{"level":"info","message":"GET /api/catalogos/alcaldias 200 - 10ms","timestamp":"2026-08-03 11:24:33"}
{"level":"info","message":"GET /api/catalogos/te-enteraste 200 - 11ms","timestamp":"2026-08-03 11:24:33"}
{"level":"info","message":"GET /api/catalogos/categorias 304 - 23ms","timestamp":"2026-08-03 11:24:33"}
{"level":"info","message":"GET /api/catalogos/manifestaciones 200 - 14ms","timestamp":"2026-08-03 11:24:33"}
{"level":"info","message":"[SOCKET] Conexión establecida: Renato (Renato Corona Landa) [ID: dNbOeKplyWW7ZFxWAAAN]","timestamp":"2026-08-03 11:24:33"}
{"level":"info","message":"GET /api/participante/mi-registro 200 - 9ms","timestamp":"2026-08-03 11:24:33"}
{"level":"info","message":"GET /api/documentos/6d6d7577-e396-45a6-81d4-3cea410c4434.pdf?token=eyJhbGciOiJIUzI1NiIsInR5cCI6IkpXVCJ9.eyJpZF91c3VhcmlvIjo0LCJ1c3VhcmlvIjoiUmVuYXRvIiwiaWRfdGlwb3VzdWFyaW8iOjEsInNlc3Npb25faWQiOiI4MzlhYzkzYi1lMzFkLTQzZjItODZhMi01ZGIyZWZhNGI4MWYiLCJpYXQiOjE3ODU3Nzc4NzEsImV4cCI6MTc4NTgwNjY3MX0.BWyI8T-W6BCYQhBtMpSQFE9VqOoe90u1pfoCQ9p2kwg 200 - 30ms","timestamp":"2026-08-03 11:24:51"}
{"level":"info","message":"[SOCKET] Forzando cierre de conexión para usuario ID: 4","timestamp":"2026-08-03 11:27:15"}
{"level":"info","message":"[SOCKET] Conexión cerrada: Renato [ID: dNbOeKplyWW7ZFxWAAAN]","timestamp":"2026-08-03 11:27:15"}
{"level":"info","message":"POST /api/auth/logout 200 - 15ms","timestamp":"2026-08-03 11:27:15"}
{"level":"info","message":"GET /api/catalogos/convocatoria-activa 304 - 4ms","timestamp":"2026-08-03 11:27:16"}
{"level":"info","message":"GET /api/catalogos/categorias 304 - 8ms","timestamp":"2026-08-03 11:27:16"}
{"level":"info","message":"GET /api/catalogos/convocatoria-activa 304 - 2ms","timestamp":"2026-08-03 11:27:18"}
{"level":"info","message":"GET /api/catalogos/categorias 304 - 3ms","timestamp":"2026-08-03 11:27:18"}
{"level":"info","message":"GET /api/catalogos/convocatoria-activa 304 - 2ms","timestamp":"2026-08-03 12:12:23"}
{"level":"info","message":"GET /api/catalogos/categorias 304 - 4ms","timestamp":"2026-08-03 12:12:23"}
{"level":"info","message":"POST /api/auth/login 200 - 59ms","timestamp":"2026-08-03 12:12:33"}
{"level":"info","message":"[SOCKET] Conexión establecida: superadmin (Superadmin Sistema IECM) [ID: AnTNdXau3sHYfbu_AAAP]","timestamp":"2026-08-03 12:12:33"}
{"level":"info","message":"[SOCKET] Conexión cerrada: superadmin [ID: AnTNdXau3sHYfbu_AAAP]","timestamp":"2026-08-03 12:12:35"}
{"level":"info","message":"GET /api/catalogos/convocatoria-activa 304 - 3ms","timestamp":"2026-08-03 12:12:35"}
{"level":"info","message":"GET /api/notificaciones 304 - 8ms","timestamp":"2026-08-03 12:12:35"}
{"level":"info","message":"GET /api/catalogos/categorias 304 - 9ms","timestamp":"2026-08-03 12:12:35"}
{"level":"info","message":"[SOCKET] Conexión establecida: superadmin (Superadmin Sistema IECM) [ID: UqDP3xiN0xhoJdrmAAAR]","timestamp":"2026-08-03 12:12:35"}
{"level":"info","message":"GET /api/superadmin/usuarios 200 - 14ms","timestamp":"2026-08-03 12:12:35"}
{"level":"info","message":"GET /api/superadmin/usuarios 304 - 6ms","timestamp":"2026-08-03 12:12:39"}
{"level":"info","message":"GET /api/superadmin/usuarios 304 - 6ms","timestamp":"2026-08-03 12:12:43"}
{"level":"info","message":"GET /api/superadmin/convocatorias 304 - 4ms","timestamp":"2026-08-03 12:12:45"}
{"level":"info","message":"GET /api/superadmin/categorias/1 304 - 5ms","timestamp":"2026-08-03 12:12:45"}
{"level":"info","message":"GET /api/notificaciones 401 - 0ms","timestamp":"2026-08-03 12:14:00"}
{"level":"info","message":"GET /api/catalogos/convocatoria-activa 200 - 9ms","timestamp":"2026-08-03 12:14:00"}
{"level":"info","message":"GET /api/catalogos/te-enteraste 304 - 13ms","timestamp":"2026-08-03 12:14:00"}
{"level":"info","message":"GET /api/catalogos/alcaldias 304 - 14ms","timestamp":"2026-08-03 12:14:00"}
{"level":"info","message":"GET /api/catalogos/manifestaciones 304 - 18ms","timestamp":"2026-08-03 12:14:00"}
{"level":"info","message":"GET /api/catalogos/categorias 304 - 23ms","timestamp":"2026-08-03 12:14:00"}
{"level":"info","message":"GET /api/participante/mi-registro 401 - 0ms","timestamp":"2026-08-03 12:14:00"}
{"level":"info","message":"GET /api/catalogos/convocatoria-activa 304 - 2ms","timestamp":"2026-08-03 12:14:00"}
{"level":"info","message":"GET /api/catalogos/categorias 304 - 4ms","timestamp":"2026-08-03 12:14:00"}
{"level":"info","message":"POST /api/auth/login 200 - 70ms","timestamp":"2026-08-03 12:14:10"}
{"level":"info","message":"[SOCKET] Conexión establecida: Renato (Renato Corona Landa) [ID: L6HdKtHYGvMuhyg-AAAT]","timestamp":"2026-08-03 12:14:10"}
{"level":"info","message":"[SOCKET] Conexión cerrada: Renato [ID: L6HdKtHYGvMuhyg-AAAT]","timestamp":"2026-08-03 12:14:12"}
{"level":"info","message":"GET /api/catalogos/convocatoria-activa 304 - 5ms","timestamp":"2026-08-03 12:14:12"}
{"level":"info","message":"GET /api/catalogos/alcaldias 304 - 5ms","timestamp":"2026-08-03 12:14:12"}
{"level":"info","message":"GET /api/catalogos/te-enteraste 304 - 7ms","timestamp":"2026-08-03 12:14:12"}
{"level":"info","message":"GET /api/notificaciones 304 - 10ms","timestamp":"2026-08-03 12:14:12"}
{"level":"info","message":"GET /api/catalogos/categorias 304 - 9ms","timestamp":"2026-08-03 12:14:12"}
{"level":"info","message":"GET /api/catalogos/manifestaciones 304 - 3ms","timestamp":"2026-08-03 12:14:12"}
{"level":"info","message":"[SOCKET] Conexión establecida: Renato (Renato Corona Landa) [ID: _58b2txuodQ3HRkEAAAV]","timestamp":"2026-08-03 12:14:12"}
{"level":"info","message":"GET /api/participante/mi-registro 304 - 15ms","timestamp":"2026-08-03 12:14:12"}
{"level":"info","message":"[SOCKET] Conexión establecida: Renato (Renato Corona Landa) [ID: wpegsKtWqS8x4BV1AAAB]","timestamp":"2026-08-03 12:16:15"}
{"level":"info","message":"[SOCKET] Conexión establecida: superadmin (Superadmin Sistema IECM) [ID: mkEcRIa7iqe5RRrWAAAD]","timestamp":"2026-08-03 12:16:15"}
{"level":"info","message":"[SOCKET] Conexión establecida: superadmin (Superadmin Sistema IECM) [ID: fDJQpgyESrZ9jdG6AAAB]","timestamp":"2026-08-03 12:16:21"}
{"level":"info","message":"[SOCKET] Conexión establecida: Renato (Renato Corona Landa) [ID: tpj-y4AxSxM1DOw1AAAD]","timestamp":"2026-08-03 12:16:22"}
{"level":"info","message":"[SOCKET] Conexión establecida: Renato (Renato Corona Landa) [ID: Xh8zlHJkI7gap7jkAAAB]","timestamp":"2026-08-03 12:16:25"}
{"level":"info","message":"[SOCKET] Conexión establecida: superadmin (Superadmin Sistema IECM) [ID: TsN6KJzMfKLZyKIIAAAD]","timestamp":"2026-08-03 12:16:26"}
{"level":"info","message":"[SOCKET] Conexión establecida: Renato (Renato Corona Landa) [ID: Mj2TwTWKQMJ1yMlzAAAB]","timestamp":"2026-08-03 12:16:35"}
{"level":"info","message":"[SOCKET] Conexión establecida: superadmin (Superadmin Sistema IECM) [ID: X8vKhL8QrJTkoocCAAAD]","timestamp":"2026-08-03 12:16:37"}
{"level":"info","message":"[SOCKET] Conexión establecida: Renato (Renato Corona Landa) [ID: tTI8jF10G6FJm-28AAAB]","timestamp":"2026-08-03 12:16:41"}
{"level":"info","message":"[SOCKET] Conexión establecida: superadmin (Superadmin Sistema IECM) [ID: b1g8eirgr7UWZ9e9AAAD]","timestamp":"2026-08-03 12:16:41"}
{"level":"info","message":"[SOCKET] Conexión cerrada: superadmin [ID: b1g8eirgr7UWZ9e9AAAD]","timestamp":"2026-08-03 12:17:05"}
{"level":"info","message":"GET /api/catalogos/convocatoria-activa 304 - 16ms","timestamp":"2026-08-03 12:17:05"}
{"level":"info","message":"GET /api/catalogos/categorias 304 - 24ms","timestamp":"2026-08-03 12:17:05"}
{"level":"info","message":"GET /api/superadmin/convocatorias 304 - 24ms","timestamp":"2026-08-03 12:17:05"}
{"level":"info","message":"[SOCKET] Conexión establecida: superadmin (Superadmin Sistema IECM) [ID: JFXxjEzhhzd7xnGLAAAG]","timestamp":"2026-08-03 12:17:05"}
{"level":"info","message":"GET /api/notificaciones 304 - 25ms","timestamp":"2026-08-03 12:17:05"}
{"level":"info","message":"GET /api/superadmin/categorias/1 304 - 7ms","timestamp":"2026-08-03 12:17:05"}
{"level":"info","message":"[SOCKET] Conexión cerrada: Renato [ID: tTI8jF10G6FJm-28AAAB]","timestamp":"2026-08-03 12:17:06"}
{"level":"info","message":"GET /api/catalogos/alcaldias 304 - 4ms","timestamp":"2026-08-03 12:17:06"}
{"level":"info","message":"GET /api/catalogos/convocatoria-activa 304 - 4ms","timestamp":"2026-08-03 12:17:06"}
{"level":"info","message":"GET /api/notificaciones 304 - 8ms","timestamp":"2026-08-03 12:17:06"}
{"level":"info","message":"GET /api/catalogos/categorias 304 - 6ms","timestamp":"2026-08-03 12:17:06"}
{"level":"info","message":"GET /api/catalogos/manifestaciones 304 - 3ms","timestamp":"2026-08-03 12:17:06"}
{"level":"info","message":"GET /api/catalogos/te-enteraste 304 - 3ms","timestamp":"2026-08-03 12:17:06"}
{"level":"info","message":"[SOCKET] Conexión establecida: Renato (Renato Corona Landa) [ID: lgOsygfRoCEEio1oAAAJ]","timestamp":"2026-08-03 12:17:06"}
{"level":"info","message":"GET /api/participante/mi-registro 304 - 8ms","timestamp":"2026-08-03 12:17:06"}
{"level":"info","message":"[SOCKET] Conexión cerrada: superadmin [ID: JFXxjEzhhzd7xnGLAAAG]","timestamp":"2026-08-03 12:17:10"}
{"level":"info","message":"GET /api/catalogos/convocatoria-activa 304 - 4ms","timestamp":"2026-08-03 12:17:10"}
{"level":"info","message":"GET /api/superadmin/convocatorias 304 - 11ms","timestamp":"2026-08-03 12:17:10"}
{"level":"info","message":"GET /api/notificaciones 304 - 11ms","timestamp":"2026-08-03 12:17:10"}
{"level":"info","message":"GET /api/catalogos/categorias 304 - 10ms","timestamp":"2026-08-03 12:17:10"}
{"level":"info","message":"[SOCKET] Conexión establecida: superadmin (Superadmin Sistema IECM) [ID: E3ULmhGzcjeY7Wn8AAAM]","timestamp":"2026-08-03 12:17:10"}
{"level":"info","message":"GET /api/superadmin/categorias/1 304 - 4ms","timestamp":"2026-08-03 12:17:10"}
{"level":"info","message":"[SOCKET] Conexión cerrada: Renato [ID: lgOsygfRoCEEio1oAAAJ]","timestamp":"2026-08-03 12:17:11"}
{"level":"info","message":"GET /api/notificaciones 304 - 4ms","timestamp":"2026-08-03 12:17:11"}
{"level":"info","message":"GET /api/catalogos/convocatoria-activa 304 - 2ms","timestamp":"2026-08-03 12:17:11"}
{"level":"info","message":"GET /api/catalogos/te-enteraste 304 - 2ms","timestamp":"2026-08-03 12:17:11"}
{"level":"info","message":"GET /api/catalogos/alcaldias 304 - 4ms","timestamp":"2026-08-03 12:17:11"}
{"level":"info","message":"GET /api/catalogos/categorias 304 - 6ms","timestamp":"2026-08-03 12:17:11"}
{"level":"info","message":"GET /api/catalogos/manifestaciones 304 - 2ms","timestamp":"2026-08-03 12:17:11"}
{"level":"info","message":"[SOCKET] Conexión establecida: Renato (Renato Corona Landa) [ID: iWA-d4QpjvCRwpdDAAAP]","timestamp":"2026-08-03 12:17:11"}
{"level":"info","message":"GET /api/participante/mi-registro 304 - 7ms","timestamp":"2026-08-03 12:17:11"}
{"level":"info","message":"[SOCKET] Conexión cerrada: superadmin [ID: E3ULmhGzcjeY7Wn8AAAM]","timestamp":"2026-08-03 12:17:28"}
{"level":"info","message":"GET /api/catalogos/convocatoria-activa 304 - 4ms","timestamp":"2026-08-03 12:17:28"}
{"level":"info","message":"GET /api/catalogos/tema 200 - 5ms","timestamp":"2026-08-03 12:17:28"}
{"level":"info","message":"GET /api/superadmin/convocatorias 304 - 9ms","timestamp":"2026-08-03 12:17:28"}
{"level":"info","message":"GET /api/notificaciones 304 - 8ms","timestamp":"2026-08-03 12:17:28"}
{"level":"info","message":"GET /api/catalogos/categorias 304 - 9ms","timestamp":"2026-08-03 12:17:28"}
{"level":"info","message":"[SOCKET] Conexión establecida: superadmin (Superadmin Sistema IECM) [ID: 8c4MXiGRb4fLzTy1AAAR]","timestamp":"2026-08-03 12:17:28"}
{"level":"info","message":"GET /api/superadmin/categorias/1 304 - 5ms","timestamp":"2026-08-03 12:17:28"}
{"level":"info","message":"[SOCKET] Conexión cerrada: superadmin [ID: 8c4MXiGRb4fLzTy1AAAR]","timestamp":"2026-08-03 12:17:37"}
{"level":"info","message":"GET /api/notificaciones 304 - 6ms","timestamp":"2026-08-03 12:17:37"}
{"level":"info","message":"GET /api/catalogos/tema 304 - 2ms","timestamp":"2026-08-03 12:17:37"}
{"level":"info","message":"GET /api/catalogos/convocatoria-activa 304 - 3ms","timestamp":"2026-08-03 12:17:37"}
{"level":"info","message":"GET /api/superadmin/convocatorias 304 - 7ms","timestamp":"2026-08-03 12:17:37"}
{"level":"info","message":"GET /api/catalogos/categorias 304 - 6ms","timestamp":"2026-08-03 12:17:37"}
{"level":"info","message":"[SOCKET] Conexión establecida: superadmin (Superadmin Sistema IECM) [ID: RD4rRhiIYgtRqNxrAAAT]","timestamp":"2026-08-03 12:17:37"}
{"level":"info","message":"GET /api/superadmin/categorias/1 304 - 5ms","timestamp":"2026-08-03 12:17:37"}
{"level":"info","message":"[SOCKET] Conexión cerrada: superadmin [ID: RD4rRhiIYgtRqNxrAAAT]","timestamp":"2026-08-03 12:17:55"}
{"level":"info","message":"GET /api/catalogos/convocatoria-activa 304 - 5ms","timestamp":"2026-08-03 12:17:55"}
{"level":"info","message":"GET /api/notificaciones 304 - 11ms","timestamp":"2026-08-03 12:17:55"}
{"level":"info","message":"GET /api/superadmin/convocatorias 304 - 11ms","timestamp":"2026-08-03 12:17:55"}
{"level":"info","message":"GET /api/catalogos/categorias 304 - 10ms","timestamp":"2026-08-03 12:17:55"}
{"level":"info","message":"[SOCKET] Conexión cerrada: Renato [ID: iWA-d4QpjvCRwpdDAAAP]","timestamp":"2026-08-03 12:17:55"}
{"level":"info","message":"GET /api/catalogos/tema 304 - 4ms","timestamp":"2026-08-03 12:17:55"}
{"level":"info","message":"[SOCKET] Conexión establecida: superadmin (Superadmin Sistema IECM) [ID: UDwX7SU8zigJWEovAAAW]","timestamp":"2026-08-03 12:17:55"}
{"level":"info","message":"GET /api/catalogos/tema 304 - 2ms","timestamp":"2026-08-03 12:17:55"}
{"level":"info","message":"GET /api/notificaciones 304 - 7ms","timestamp":"2026-08-03 12:17:55"}
{"level":"info","message":"GET /api/catalogos/convocatoria-activa 304 - 4ms","timestamp":"2026-08-03 12:17:55"}
{"level":"info","message":"GET /api/superadmin/categorias/1 304 - 7ms","timestamp":"2026-08-03 12:17:55"}
{"level":"info","message":"GET /api/catalogos/alcaldias 304 - 4ms","timestamp":"2026-08-03 12:17:55"}
{"level":"info","message":"GET /api/catalogos/te-enteraste 304 - 5ms","timestamp":"2026-08-03 12:17:55"}
{"level":"info","message":"GET /api/catalogos/categorias 304 - 7ms","timestamp":"2026-08-03 12:17:55"}
{"level":"info","message":"GET /api/catalogos/tema 200 - 3ms","timestamp":"2026-08-03 12:17:55"}
{"level":"info","message":"GET /api/catalogos/manifestaciones 304 - 3ms","timestamp":"2026-08-03 12:17:55"}
{"level":"info","message":"[SOCKET] Conexión establecida: Renato (Renato Corona Landa) [ID: A9I_GBOJr0r5vIYrAAAZ]","timestamp":"2026-08-03 12:17:55"}
{"level":"info","message":"GET /api/participante/mi-registro 304 - 6ms","timestamp":"2026-08-03 12:17:55"}
{"level":"info","message":"[SOCKET] Conexión establecida: superadmin (Superadmin Sistema IECM) [ID: i6FZ4RNRFoDY9d5RAAAB]","timestamp":"2026-08-03 12:18:05"}
{"level":"info","message":"[SOCKET] Conexión establecida: Renato (Renato Corona Landa) [ID: JaM00-npeBmmSOHGAAAD]","timestamp":"2026-08-03 12:18:07"}
{"level":"error","message":"Converting circular structure to JSON\n    --> starting at object with constructor 'Timeout'\n    |     property '_idlePrev' -> object with constructor 'TimersList'\n    --- property '_idleNext' closes the circle","stack":"TypeError: Converting circular structure to JSON\n    --> starting at object with constructor 'Timeout'\n    |     property '_idlePrev' -> object with constructor 'TimersList'\n    --- property '_idleNext' closes the circle\n    at JSON.stringify (<anonymous>)\n    at stringify (C:\\xampp\\htdocs\\2026\\Ensayo2027\\node_modules\\.pnpm\\express@4.22.2\\node_modules\\express\\lib\\response.js:1160:12)\n    at ServerResponse.json (C:\\xampp\\htdocs\\2026\\Ensayo2027\\node_modules\\.pnpm\\express@4.22.2\\node_modules\\express\\lib\\response.js:271:14)\n    at guardarTema (C:\\xampp\\htdocs\\2026\\Ensayo2027\\backend\\src\\controllers\\superadmin.controller.js:667:11)\n    at process.processTicksAndRejections (node:internal/process/task_queues:104:5)","timestamp":"2026-08-03 12:19:10"}
{"level":"info","message":"POST /api/superadmin/tema 500 - 22ms","timestamp":"2026-08-03 12:19:10"}
{"level":"info","message":"[SOCKET] Conexión establecida: Renato (Renato Corona Landa) [ID: WH8S4CvO-H5M0ZgBAAAB]","timestamp":"2026-08-03 12:20:06"}
{"level":"info","message":"[SOCKET] Conexión establecida: superadmin (Superadmin Sistema IECM) [ID: QVL27fHUAursqPdDAAAD]","timestamp":"2026-08-03 12:20:06"}
{"level":"info","message":"[SOCKET] Conexión establecida: superadmin (Superadmin Sistema IECM) [ID: 0YnsODC9HcQVKDlzAAAB]","timestamp":"2026-08-03 12:20:25"}
{"level":"info","message":"[SOCKET] Conexión establecida: Renato (Renato Corona Landa) [ID: tbEEZ7iYTCL1dcvGAAAD]","timestamp":"2026-08-03 12:20:26"}
{"level":"info","message":"POST /api/superadmin/tema 200 - 29ms","timestamp":"2026-08-03 12:21:00"}
{"level":"info","message":"POST /api/superadmin/tema 200 - 8ms","timestamp":"2026-08-03 12:21:42"}
{"level":"info","message":"POST /api/superadmin/tema 200 - 9ms","timestamp":"2026-08-03 12:22:00"}
{"level":"info","message":"GET /api/superadmin/convocatorias 304 - 7ms","timestamp":"2026-08-03 12:22:08"}
{"level":"info","message":"GET /api/superadmin/estadisticas?id_convocatoria=1 200 - 19ms","timestamp":"2026-08-03 12:22:08"}
{"level":"info","message":"POST /api/superadmin/tema 200 - 10ms","timestamp":"2026-08-03 12:22:17"}
{"level":"info","message":"POST /api/superadmin/tema 200 - 8ms","timestamp":"2026-08-03 12:23:57"}
{"level":"info","message":"POST /api/superadmin/tema 200 - 8ms","timestamp":"2026-08-03 12:24:13"}
{"level":"info","message":"[SOCKET] Forzando cierre de conexión para usuario ID: 1","timestamp":"2026-08-03 12:24:28"}
{"level":"info","message":"[SOCKET] Conexión cerrada: superadmin [ID: 0YnsODC9HcQVKDlzAAAB]","timestamp":"2026-08-03 12:24:28"}
{"level":"info","message":"POST /api/auth/logout 200 - 10ms","timestamp":"2026-08-03 12:24:28"}
{"level":"info","message":"GET /api/catalogos/convocatoria-activa 304 - 2ms","timestamp":"2026-08-03 12:24:29"}
{"level":"info","message":"GET /api/catalogos/categorias 304 - 7ms","timestamp":"2026-08-03 12:24:29"}
{"level":"info","message":"[SOCKET] Conexión cerrada: Renato [ID: tbEEZ7iYTCL1dcvGAAAD]","timestamp":"2026-08-03 12:24:33"}
{"level":"info","message":"GET /api/catalogos/tema 200 - 5ms","timestamp":"2026-08-03 12:24:33"}
{"level":"info","message":"GET /api/catalogos/alcaldias 200 - 9ms","timestamp":"2026-08-03 12:24:33"}
{"level":"info","message":"GET /api/catalogos/convocatoria-activa 200 - 9ms","timestamp":"2026-08-03 12:24:33"}
{"level":"info","message":"GET /api/catalogos/te-enteraste 200 - 16ms","timestamp":"2026-08-03 12:24:33"}
{"level":"info","message":"GET /api/catalogos/manifestaciones 200 - 10ms","timestamp":"2026-08-03 12:24:33"}
{"level":"info","message":"GET /api/notificaciones 200 - 29ms","timestamp":"2026-08-03 12:24:33"}
{"level":"info","message":"GET /api/catalogos/categorias 200 - 28ms","timestamp":"2026-08-03 12:24:33"}
{"level":"info","message":"[SOCKET] Conexión establecida: Renato (Renato Corona Landa) [ID: SoF1R8QBapiOheduAAAG]","timestamp":"2026-08-03 12:24:33"}
{"level":"info","message":"GET /api/participante/mi-registro 304 - 10ms","timestamp":"2026-08-03 12:24:33"}
{"level":"info","message":"POST /api/auth/login 200 - 100ms","timestamp":"2026-08-03 12:24:44"}
{"level":"info","message":"[SOCKET] Conexión cerrada: Renato [ID: SoF1R8QBapiOheduAAAG]","timestamp":"2026-08-03 12:24:44"}
{"level":"info","message":"[SOCKET] Conexión establecida: Renato (Renato Corona Landa) [ID: Kh___2jMXslGPbK1AAAI]","timestamp":"2026-08-03 12:24:44"}
{"level":"info","message":"[SOCKET] Conexión cerrada: Renato [ID: Kh___2jMXslGPbK1AAAI]","timestamp":"2026-08-03 12:24:46"}
{"level":"info","message":"GET /api/catalogos/convocatoria-activa 304 - 7ms","timestamp":"2026-08-03 12:24:46"}
{"level":"info","message":"GET /api/notificaciones 304 - 14ms","timestamp":"2026-08-03 12:24:46"}
{"level":"info","message":"GET /api/catalogos/alcaldias 304 - 7ms","timestamp":"2026-08-03 12:24:46"}
{"level":"info","message":"GET /api/catalogos/te-enteraste 304 - 10ms","timestamp":"2026-08-03 12:24:46"}
{"level":"info","message":"GET /api/catalogos/categorias 304 - 20ms","timestamp":"2026-08-03 12:24:46"}
{"level":"info","message":"GET /api/catalogos/manifestaciones 304 - 9ms","timestamp":"2026-08-03 12:24:46"}
{"level":"info","message":"[SOCKET] Conexión establecida: Renato (Renato Corona Landa) [ID: h7RxkamtozuvnrRpAAAK]","timestamp":"2026-08-03 12:24:46"}
{"level":"info","message":"GET /api/participante/mi-registro 304 - 11ms","timestamp":"2026-08-03 12:24:46"}
{"level":"info","message":"GET /api/catalogos/convocatoria-activa 304 - 3ms","timestamp":"2026-08-03 12:24:46"}
{"level":"info","message":"GET /api/catalogos/categorias 304 - 7ms","timestamp":"2026-08-03 12:24:46"}
{"level":"info","message":"POST /api/auth/login 200 - 70ms","timestamp":"2026-08-03 12:25:33"}
{"level":"info","message":"[SOCKET] Conexión cerrada: Renato [ID: h7RxkamtozuvnrRpAAAK]","timestamp":"2026-08-03 12:25:33"}
{"level":"info","message":"[SOCKET] Conexión establecida: Renato (Renato Corona Landa) [ID: 1SKPSlh2RblVZkcAAAAM]","timestamp":"2026-08-03 12:25:33"}
{"level":"info","message":"[SOCKET] Conexión cerrada: Renato [ID: 1SKPSlh2RblVZkcAAAAM]","timestamp":"2026-08-03 12:25:35"}
{"level":"info","message":"GET /api/catalogos/convocatoria-activa 304 - 5ms","timestamp":"2026-08-03 12:25:35"}
{"level":"info","message":"GET /api/catalogos/alcaldias 304 - 8ms","timestamp":"2026-08-03 12:25:35"}
{"level":"info","message":"GET /api/notificaciones 304 - 16ms","timestamp":"2026-08-03 12:25:35"}
{"level":"info","message":"GET /api/catalogos/te-enteraste 304 - 15ms","timestamp":"2026-08-03 12:25:35"}
{"level":"info","message":"GET /api/catalogos/manifestaciones 304 - 19ms","timestamp":"2026-08-03 12:25:35"}
{"level":"info","message":"[SOCKET] Conexión establecida: Renato (Renato Corona Landa) [ID: F3uy-JiJPOeTLxLAAAAO]","timestamp":"2026-08-03 12:25:35"}
{"level":"info","message":"GET /api/catalogos/categorias 304 - 26ms","timestamp":"2026-08-03 12:25:35"}
{"level":"info","message":"GET /api/participante/mi-registro 304 - 9ms","timestamp":"2026-08-03 12:25:35"}
{"level":"info","message":"GET /api/catalogos/convocatoria-activa 304 - 3ms","timestamp":"2026-08-03 12:25:35"}
{"level":"info","message":"GET /api/catalogos/categorias 304 - 6ms","timestamp":"2026-08-03 12:25:35"}
{"level":"info","message":"[SOCKET] Conexión cerrada: Renato [ID: F3uy-JiJPOeTLxLAAAAO]","timestamp":"2026-08-03 12:25:38"}
{"level":"info","message":"GET /api/catalogos/tema 200 - 6ms","timestamp":"2026-08-03 12:25:38"}
{"level":"info","message":"GET /api/catalogos/convocatoria-activa 304 - 7ms","timestamp":"2026-08-03 12:25:38"}
{"level":"info","message":"GET /api/catalogos/categorias 304 - 12ms","timestamp":"2026-08-03 12:25:38"}
{"level":"info","message":"GET /api/catalogos/tema 304 - 5ms","timestamp":"2026-08-03 12:25:38"}
{"level":"info","message":"GET /api/catalogos/alcaldias 304 - 12ms","timestamp":"2026-08-03 12:25:38"}
{"level":"info","message":"GET /api/catalogos/te-enteraste 304 - 17ms","timestamp":"2026-08-03 12:25:38"}
{"level":"info","message":"GET /api/catalogos/convocatoria-activa 304 - 21ms","timestamp":"2026-08-03 12:25:38"}
{"level":"info","message":"GET /api/catalogos/categorias 304 - 35ms","timestamp":"2026-08-03 12:25:38"}
{"level":"info","message":"GET /api/catalogos/manifestaciones 304 - 24ms","timestamp":"2026-08-03 12:25:38"}
{"level":"info","message":"GET /api/notificaciones 304 - 39ms","timestamp":"2026-08-03 12:25:38"}
{"level":"info","message":"[SOCKET] Conexión establecida: Renato (Renato Corona Landa) [ID: cb94Qhz8AJ-8stVEAAAR]","timestamp":"2026-08-03 12:25:38"}
{"level":"info","message":"GET /api/participante/mi-registro 304 - 15ms","timestamp":"2026-08-03 12:25:38"}
{"level":"info","message":"POST /api/auth/login 200 - 73ms","timestamp":"2026-08-03 12:25:45"}
{"level":"info","message":"[SOCKET] Conexión establecida: superadmin (Superadmin Sistema IECM) [ID: TJM2e_a1JqobrrMdAAAT]","timestamp":"2026-08-03 12:25:45"}
{"level":"info","message":"[SOCKET] Conexión cerrada: superadmin [ID: TJM2e_a1JqobrrMdAAAT]","timestamp":"2026-08-03 12:25:47"}
{"level":"info","message":"GET /api/catalogos/convocatoria-activa 304 - 6ms","timestamp":"2026-08-03 12:25:47"}
{"level":"info","message":"GET /api/notificaciones 304 - 9ms","timestamp":"2026-08-03 12:25:47"}
{"level":"info","message":"GET /api/catalogos/tema 304 - 6ms","timestamp":"2026-08-03 12:25:47"}
{"level":"info","message":"GET /api/catalogos/categorias 304 - 12ms","timestamp":"2026-08-03 12:25:47"}
{"level":"info","message":"[SOCKET] Conexión establecida: superadmin (Superadmin Sistema IECM) [ID: QLWagjNUBkhDlDdtAAAV]","timestamp":"2026-08-03 12:25:47"}
{"level":"info","message":"GET /api/superadmin/usuarios 200 - 20ms","timestamp":"2026-08-03 12:25:47"}
{"level":"info","message":"[SOCKET] Conexión cerrada: superadmin [ID: QLWagjNUBkhDlDdtAAAV]","timestamp":"2026-08-03 12:25:47"}
{"level":"info","message":"[SOCKET] Conexión cerrada: Renato [ID: cb94Qhz8AJ-8stVEAAAR]","timestamp":"2026-08-03 12:25:47"}
{"level":"info","message":"GET /api/catalogos/tema 304 - 6ms","timestamp":"2026-08-03 12:25:47"}
{"level":"info","message":"GET /api/notificaciones 304 - 18ms","timestamp":"2026-08-03 12:25:47"}
{"level":"info","message":"GET /api/catalogos/convocatoria-activa 304 - 16ms","timestamp":"2026-08-03 12:25:47"}
{"level":"info","message":"GET /api/catalogos/categorias 304 - 26ms","timestamp":"2026-08-03 12:25:47"}
{"level":"info","message":"GET /api/catalogos/tema 304 - 22ms","timestamp":"2026-08-03 12:25:47"}
{"level":"info","message":"GET /api/superadmin/usuarios 200 - 52ms","timestamp":"2026-08-03 12:25:47"}
{"level":"info","message":"[SOCKET] Conexión establecida: superadmin (Superadmin Sistema IECM) [ID: I-OKYoW5dbT5tgjSAAAY]","timestamp":"2026-08-03 12:25:47"}
{"level":"info","message":"GET /api/catalogos/tema 304 - 3ms","timestamp":"2026-08-03 12:25:47"}
{"level":"info","message":"GET /api/catalogos/tema 304 - 16ms","timestamp":"2026-08-03 12:25:47"}
{"level":"info","message":"GET /api/catalogos/convocatoria-activa 304 - 18ms","timestamp":"2026-08-03 12:25:47"}
{"level":"info","message":"GET /api/catalogos/alcaldias 304 - 18ms","timestamp":"2026-08-03 12:25:47"}
{"level":"info","message":"GET /api/notificaciones 304 - 40ms","timestamp":"2026-08-03 12:25:47"}
{"level":"info","message":"GET /api/catalogos/te-enteraste 304 - 20ms","timestamp":"2026-08-03 12:25:47"}
{"level":"info","message":"GET /api/catalogos/categorias 304 - 40ms","timestamp":"2026-08-03 12:25:47"}
{"level":"info","message":"GET /api/catalogos/manifestaciones 304 - 19ms","timestamp":"2026-08-03 12:25:47"}
{"level":"info","message":"[SOCKET] Conexión establecida: Renato (Renato Corona Landa) [ID: SGLIxtiBNFdQUw8LAAAb]","timestamp":"2026-08-03 12:25:47"}
{"level":"info","message":"GET /api/participante/mi-registro 304 - 21ms","timestamp":"2026-08-03 12:25:47"}
{"level":"info","message":"GET /api/superadmin/usuarios 200 - 9ms","timestamp":"2026-08-03 12:25:51"}
{"level":"info","message":"[SOCKET] Conexión cerrada: superadmin [ID: I-OKYoW5dbT5tgjSAAAY]","timestamp":"2026-08-03 12:26:17"}
{"level":"info","message":"[SOCKET] Conexión cerrada: Renato [ID: SGLIxtiBNFdQUw8LAAAb]","timestamp":"2026-08-03 12:26:17"}
{"level":"info","message":"GET /api/catalogos/tema 304 - 3ms","timestamp":"2026-08-03 12:26:17"}
{"level":"info","message":"GET /api/catalogos/convocatoria-activa 304 - 9ms","timestamp":"2026-08-03 12:26:17"}
{"level":"info","message":"GET /api/notificaciones 304 - 12ms","timestamp":"2026-08-03 12:26:17"}
{"level":"info","message":"GET /api/catalogos/categorias 304 - 14ms","timestamp":"2026-08-03 12:26:17"}
{"level":"info","message":"GET /api/catalogos/tema 304 - 5ms","timestamp":"2026-08-03 12:26:17"}
{"level":"info","message":"[SOCKET] Conexión establecida: superadmin (Superadmin Sistema IECM) [ID: Nuz2k7s7ccNnSB6lAAAe]","timestamp":"2026-08-03 12:26:17"}
{"level":"info","message":"GET /api/catalogos/tema 304 - 3ms","timestamp":"2026-08-03 12:26:17"}
{"level":"info","message":"GET /api/catalogos/tema 304 - 8ms","timestamp":"2026-08-03 12:26:17"}
{"level":"info","message":"GET /api/notificaciones 304 - 14ms","timestamp":"2026-08-03 12:26:17"}
{"level":"info","message":"GET /api/catalogos/convocatoria-activa 304 - 12ms","timestamp":"2026-08-03 12:26:17"}
{"level":"info","message":"GET /api/catalogos/alcaldias 304 - 10ms","timestamp":"2026-08-03 12:26:17"}
{"level":"info","message":"GET /api/catalogos/categorias 304 - 15ms","timestamp":"2026-08-03 12:26:17"}
{"level":"info","message":"GET /api/catalogos/te-enteraste 304 - 6ms","timestamp":"2026-08-03 12:26:17"}
{"level":"info","message":"GET /api/catalogos/manifestaciones 304 - 6ms","timestamp":"2026-08-03 12:26:17"}
{"level":"info","message":"[SOCKET] Conexión establecida: Renato (Renato Corona Landa) [ID: troLktx3Ma4oz6UwAAAh]","timestamp":"2026-08-03 12:26:17"}
{"level":"info","message":"GET /api/participante/mi-registro 304 - 13ms","timestamp":"2026-08-03 12:26:17"}
{"level":"info","message":"[SOCKET] Conexión establecida: superadmin (Superadmin Sistema IECM) [ID: a-_tG-oDrIuiI8-fAAAB]","timestamp":"2026-08-03 12:26:28"}
{"level":"info","message":"[SOCKET] Conexión establecida: Renato (Renato Corona Landa) [ID: iM5fYfJkuY7dOvFiAAAD]","timestamp":"2026-08-03 12:26:28"}
{"level":"info","message":"POST /api/superadmin/tema 200 - 22ms","timestamp":"2026-08-03 12:31:15"}
{"level":"info","message":"[SOCKET] Conexión establecida: superadmin (Superadmin Sistema IECM) [ID: aoExzieOnNXAcKa7AAAB]","timestamp":"2026-08-03 12:31:30"}
{"level":"info","message":"[SOCKET] Conexión establecida: Renato (Renato Corona Landa) [ID: 9zjWA0GihpTmPo16AAAD]","timestamp":"2026-08-03 12:31:31"}
{"level":"info","message":"[SOCKET] Conexión establecida: Renato (Renato Corona Landa) [ID: hb21m0X6X2NfiGecAAAB]","timestamp":"2026-08-03 12:31:39"}
{"level":"info","message":"[SOCKET] Conexión establecida: superadmin (Superadmin Sistema IECM) [ID: bEnt4tKc9Xzz4EjXAAAD]","timestamp":"2026-08-03 12:31:40"}
{"level":"info","message":"[SOCKET] Conexión cerrada: Renato [ID: hb21m0X6X2NfiGecAAAB]","timestamp":"2026-08-03 12:31:47"}
{"level":"info","message":"GET /api/catalogos/tema 200 - 10ms","timestamp":"2026-08-03 12:31:47"}
{"level":"info","message":"GET /api/notificaciones 304 - 16ms","timestamp":"2026-08-03 12:31:47"}
{"level":"info","message":"GET /api/catalogos/convocatoria-activa 304 - 13ms","timestamp":"2026-08-03 12:31:47"}
{"level":"info","message":"GET /api/catalogos/alcaldias 304 - 17ms","timestamp":"2026-08-03 12:31:47"}
{"level":"info","message":"GET /api/catalogos/te-enteraste 304 - 17ms","timestamp":"2026-08-03 12:31:47"}
{"level":"info","message":"GET /api/catalogos/manifestaciones 304 - 7ms","timestamp":"2026-08-03 12:31:47"}
{"level":"info","message":"[SOCKET] Conexión establecida: Renato (Renato Corona Landa) [ID: 0sS9iNUCn5uWyMjVAAAG]","timestamp":"2026-08-03 12:31:47"}
{"level":"info","message":"GET /api/catalogos/categorias 304 - 22ms","timestamp":"2026-08-03 12:31:47"}
{"level":"info","message":"GET /api/catalogos/tema 304 - 2ms","timestamp":"2026-08-03 12:31:47"}
{"level":"info","message":"[SOCKET] Conexión cerrada: superadmin [ID: bEnt4tKc9Xzz4EjXAAAD]","timestamp":"2026-08-03 12:31:47"}
{"level":"info","message":"GET /api/participante/mi-registro 304 - 14ms","timestamp":"2026-08-03 12:31:47"}
{"level":"info","message":"GET /api/catalogos/tema 200 - 3ms","timestamp":"2026-08-03 12:31:47"}
{"level":"info","message":"GET /api/catalogos/tema 304 - 7ms","timestamp":"2026-08-03 12:31:47"}
{"level":"info","message":"GET /api/catalogos/convocatoria-activa 304 - 7ms","timestamp":"2026-08-03 12:31:47"}
{"level":"info","message":"GET /api/notificaciones 304 - 12ms","timestamp":"2026-08-03 12:31:47"}
{"level":"info","message":"GET /api/catalogos/categorias 304 - 11ms","timestamp":"2026-08-03 12:31:47"}
{"level":"info","message":"[SOCKET] Conexión establecida: superadmin (Superadmin Sistema IECM) [ID: nnGN2El2Q4Zp7gkCAAAJ]","timestamp":"2026-08-03 12:31:47"}
{"level":"info","message":"[SOCKET] Conexión cerrada: superadmin [ID: nnGN2El2Q4Zp7gkCAAAJ]","timestamp":"2026-08-03 12:32:21"}
{"level":"info","message":"GET /api/catalogos/tema 304 - 4ms","timestamp":"2026-08-03 12:32:21"}
{"level":"info","message":"GET /api/catalogos/convocatoria-activa 304 - 13ms","timestamp":"2026-08-03 12:32:21"}
{"level":"info","message":"GET /api/catalogos/tema 304 - 12ms","timestamp":"2026-08-03 12:32:21"}
{"level":"info","message":"GET /api/notificaciones 304 - 22ms","timestamp":"2026-08-03 12:32:21"}
{"level":"info","message":"GET /api/catalogos/categorias 304 - 20ms","timestamp":"2026-08-03 12:32:21"}
{"level":"info","message":"[SOCKET] Conexión establecida: superadmin (Superadmin Sistema IECM) [ID: DZy6Jo2C_8kjtqGZAAAM]","timestamp":"2026-08-03 12:32:21"}
{"level":"info","message":"[SOCKET] Conexión cerrada: Renato [ID: 0sS9iNUCn5uWyMjVAAAG]","timestamp":"2026-08-03 12:32:22"}
{"level":"info","message":"GET /api/catalogos/tema 304 - 2ms","timestamp":"2026-08-03 12:32:22"}
{"level":"info","message":"GET /api/catalogos/convocatoria-activa 304 - 3ms","timestamp":"2026-08-03 12:32:22"}
{"level":"info","message":"GET /api/notificaciones 304 - 7ms","timestamp":"2026-08-03 12:32:22"}
{"level":"info","message":"GET /api/catalogos/categorias 304 - 6ms","timestamp":"2026-08-03 12:32:22"}
{"level":"info","message":"GET /api/catalogos/alcaldias 304 - 5ms","timestamp":"2026-08-03 12:32:22"}
{"level":"info","message":"GET /api/catalogos/te-enteraste 304 - 4ms","timestamp":"2026-08-03 12:32:22"}
{"level":"info","message":"GET /api/catalogos/manifestaciones 304 - 4ms","timestamp":"2026-08-03 12:32:22"}
{"level":"info","message":"GET /api/catalogos/tema 304 - 4ms","timestamp":"2026-08-03 12:32:22"}
{"level":"info","message":"[SOCKET] Conexión establecida: Renato (Renato Corona Landa) [ID: AGt_Mhz8SAGAxEmbAAAP]","timestamp":"2026-08-03 12:32:22"}
{"level":"info","message":"GET /api/participante/mi-registro 304 - 11ms","timestamp":"2026-08-03 12:32:22"}
{"level":"info","message":"[SOCKET] Conexión establecida: Renato (Renato Corona Landa) [ID: HjU6Gqt_kN3e6PF2AAAB]","timestamp":"2026-08-03 12:32:40"}
{"level":"info","message":"[SOCKET] Conexión establecida: superadmin (Superadmin Sistema IECM) [ID: gd0MDK8mWMTKzjNTAAAD]","timestamp":"2026-08-03 12:32:40"}
{"level":"info","message":"[SOCKET] Conexión cerrada: superadmin [ID: gd0MDK8mWMTKzjNTAAAD]","timestamp":"2026-08-03 12:33:35"}
{"level":"info","message":"GET /api/catalogos/tema 304 - 9ms","timestamp":"2026-08-03 12:33:35"}
{"level":"info","message":"GET /api/catalogos/convocatoria-activa 304 - 9ms","timestamp":"2026-08-03 12:33:35"}
{"level":"info","message":"GET /api/catalogos/tema 304 - 10ms","timestamp":"2026-08-03 12:33:35"}
{"level":"info","message":"GET /api/notificaciones 304 - 27ms","timestamp":"2026-08-03 12:33:35"}
{"level":"info","message":"GET /api/catalogos/categorias 304 - 28ms","timestamp":"2026-08-03 12:33:35"}
{"level":"info","message":"[SOCKET] Conexión establecida: superadmin (Superadmin Sistema IECM) [ID: GIrguTtu9eKiMphHAAAG]","timestamp":"2026-08-03 12:33:35"}
{"level":"info","message":"[SOCKET] Conexión cerrada: Renato [ID: HjU6Gqt_kN3e6PF2AAAB]","timestamp":"2026-08-03 12:33:36"}
{"level":"info","message":"GET /api/catalogos/tema 304 - 2ms","timestamp":"2026-08-03 12:33:36"}
{"level":"info","message":"GET /api/notificaciones 304 - 6ms","timestamp":"2026-08-03 12:33:36"}
{"level":"info","message":"GET /api/catalogos/te-enteraste 304 - 4ms","timestamp":"2026-08-03 12:33:36"}
{"level":"info","message":"GET /api/catalogos/convocatoria-activa 304 - 6ms","timestamp":"2026-08-03 12:33:36"}
{"level":"info","message":"GET /api/catalogos/tema 304 - 9ms","timestamp":"2026-08-03 12:33:36"}
{"level":"info","message":"GET /api/catalogos/alcaldias 304 - 11ms","timestamp":"2026-08-03 12:33:36"}
{"level":"info","message":"GET /api/catalogos/categorias 304 - 16ms","timestamp":"2026-08-03 12:33:36"}
{"level":"info","message":"GET /api/catalogos/manifestaciones 304 - 6ms","timestamp":"2026-08-03 12:33:36"}
{"level":"info","message":"[SOCKET] Conexión establecida: Renato (Renato Corona Landa) [ID: rE26FINGq4_aW5X0AAAJ]","timestamp":"2026-08-03 12:33:36"}
{"level":"info","message":"GET /api/participante/mi-registro 304 - 10ms","timestamp":"2026-08-03 12:33:36"}
{"level":"info","message":"GET /api/superadmin/convocatorias 304 - 4ms","timestamp":"2026-08-03 12:33:41"}
{"level":"info","message":"GET /api/superadmin/estadisticas?id_convocatoria=1 304 - 11ms","timestamp":"2026-08-03 12:33:41"}
{"level":"info","message":"[SOCKET] Conexión cerrada: superadmin [ID: GIrguTtu9eKiMphHAAAG]","timestamp":"2026-08-03 12:33:44"}
{"level":"info","message":"[SOCKET] Conexión cerrada: Renato [ID: rE26FINGq4_aW5X0AAAJ]","timestamp":"2026-08-03 12:33:44"}
{"level":"info","message":"GET /api/catalogos/tema 304 - 6ms","timestamp":"2026-08-03 12:33:44"}
{"level":"info","message":"GET /api/catalogos/convocatoria-activa 304 - 12ms","timestamp":"2026-08-03 12:33:44"}
{"level":"info","message":"GET /api/superadmin/convocatorias 304 - 20ms","timestamp":"2026-08-03 12:33:44"}
{"level":"info","message":"GET /api/catalogos/tema 304 - 10ms","timestamp":"2026-08-03 12:33:44"}
{"level":"info","message":"GET /api/notificaciones 304 - 20ms","timestamp":"2026-08-03 12:33:44"}
{"level":"info","message":"GET /api/catalogos/categorias 304 - 18ms","timestamp":"2026-08-03 12:33:44"}
{"level":"info","message":"[SOCKET] Conexión establecida: superadmin (Superadmin Sistema IECM) [ID: hxHjgPzo0fxWKpioAAAM]","timestamp":"2026-08-03 12:33:44"}
{"level":"info","message":"GET /api/superadmin/estadisticas?id_convocatoria=1 304 - 10ms","timestamp":"2026-08-03 12:33:44"}
{"level":"info","message":"GET /api/catalogos/tema 304 - 3ms","timestamp":"2026-08-03 12:33:44"}
{"level":"info","message":"GET /api/catalogos/convocatoria-activa 304 - 12ms","timestamp":"2026-08-03 12:33:44"}
{"level":"info","message":"GET /api/catalogos/tema 304 - 12ms","timestamp":"2026-08-03 12:33:44"}
{"level":"info","message":"GET /api/notificaciones 304 - 18ms","timestamp":"2026-08-03 12:33:44"}
{"level":"info","message":"GET /api/catalogos/te-enteraste 304 - 10ms","timestamp":"2026-08-03 12:33:44"}
{"level":"info","message":"GET /api/catalogos/alcaldias 304 - 10ms","timestamp":"2026-08-03 12:33:44"}
{"level":"info","message":"GET /api/catalogos/categorias 304 - 21ms","timestamp":"2026-08-03 12:33:44"}
{"level":"info","message":"GET /api/catalogos/manifestaciones 304 - 3ms","timestamp":"2026-08-03 12:33:44"}
{"level":"info","message":"[SOCKET] Conexión establecida: Renato (Renato Corona Landa) [ID: tHLS4_Bta-GehnicAAAP]","timestamp":"2026-08-03 12:33:44"}
{"level":"info","message":"GET /api/participante/mi-registro 304 - 12ms","timestamp":"2026-08-03 12:33:44"}
{"level":"info","message":"GET /api/superadmin/convocatorias 304 - 5ms","timestamp":"2026-08-03 12:33:46"}
{"level":"info","message":"GET /api/superadmin/estadisticas?id_convocatoria=1 304 - 10ms","timestamp":"2026-08-03 12:33:46"}
{"level":"info","message":"[SOCKET] Conexión establecida: superadmin (Superadmin Sistema IECM) [ID: TnUzsRrAOq6gp9SOAAAB]","timestamp":"2026-08-03 12:33:54"}
{"level":"info","message":"[SOCKET] Conexión establecida: Renato (Renato Corona Landa) [ID: 5WCNOca3xxLHUc9aAAAD]","timestamp":"2026-08-03 12:33:55"}
{"level":"info","message":"POST /api/superadmin/tema 200 - 21ms","timestamp":"2026-08-03 12:35:04"}
{"level":"info","message":"POST /api/superadmin/tema 200 - 11ms","timestamp":"2026-08-03 12:35:16"}
{"level":"info","message":"[SOCKET] Conexión establecida: Renato (Renato Corona Landa) [ID: NHXHzAZCI0d4hTG1AAAB]","timestamp":"2026-08-03 12:36:21"}
{"level":"info","message":"[SOCKET] Conexión establecida: superadmin (Superadmin Sistema IECM) [ID: BC5QPoF7YnBRncxGAAAD]","timestamp":"2026-08-03 12:36:21"}
{"level":"info","message":"POST /api/superadmin/tema 200 - 12ms","timestamp":"2026-08-03 12:36:41"}
{"level":"info","message":"[SOCKET] Conexión cerrada: Renato [ID: NHXHzAZCI0d4hTG1AAAB]","timestamp":"2026-08-03 12:36:46"}
{"level":"info","message":"GET /api/catalogos/tema 200 - 5ms","timestamp":"2026-08-03 12:36:46"}
{"level":"info","message":"GET /api/catalogos/tema 200 - 9ms","timestamp":"2026-08-03 12:36:46"}
{"level":"info","message":"GET /api/catalogos/convocatoria-activa 200 - 19ms","timestamp":"2026-08-03 12:36:46"}
{"level":"info","message":"GET /api/catalogos/alcaldias 200 - 18ms","timestamp":"2026-08-03 12:36:46"}
{"level":"info","message":"GET /api/notificaciones 200 - 42ms","timestamp":"2026-08-03 12:36:46"}
{"level":"info","message":"GET /api/catalogos/te-enteraste 200 - 29ms","timestamp":"2026-08-03 12:36:46"}
{"level":"info","message":"GET /api/catalogos/manifestaciones 200 - 26ms","timestamp":"2026-08-03 12:36:46"}
{"level":"info","message":"[SOCKET] Conexión establecida: Renato (Renato Corona Landa) [ID: qplNIl4EZiiC9EcDAAAG]","timestamp":"2026-08-03 12:36:46"}
{"level":"info","message":"GET /api/catalogos/categorias 200 - 42ms","timestamp":"2026-08-03 12:36:46"}
{"level":"info","message":"GET /api/participante/mi-registro 304 - 10ms","timestamp":"2026-08-03 12:36:46"}
{"level":"info","message":"[SOCKET] Conexión cerrada: superadmin [ID: BC5QPoF7YnBRncxGAAAD]","timestamp":"2026-08-03 12:38:16"}
{"level":"info","message":"GET /api/catalogos/tema 200 - 4ms","timestamp":"2026-08-03 12:38:16"}
{"level":"info","message":"GET /api/catalogos/convocatoria-activa 304 - 13ms","timestamp":"2026-08-03 12:38:17"}
{"level":"info","message":"GET /api/catalogos/tema 304 - 8ms","timestamp":"2026-08-03 12:38:17"}
{"level":"info","message":"GET /api/notificaciones 304 - 22ms","timestamp":"2026-08-03 12:38:17"}
{"level":"info","message":"GET /api/catalogos/categorias 304 - 20ms","timestamp":"2026-08-03 12:38:17"}
{"level":"info","message":"[SOCKET] Conexión establecida: superadmin (Superadmin Sistema IECM) [ID: reh1xMvEdz939GZZAAAJ]","timestamp":"2026-08-03 12:38:17"}
{"level":"info","message":"[SOCKET] Conexión cerrada: Renato [ID: qplNIl4EZiiC9EcDAAAG]","timestamp":"2026-08-03 12:38:17"}
{"level":"info","message":"GET /api/catalogos/tema 304 - 4ms","timestamp":"2026-08-03 12:38:17"}
{"level":"info","message":"GET /api/catalogos/tema 304 - 3ms","timestamp":"2026-08-03 12:38:17"}
{"level":"info","message":"GET /api/catalogos/convocatoria-activa 304 - 5ms","timestamp":"2026-08-03 12:38:17"}
{"level":"info","message":"GET /api/catalogos/alcaldias 304 - 6ms","timestamp":"2026-08-03 12:38:17"}
{"level":"info","message":"GET /api/notificaciones 304 - 14ms","timestamp":"2026-08-03 12:38:17"}
{"level":"info","message":"GET /api/catalogos/te-enteraste 304 - 9ms","timestamp":"2026-08-03 12:38:17"}
{"level":"info","message":"GET /api/catalogos/categorias 304 - 16ms","timestamp":"2026-08-03 12:38:17"}
{"level":"info","message":"GET /api/catalogos/manifestaciones 304 - 5ms","timestamp":"2026-08-03 12:38:17"}
{"level":"info","message":"[SOCKET] Conexión establecida: Renato (Renato Corona Landa) [ID: YOYvwwwnw5BgG45VAAAM]","timestamp":"2026-08-03 12:38:17"}
{"level":"info","message":"GET /api/participante/mi-registro 304 - 11ms","timestamp":"2026-08-03 12:38:17"}
{"level":"info","message":"[SOCKET] Conexión establecida: Renato (Renato Corona Landa) [ID: KhbW1z-8LwKnVMKHAAAB]","timestamp":"2026-08-03 12:38:27"}
{"level":"info","message":"[SOCKET] Conexión establecida: superadmin (Superadmin Sistema IECM) [ID: FTRb5GnZjD4Vkrr7AAAD]","timestamp":"2026-08-03 12:38:27"}
{"level":"info","message":"POST /api/superadmin/tema 200 - 12ms","timestamp":"2026-08-03 12:38:35"}
{"level":"info","message":"POST /api/superadmin/tema 200 - 10ms","timestamp":"2026-08-03 12:38:38"}
{"level":"info","message":"[SOCKET] Conexión cerrada: superadmin [ID: FTRb5GnZjD4Vkrr7AAAD]","timestamp":"2026-08-03 12:38:41"}
{"level":"info","message":"GET /api/catalogos/tema 200 - 4ms","timestamp":"2026-08-03 12:38:41"}
{"level":"info","message":"GET /api/catalogos/convocatoria-activa 304 - 13ms","timestamp":"2026-08-03 12:38:41"}
{"level":"info","message":"GET /api/catalogos/tema 304 - 18ms","timestamp":"2026-08-03 12:38:41"}
{"level":"info","message":"GET /api/notificaciones 304 - 30ms","timestamp":"2026-08-03 12:38:41"}
{"level":"info","message":"[SOCKET] Conexión establecida: superadmin (Superadmin Sistema IECM) [ID: 13W3j8_guL8J0ZqkAAAG]","timestamp":"2026-08-03 12:38:41"}
{"level":"info","message":"GET /api/catalogos/categorias 304 - 28ms","timestamp":"2026-08-03 12:38:41"}
{"level":"info","message":"POST /api/superadmin/tema 200 - 11ms","timestamp":"2026-08-03 12:39:24"}
{"level":"info","message":"POST /api/superadmin/tema 200 - 15ms","timestamp":"2026-08-03 12:39:34"}
{"level":"info","message":"GET /api/superadmin/usuarios 304 - 9ms","timestamp":"2026-08-03 12:39:46"}
{"level":"info","message":"GET /api/superadmin/convocatorias 304 - 4ms","timestamp":"2026-08-03 12:39:47"}
{"level":"info","message":"GET /api/superadmin/categorias/1 304 - 5ms","timestamp":"2026-08-03 12:39:47"}
{"level":"info","message":"POST /api/superadmin/tema 200 - 8ms","timestamp":"2026-08-03 12:40:08"}
{"level":"info","message":"POST /api/superadmin/tema 200 - 8ms","timestamp":"2026-08-03 12:40:21"}
{"level":"info","message":"POST /api/superadmin/tema 200 - 8ms","timestamp":"2026-08-03 12:40:43"}
{"level":"info","message":"GET /api/superadmin/usuarios 304 - 8ms","timestamp":"2026-08-03 12:40:46"}
{"level":"info","message":"GET /api/superadmin/convocatorias 304 - 4ms","timestamp":"2026-08-03 12:40:47"}
{"level":"info","message":"GET /api/superadmin/categorias/1 304 - 6ms","timestamp":"2026-08-03 12:40:47"}
{"level":"info","message":"GET /api/superadmin/manifestaciones 200 - 4ms","timestamp":"2026-08-03 12:40:48"}
{"level":"info","message":"GET /api/superadmin/usuarios 304 - 8ms","timestamp":"2026-08-03 12:40:48"}
{"level":"info","message":"GET /api/superadmin/convocatorias 304 - 5ms","timestamp":"2026-08-03 12:40:50"}
{"level":"info","message":"GET /api/superadmin/estadisticas?id_convocatoria=1 304 - 10ms","timestamp":"2026-08-03 12:40:50"}
{"level":"info","message":"POST /api/superadmin/tema 200 - 7ms","timestamp":"2026-08-03 12:41:06"}
{"level":"info","message":"GET /api/superadmin/manifestaciones 304 - 4ms","timestamp":"2026-08-03 12:41:13"}
{"level":"info","message":"GET /api/superadmin/convocatorias 304 - 5ms","timestamp":"2026-08-03 12:41:16"}
{"level":"info","message":"GET /api/superadmin/categorias/1 304 - 7ms","timestamp":"2026-08-03 12:41:16"}
{"level":"info","message":"POST /api/superadmin/tema 200 - 8ms","timestamp":"2026-08-03 12:41:35"}
{"level":"info","message":"POST /api/superadmin/tema 200 - 10ms","timestamp":"2026-08-03 12:42:06"}
{"level":"info","message":"GET /api/superadmin/usuarios 304 - 7ms","timestamp":"2026-08-03 12:42:08"}
{"level":"info","message":"[SOCKET] Conexión cerrada: Renato [ID: KhbW1z-8LwKnVMKHAAAB]","timestamp":"2026-08-03 12:42:31"}
{"level":"info","message":"GET /api/catalogos/tema 200 - 4ms","timestamp":"2026-08-03 12:42:31"}
{"level":"info","message":"GET /api/catalogos/tema 200 - 5ms","timestamp":"2026-08-03 12:42:31"}
{"level":"info","message":"GET /api/catalogos/convocatoria-activa 200 - 8ms","timestamp":"2026-08-03 12:42:31"}
{"level":"info","message":"GET /api/catalogos/alcaldias 200 - 12ms","timestamp":"2026-08-03 12:42:31"}
{"level":"info","message":"GET /api/catalogos/te-enteraste 200 - 13ms","timestamp":"2026-08-03 12:42:31"}
{"level":"info","message":"GET /api/notificaciones 200 - 24ms","timestamp":"2026-08-03 12:42:31"}
{"level":"info","message":"GET /api/catalogos/categorias 200 - 25ms","timestamp":"2026-08-03 12:42:31"}
{"level":"info","message":"GET /api/catalogos/manifestaciones 200 - 15ms","timestamp":"2026-08-03 12:42:31"}
{"level":"info","message":"[SOCKET] Conexión establecida: Renato (Renato Corona Landa) [ID: yCatwJNycetr6rkrAAAJ]","timestamp":"2026-08-03 12:42:31"}
{"level":"info","message":"GET /api/participante/mi-registro 304 - 11ms","timestamp":"2026-08-03 12:42:31"}
{"level":"info","message":"POST /api/superadmin/tema 200 - 13ms","timestamp":"2026-08-03 12:42:40"}
{"level":"info","message":"[SOCKET] Conexión cerrada: Renato [ID: yCatwJNycetr6rkrAAAJ]","timestamp":"2026-08-03 12:42:43"}
{"level":"info","message":"GET /api/catalogos/tema 200 - 3ms","timestamp":"2026-08-03 12:42:43"}
{"level":"info","message":"GET /api/catalogos/tema 200 - 5ms","timestamp":"2026-08-03 12:42:43"}
{"level":"info","message":"GET /api/notificaciones 200 - 9ms","timestamp":"2026-08-03 12:42:43"}
{"level":"info","message":"GET /api/catalogos/convocatoria-activa 200 - 7ms","timestamp":"2026-08-03 12:42:43"}
{"level":"info","message":"GET /api/catalogos/alcaldias 200 - 8ms","timestamp":"2026-08-03 12:42:43"}
{"level":"info","message":"GET /api/catalogos/categorias 200 - 12ms","timestamp":"2026-08-03 12:42:43"}
{"level":"info","message":"GET /api/catalogos/te-enteraste 200 - 8ms","timestamp":"2026-08-03 12:42:43"}
{"level":"info","message":"GET /api/catalogos/manifestaciones 200 - 7ms","timestamp":"2026-08-03 12:42:43"}
{"level":"info","message":"[SOCKET] Conexión establecida: Renato (Renato Corona Landa) [ID: 8HaxV6Feg9DxSAPPAAAM]","timestamp":"2026-08-03 12:42:43"}
{"level":"info","message":"GET /api/participante/mi-registro 304 - 8ms","timestamp":"2026-08-03 12:42:43"}
{"level":"info","message":"POST /api/superadmin/tema 200 - 15ms","timestamp":"2026-08-03 12:42:53"}
{"level":"info","message":"[SOCKET] Conexión cerrada: Renato [ID: 8HaxV6Feg9DxSAPPAAAM]","timestamp":"2026-08-03 12:42:57"}
{"level":"info","message":"GET /api/catalogos/tema 200 - 3ms","timestamp":"2026-08-03 12:42:57"}
{"level":"info","message":"GET /api/catalogos/tema 200 - 5ms","timestamp":"2026-08-03 12:42:57"}
{"level":"info","message":"GET /api/catalogos/convocatoria-activa 200 - 5ms","timestamp":"2026-08-03 12:42:57"}
{"level":"info","message":"GET /api/catalogos/alcaldias 200 - 6ms","timestamp":"2026-08-03 12:42:57"}
{"level":"info","message":"GET /api/catalogos/te-enteraste 200 - 7ms","timestamp":"2026-08-03 12:42:57"}
{"level":"info","message":"GET /api/notificaciones 200 - 13ms","timestamp":"2026-08-03 12:42:57"}
{"level":"info","message":"GET /api/catalogos/categorias 200 - 12ms","timestamp":"2026-08-03 12:42:57"}
{"level":"info","message":"GET /api/catalogos/manifestaciones 200 - 3ms","timestamp":"2026-08-03 12:42:57"}
{"level":"info","message":"[SOCKET] Conexión establecida: Renato (Renato Corona Landa) [ID: ERc41s29oHGim6DJAAAP]","timestamp":"2026-08-03 12:42:57"}
{"level":"info","message":"GET /api/participante/mi-registro 304 - 8ms","timestamp":"2026-08-03 12:42:57"}
{"level":"info","message":"GET /api/superadmin/usuarios 304 - 10ms","timestamp":"2026-08-03 12:44:54"}
{"level":"info","message":"GET /api/superadmin/usuarios 304 - 7ms","timestamp":"2026-08-03 12:44:58"}
{"level":"info","message":"[SOCKET] Conexión cerrada: superadmin [ID: 13W3j8_guL8J0ZqkAAAG]","timestamp":"2026-08-03 12:45:02"}
{"level":"info","message":"[SOCKET] Conexión cerrada: Renato [ID: ERc41s29oHGim6DJAAAP]","timestamp":"2026-08-03 12:45:02"}
{"level":"info","message":"[SOCKET] Conexión establecida: Renato (Renato Corona Landa) [ID: tXvMXmPGqaSGsIigAAAB]","timestamp":"2026-08-03 12:53:01"}
{"level":"info","message":"POST /api/auth/login 200 - 63ms","timestamp":"2026-08-03 12:53:04"}
{"level":"info","message":"[SOCKET] Conexión establecida: superadmin (Superadmin Sistema IECM) [ID: wn840fRUYsHAhkryAAAD]","timestamp":"2026-08-03 12:53:04"}
{"level":"info","message":"[SOCKET] Conexión cerrada: superadmin [ID: wn840fRUYsHAhkryAAAD]","timestamp":"2026-08-03 12:53:05"}
{"level":"info","message":"GET /api/catalogos/convocatoria-activa 200 - 7ms","timestamp":"2026-08-03 12:53:05"}
{"level":"info","message":"GET /api/catalogos/tema 200 - 14ms","timestamp":"2026-08-03 12:53:06"}
{"level":"info","message":"GET /api/notificaciones 304 - 20ms","timestamp":"2026-08-03 12:53:06"}
{"level":"info","message":"GET /api/catalogos/categorias 200 - 19ms","timestamp":"2026-08-03 12:53:06"}
{"level":"info","message":"[SOCKET] Conexión establecida: superadmin (Superadmin Sistema IECM) [ID: gBtAZSnxqojWTsGkAAAF]","timestamp":"2026-08-03 12:53:06"}
{"level":"info","message":"GET /api/superadmin/usuarios 304 - 26ms","timestamp":"2026-08-03 12:53:06"}
{"level":"info","message":"GET /api/superadmin/convocatorias 304 - 5ms","timestamp":"2026-08-03 12:53:09"}
{"level":"info","message":"GET /api/superadmin/categorias/1 304 - 5ms","timestamp":"2026-08-03 12:53:09"}
{"level":"info","message":"GET /api/superadmin/manifestaciones 304 - 5ms","timestamp":"2026-08-03 12:53:39"}
{"level":"info","message":"GET /api/superadmin/convocatorias 304 - 5ms","timestamp":"2026-08-03 12:53:40"}
{"level":"info","message":"GET /api/superadmin/categorias/1 304 - 7ms","timestamp":"2026-08-03 12:53:40"}
{"level":"info","message":"[SOCKET] Conexión cerrada: Renato [ID: tXvMXmPGqaSGsIigAAAB]","timestamp":"2026-08-03 12:53:59"}
{"level":"info","message":"GET /api/catalogos/tema 304 - 3ms","timestamp":"2026-08-03 12:53:59"}
{"level":"info","message":"GET /api/catalogos/tema 304 - 8ms","timestamp":"2026-08-03 12:53:59"}
{"level":"info","message":"GET /api/catalogos/alcaldias 304 - 17ms","timestamp":"2026-08-03 12:53:59"}
{"level":"info","message":"GET /api/catalogos/convocatoria-activa 304 - 18ms","timestamp":"2026-08-03 12:53:59"}
{"level":"info","message":"GET /api/catalogos/te-enteraste 304 - 20ms","timestamp":"2026-08-03 12:53:59"}
{"level":"info","message":"GET /api/notificaciones 304 - 38ms","timestamp":"2026-08-03 12:53:59"}
{"level":"info","message":"GET /api/catalogos/manifestaciones 304 - 15ms","timestamp":"2026-08-03 12:53:59"}
{"level":"info","message":"GET /api/catalogos/categorias 304 - 36ms","timestamp":"2026-08-03 12:53:59"}
{"level":"info","message":"[SOCKET] Conexión establecida: Renato (Renato Corona Landa) [ID: hS3-bnjP8erpLQjMAAAI]","timestamp":"2026-08-03 12:53:59"}
{"level":"info","message":"GET /api/participante/mi-registro 304 - 12ms","timestamp":"2026-08-03 12:53:59"}
{"level":"info","message":"[SOCKET] Forzando cierre de conexión para usuario ID: 4","timestamp":"2026-08-03 12:54:39"}
{"level":"info","message":"[SOCKET] Conexión cerrada: Renato [ID: hS3-bnjP8erpLQjMAAAI]","timestamp":"2026-08-03 12:54:39"}
{"level":"info","message":"POST /api/auth/logout 200 - 19ms","timestamp":"2026-08-03 12:54:39"}
{"level":"info","message":"GET /api/catalogos/convocatoria-activa 304 - 2ms","timestamp":"2026-08-03 12:54:39"}
{"level":"info","message":"GET /api/catalogos/categorias 304 - 5ms","timestamp":"2026-08-03 12:54:39"}
{"level":"info","message":"GET /api/catalogos/categorias 304 - 5ms","timestamp":"2026-08-03 12:54:44"}
{"level":"info","message":"POST /api/auth/registro 201 - 110ms","timestamp":"2026-08-03 12:56:13"}
{"level":"info","message":"GET /api/catalogos/convocatoria-activa 304 - 4ms","timestamp":"2026-08-03 12:56:17"}
{"level":"info","message":"GET /api/catalogos/categorias 304 - 9ms","timestamp":"2026-08-03 12:56:17"}
{"level":"info","message":"POST /api/auth/login 200 - 76ms","timestamp":"2026-08-03 12:56:28"}
{"level":"info","message":"[SOCKET] Conexión establecida: alan (Alan Escudero Alvarez) [ID: pwgc-o4fSMADWtUZAAAK]","timestamp":"2026-08-03 12:56:28"}
{"level":"info","message":"[SOCKET] Conexión cerrada: alan [ID: pwgc-o4fSMADWtUZAAAK]","timestamp":"2026-08-03 12:56:30"}
{"level":"info","message":"GET /api/catalogos/tema 304 - 6ms","timestamp":"2026-08-03 12:56:30"}
{"level":"info","message":"GET /api/catalogos/alcaldias 304 - 10ms","timestamp":"2026-08-03 12:56:30"}
{"level":"info","message":"GET /api/catalogos/convocatoria-activa 304 - 12ms","timestamp":"2026-08-03 12:56:30"}
{"level":"info","message":"GET /api/notificaciones 304 - 22ms","timestamp":"2026-08-03 12:56:30"}
{"level":"info","message":"GET /api/catalogos/te-enteraste 304 - 12ms","timestamp":"2026-08-03 12:56:30"}
{"level":"info","message":"GET /api/catalogos/categorias 304 - 23ms","timestamp":"2026-08-03 12:56:30"}
{"level":"info","message":"GET /api/catalogos/manifestaciones 304 - 11ms","timestamp":"2026-08-03 12:56:30"}
{"level":"info","message":"[SOCKET] Conexión establecida: alan (Alan Escudero Alvarez) [ID: IQFwi_VJn8IiDM9BAAAM]","timestamp":"2026-08-03 12:56:30"}
{"level":"info","message":"GET /api/participante/mi-registro 200 - 9ms","timestamp":"2026-08-03 12:56:30"}
{"level":"info","message":"POST /api/superadmin/tema 200 - 10ms","timestamp":"2026-08-03 13:12:40"}
{"level":"info","message":"GET /api/superadmin/convocatorias 304 - 5ms","timestamp":"2026-08-03 13:37:12"}
{"level":"info","message":"GET /api/superadmin/estadisticas?id_convocatoria=1 200 - 10ms","timestamp":"2026-08-03 13:37:12"}
{"level":"info","message":"GET /api/superadmin/usuarios 200 - 9ms","timestamp":"2026-08-03 13:37:14"}
{"level":"info","message":"[SOCKET] Conexión cerrada: superadmin [ID: gBtAZSnxqojWTsGkAAAF]","timestamp":"2026-08-03 13:41:44"}
{"level":"info","message":"GET /api/catalogos/tema 200 - 3ms","timestamp":"2026-08-03 13:41:44"}
{"level":"info","message":"GET /api/catalogos/convocatoria-activa 304 - 16ms","timestamp":"2026-08-03 13:41:44"}
{"level":"info","message":"GET /api/catalogos/tema 304 - 21ms","timestamp":"2026-08-03 13:41:44"}
{"level":"info","message":"GET /api/notificaciones 304 - 29ms","timestamp":"2026-08-03 13:41:44"}
{"level":"info","message":"GET /api/catalogos/categorias 304 - 35ms","timestamp":"2026-08-03 13:41:44"}
{"level":"info","message":"[SOCKET] Conexión establecida: superadmin (Superadmin Sistema IECM) [ID: m-b5xiNmPyvcb8yuAAAP]","timestamp":"2026-08-03 13:41:44"}
{"level":"info","message":"GET /api/superadmin/usuarios 304 - 41ms","timestamp":"2026-08-03 13:41:44"}
{"level":"info","message":"[SOCKET] Conexión cerrada: superadmin [ID: m-b5xiNmPyvcb8yuAAAP]","timestamp":"2026-08-03 13:41:57"}
{"level":"info","message":"GET /api/catalogos/tema 200 - 4ms","timestamp":"2026-08-03 13:41:57"}
{"level":"info","message":"GET /api/notificaciones 200 - 9ms","timestamp":"2026-08-03 13:41:57"}
{"level":"info","message":"GET /api/catalogos/convocatoria-activa 200 - 3ms","timestamp":"2026-08-03 13:41:57"}
{"level":"info","message":"GET /api/catalogos/tema 200 - 4ms","timestamp":"2026-08-03 13:41:57"}
{"level":"info","message":"GET /api/catalogos/categorias 200 - 9ms","timestamp":"2026-08-03 13:41:57"}
{"level":"info","message":"[SOCKET] Conexión establecida: superadmin (Superadmin Sistema IECM) [ID: mhjTC8pBHA-Jh_xPAAAS]","timestamp":"2026-08-03 13:41:57"}
{"level":"info","message":"GET /api/superadmin/usuarios 200 - 19ms","timestamp":"2026-08-03 13:41:57"}
{"level":"info","message":"[SOCKET] Conexión cerrada: superadmin [ID: mhjTC8pBHA-Jh_xPAAAS]","timestamp":"2026-08-03 13:43:57"}
{"level":"info","message":"GET /api/notificaciones 304 - 4ms","timestamp":"2026-08-03 13:43:57"}
{"level":"info","message":"GET /api/catalogos/convocatoria-activa 304 - 4ms","timestamp":"2026-08-03 13:43:57"}
{"level":"info","message":"GET /api/catalogos/tema 304 - 5ms","timestamp":"2026-08-03 13:43:57"}
{"level":"info","message":"GET /api/catalogos/categorias 304 - 9ms","timestamp":"2026-08-03 13:43:57"}
{"level":"info","message":"[SOCKET] Conexión establecida: superadmin (Superadmin Sistema IECM) [ID: GwBv6xqDNojk24ebAAAU]","timestamp":"2026-08-03 13:43:57"}
{"level":"info","message":"GET /api/superadmin/usuarios 304 - 13ms","timestamp":"2026-08-03 13:43:57"}
{"level":"info","message":"[SOCKET] Conexión cerrada: superadmin [ID: GwBv6xqDNojk24ebAAAU]","timestamp":"2026-08-03 13:43:59"}
{"level":"info","message":"GET /api/notificaciones 304 - 5ms","timestamp":"2026-08-03 13:43:59"}
{"level":"info","message":"GET /api/catalogos/convocatoria-activa 304 - 2ms","timestamp":"2026-08-03 13:43:59"}
{"level":"info","message":"GET /api/catalogos/tema 304 - 3ms","timestamp":"2026-08-03 13:43:59"}
{"level":"info","message":"GET /api/catalogos/categorias 304 - 8ms","timestamp":"2026-08-03 13:43:59"}
{"level":"info","message":"[SOCKET] Conexión establecida: superadmin (Superadmin Sistema IECM) [ID: uDWeqBd6TyJPlkqzAAAW]","timestamp":"2026-08-03 13:43:59"}
{"level":"info","message":"GET /api/superadmin/usuarios 304 - 12ms","timestamp":"2026-08-03 13:43:59"}
{"level":"info","message":"[SOCKET] Conexión cerrada: superadmin [ID: uDWeqBd6TyJPlkqzAAAW]","timestamp":"2026-08-03 13:44:15"}
{"level":"info","message":"[SOCKET] Conexión cerrada: alan [ID: IQFwi_VJn8IiDM9BAAAM]","timestamp":"2026-08-03 13:44:15"}
{"level":"info","message":"GET /api/catalogos/tema 304 - 3ms","timestamp":"2026-08-03 13:44:56"}
{"level":"info","message":"GET /api/catalogos/convocatoria-activa 304 - 5ms","timestamp":"2026-08-03 13:44:56"}
{"level":"info","message":"GET /api/notificaciones 304 - 11ms","timestamp":"2026-08-03 13:44:56"}
{"level":"info","message":"GET /api/catalogos/tema 304 - 7ms","timestamp":"2026-08-03 13:44:56"}
{"level":"info","message":"GET /api/catalogos/categorias 304 - 13ms","timestamp":"2026-08-03 13:44:56"}
{"level":"info","message":"GET /api/superadmin/usuarios 200 - 19ms","timestamp":"2026-08-03 13:44:56"}
{"level":"info","message":"GET /api/catalogos/tema 200 - 2ms","timestamp":"2026-08-03 13:44:56"}
{"level":"info","message":"[SOCKET] Conexión establecida: superadmin (Superadmin Sistema IECM) [ID: bnmrMeNjWBpvB_PPAAAa]","timestamp":"2026-08-03 13:44:56"}
{"level":"info","message":"GET /api/catalogos/tema 304 - 3ms","timestamp":"2026-08-03 13:44:56"}
{"level":"info","message":"GET /api/catalogos/convocatoria-activa 304 - 2ms","timestamp":"2026-08-03 13:44:56"}
{"level":"info","message":"GET /api/notificaciones 304 - 7ms","timestamp":"2026-08-03 13:44:56"}
{"level":"info","message":"GET /api/catalogos/alcaldias 304 - 4ms","timestamp":"2026-08-03 13:44:56"}
{"level":"info","message":"GET /api/catalogos/te-enteraste 304 - 4ms","timestamp":"2026-08-03 13:44:56"}
{"level":"info","message":"GET /api/catalogos/categorias 304 - 9ms","timestamp":"2026-08-03 13:44:56"}
{"level":"info","message":"GET /api/catalogos/manifestaciones 304 - 8ms","timestamp":"2026-08-03 13:44:56"}
{"level":"info","message":"[SOCKET] Conexión establecida: alan (Alan Escudero Alvarez) [ID: x1cPT1GsXVg6EsXZAAAc]","timestamp":"2026-08-03 13:44:56"}
{"level":"info","message":"GET /api/participante/mi-registro 304 - 11ms","timestamp":"2026-08-03 13:44:56"}
{"level":"info","message":"[SOCKET] Conexión cerrada: superadmin [ID: bnmrMeNjWBpvB_PPAAAa]","timestamp":"2026-08-03 13:45:41"}
{"level":"info","message":"[SOCKET] Conexión cerrada: alan [ID: x1cPT1GsXVg6EsXZAAAc]","timestamp":"2026-08-03 13:45:41"}
{"level":"info","message":"GET /api/catalogos/tema 304 - 2ms","timestamp":"2026-08-03 13:45:41"}
{"level":"info","message":"GET /api/catalogos/convocatoria-activa 304 - 4ms","timestamp":"2026-08-03 13:45:41"}
{"level":"info","message":"GET /api/catalogos/tema 304 - 6ms","timestamp":"2026-08-03 13:45:41"}
{"level":"info","message":"GET /api/notificaciones 304 - 12ms","timestamp":"2026-08-03 13:45:41"}
{"level":"info","message":"GET /api/catalogos/categorias 304 - 12ms","timestamp":"2026-08-03 13:45:41"}
{"level":"info","message":"[SOCKET] Conexión establecida: superadmin (Superadmin Sistema IECM) [ID: 8IsXJqGw6Mk6VUIyAAAf]","timestamp":"2026-08-03 13:45:41"}
{"level":"info","message":"GET /api/superadmin/usuarios 200 - 18ms","timestamp":"2026-08-03 13:45:41"}
{"level":"info","message":"GET /api/catalogos/tema 304 - 2ms","timestamp":"2026-08-03 13:45:41"}
{"level":"info","message":"GET /api/catalogos/convocatoria-activa 304 - 2ms","timestamp":"2026-08-03 13:45:41"}
{"level":"info","message":"GET /api/catalogos/alcaldias 304 - 3ms","timestamp":"2026-08-03 13:45:41"}
{"level":"info","message":"GET /api/catalogos/categorias 304 - 5ms","timestamp":"2026-08-03 13:45:41"}
{"level":"info","message":"GET /api/notificaciones 304 - 5ms","timestamp":"2026-08-03 13:45:41"}
{"level":"info","message":"GET /api/catalogos/te-enteraste 304 - 3ms","timestamp":"2026-08-03 13:45:41"}
{"level":"info","message":"GET /api/catalogos/manifestaciones 304 - 2ms","timestamp":"2026-08-03 13:45:41"}
{"level":"info","message":"GET /api/catalogos/tema 304 - 2ms","timestamp":"2026-08-03 13:45:41"}
{"level":"info","message":"[SOCKET] Conexión establecida: alan (Alan Escudero Alvarez) [ID: psTsvZJlDtxaoww8AAAi]","timestamp":"2026-08-03 13:45:41"}
{"level":"info","message":"GET /api/participante/mi-registro 304 - 6ms","timestamp":"2026-08-03 13:45:41"}
{"level":"info","message":"[SOCKET] Conexión cerrada: superadmin [ID: 8IsXJqGw6Mk6VUIyAAAf]","timestamp":"2026-08-03 13:47:14"}
{"level":"info","message":"[SOCKET] Conexión cerrada: alan [ID: psTsvZJlDtxaoww8AAAi]","timestamp":"2026-08-03 13:47:14"}
{"level":"info","message":"GET /api/catalogos/tema 304 - 2ms","timestamp":"2026-08-03 13:47:14"}
{"level":"info","message":"GET /api/notificaciones 304 - 3ms","timestamp":"2026-08-03 13:47:14"}
{"level":"info","message":"GET /api/catalogos/convocatoria-activa 304 - 4ms","timestamp":"2026-08-03 13:47:14"}
{"level":"info","message":"GET /api/catalogos/tema 304 - 4ms","timestamp":"2026-08-03 13:47:14"}
{"level":"info","message":"GET /api/catalogos/categorias 304 - 8ms","timestamp":"2026-08-03 13:47:14"}
{"level":"info","message":"[SOCKET] Conexión establecida: superadmin (Superadmin Sistema IECM) [ID: TLzgYhzDOpxnYkwmAAAl]","timestamp":"2026-08-03 13:47:14"}
{"level":"info","message":"GET /api/superadmin/usuarios 304 - 15ms","timestamp":"2026-08-03 13:47:14"}
{"level":"info","message":"GET /api/catalogos/tema 304 - 2ms","timestamp":"2026-08-03 13:47:14"}
{"level":"info","message":"GET /api/catalogos/convocatoria-activa 304 - 4ms","timestamp":"2026-08-03 13:47:14"}
{"level":"info","message":"GET /api/catalogos/tema 304 - 4ms","timestamp":"2026-08-03 13:47:14"}
{"level":"info","message":"GET /api/catalogos/alcaldias 304 - 4ms","timestamp":"2026-08-03 13:47:14"}
{"level":"info","message":"GET /api/notificaciones 304 - 8ms","timestamp":"2026-08-03 13:47:14"}
{"level":"info","message":"GET /api/catalogos/te-enteraste 304 - 4ms","timestamp":"2026-08-03 13:47:14"}
{"level":"info","message":"GET /api/catalogos/categorias 304 - 6ms","timestamp":"2026-08-03 13:47:14"}
{"level":"info","message":"GET /api/catalogos/manifestaciones 304 - 3ms","timestamp":"2026-08-03 13:47:14"}
{"level":"info","message":"[SOCKET] Conexión establecida: alan (Alan Escudero Alvarez) [ID: RZbqE6rgA08pCoRMAAAo]","timestamp":"2026-08-03 13:47:14"}
{"level":"info","message":"GET /api/participante/mi-registro 304 - 7ms","timestamp":"2026-08-03 13:47:14"}
{"level":"info","message":"[SOCKET] Conexión cerrada: superadmin [ID: TLzgYhzDOpxnYkwmAAAl]","timestamp":"2026-08-03 13:47:32"}
{"level":"info","message":"[SOCKET] Conexión cerrada: alan [ID: RZbqE6rgA08pCoRMAAAo]","timestamp":"2026-08-03 13:47:32"}
{"level":"info","message":"GET /api/catalogos/tema 304 - 3ms","timestamp":"2026-08-03 13:47:32"}
{"level":"info","message":"GET /api/catalogos/convocatoria-activa 304 - 1ms","timestamp":"2026-08-03 13:47:32"}
{"level":"info","message":"GET /api/notificaciones 304 - 6ms","timestamp":"2026-08-03 13:47:32"}
{"level":"info","message":"GET /api/catalogos/tema 304 - 3ms","timestamp":"2026-08-03 13:47:32"}
{"level":"info","message":"GET /api/catalogos/categorias 304 - 5ms","timestamp":"2026-08-03 13:47:32"}
{"level":"info","message":"GET /api/superadmin/usuarios 200 - 11ms","timestamp":"2026-08-03 13:47:32"}
{"level":"info","message":"[SOCKET] Conexión establecida: superadmin (Superadmin Sistema IECM) [ID: gVCNTg-S2q4SWWHUAAAr]","timestamp":"2026-08-03 13:47:32"}
{"level":"info","message":"GET /api/catalogos/tema 304 - 2ms","timestamp":"2026-08-03 13:47:32"}
{"level":"info","message":"GET /api/catalogos/tema 304 - 2ms","timestamp":"2026-08-03 13:47:32"}
{"level":"info","message":"GET /api/notificaciones 304 - 6ms","timestamp":"2026-08-03 13:47:32"}
{"level":"info","message":"GET /api/catalogos/convocatoria-activa 304 - 2ms","timestamp":"2026-08-03 13:47:32"}
{"level":"info","message":"GET /api/catalogos/categorias 304 - 5ms","timestamp":"2026-08-03 13:47:32"}
{"level":"info","message":"GET /api/catalogos/alcaldias 304 - 2ms","timestamp":"2026-08-03 13:47:32"}
{"level":"info","message":"GET /api/catalogos/te-enteraste 304 - 3ms","timestamp":"2026-08-03 13:47:32"}
{"level":"info","message":"GET /api/catalogos/manifestaciones 304 - 3ms","timestamp":"2026-08-03 13:47:32"}
{"level":"info","message":"[SOCKET] Conexión establecida: alan (Alan Escudero Alvarez) [ID: rPZTtcb2rnGzlBoEAAAu]","timestamp":"2026-08-03 13:47:32"}
{"level":"info","message":"GET /api/participante/mi-registro 304 - 6ms","timestamp":"2026-08-03 13:47:32"}
{"level":"info","message":"[SOCKET] Conexión cerrada: superadmin [ID: gVCNTg-S2q4SWWHUAAAr]","timestamp":"2026-08-03 13:47:42"}
{"level":"info","message":"[SOCKET] Conexión cerrada: alan [ID: rPZTtcb2rnGzlBoEAAAu]","timestamp":"2026-08-03 13:47:42"}
{"level":"info","message":"GET /api/catalogos/tema 304 - 3ms","timestamp":"2026-08-03 13:47:45"}
{"level":"info","message":"GET /api/notificaciones 304 - 5ms","timestamp":"2026-08-03 13:47:45"}
{"level":"info","message":"GET /api/catalogos/convocatoria-activa 304 - 3ms","timestamp":"2026-08-03 13:47:45"}
{"level":"info","message":"GET /api/catalogos/tema 304 - 3ms","timestamp":"2026-08-03 13:47:45"}
{"level":"info","message":"GET /api/catalogos/categorias 304 - 7ms","timestamp":"2026-08-03 13:47:45"}
{"level":"info","message":"GET /api/superadmin/usuarios 304 - 16ms","timestamp":"2026-08-03 13:47:45"}
{"level":"info","message":"[SOCKET] Conexión establecida: superadmin (Superadmin Sistema IECM) [ID: DiDMOyX9CuHO1xkwAAAx]","timestamp":"2026-08-03 13:47:45"}
{"level":"info","message":"GET /api/catalogos/tema 304 - 5ms","timestamp":"2026-08-03 13:47:45"}
{"level":"info","message":"GET /api/notificaciones 304 - 7ms","timestamp":"2026-08-03 13:47:45"}
{"level":"info","message":"GET /api/catalogos/convocatoria-activa 304 - 7ms","timestamp":"2026-08-03 13:47:45"}
{"level":"info","message":"GET /api/catalogos/te-enteraste 304 - 6ms","timestamp":"2026-08-03 13:47:45"}
{"level":"info","message":"GET /api/catalogos/alcaldias 304 - 6ms","timestamp":"2026-08-03 13:47:45"}
{"level":"info","message":"GET /api/catalogos/categorias 304 - 11ms","timestamp":"2026-08-03 13:47:45"}
{"level":"info","message":"GET /api/catalogos/manifestaciones 304 - 2ms","timestamp":"2026-08-03 13:47:45"}
{"level":"info","message":"GET /api/catalogos/tema 304 - 2ms","timestamp":"2026-08-03 13:47:45"}
{"level":"info","message":"[SOCKET] Conexión establecida: alan (Alan Escudero Alvarez) [ID: INWC37TgdjdTKLybAAA0]","timestamp":"2026-08-03 13:47:45"}
{"level":"info","message":"GET /api/participante/mi-registro 304 - 8ms","timestamp":"2026-08-03 13:47:45"}
{"level":"info","message":"[SOCKET] Conexión cerrada: superadmin [ID: DiDMOyX9CuHO1xkwAAAx]","timestamp":"2026-08-03 13:47:55"}
{"level":"info","message":"GET /api/catalogos/convocatoria-activa 304 - 3ms","timestamp":"2026-08-03 13:47:55"}
{"level":"info","message":"GET /api/catalogos/tema 304 - 4ms","timestamp":"2026-08-03 13:47:55"}
{"level":"info","message":"GET /api/notificaciones 304 - 7ms","timestamp":"2026-08-03 13:47:55"}
{"level":"info","message":"GET /api/catalogos/categorias 304 - 7ms","timestamp":"2026-08-03 13:47:55"}
{"level":"info","message":"[SOCKET] Conexión establecida: superadmin (Superadmin Sistema IECM) [ID: KrbsQVRaWlHHVWp9AAA2]","timestamp":"2026-08-03 13:47:55"}
{"level":"info","message":"GET /api/superadmin/usuarios 200 - 12ms","timestamp":"2026-08-03 13:47:55"}
{"level":"info","message":"[SOCKET] Forzando cierre de conexión para usuario ID: 1","timestamp":"2026-08-03 13:47:58"}
{"level":"info","message":"[SOCKET] Conexión cerrada: superadmin [ID: KrbsQVRaWlHHVWp9AAA2]","timestamp":"2026-08-03 13:47:58"}
{"level":"info","message":"POST /api/auth/logout 200 - 10ms","timestamp":"2026-08-03 13:47:58"}
{"level":"info","message":"GET /api/catalogos/convocatoria-activa 304 - 2ms","timestamp":"2026-08-03 13:47:58"}
{"level":"info","message":"GET /api/catalogos/categorias 304 - 3ms","timestamp":"2026-08-03 13:47:59"}
{"level":"info","message":"GET /api/catalogos/convocatoria-activa 304 - 2ms","timestamp":"2026-08-03 13:48:02"}
{"level":"info","message":"GET /api/catalogos/categorias 304 - 3ms","timestamp":"2026-08-03 13:48:02"}
{"level":"info","message":"[SOCKET] Conexión cerrada: alan [ID: INWC37TgdjdTKLybAAA0]","timestamp":"2026-08-03 13:48:34"}
{"level":"info","message":"GET /api/catalogos/tema 304 - 3ms","timestamp":"2026-08-03 13:52:25"}
{"level":"info","message":"GET /api/catalogos/convocatoria-activa 304 - 1ms","timestamp":"2026-08-03 13:52:25"}
{"level":"info","message":"GET /api/catalogos/categorias 304 - 3ms","timestamp":"2026-08-03 13:52:25"}
{"level":"info","message":"GET /api/catalogos/tema 304 - 1ms","timestamp":"2026-08-03 13:52:26"}
{"level":"info","message":"GET /api/catalogos/tema 304 - 5ms","timestamp":"2026-08-03 13:52:26"}
{"level":"info","message":"GET /api/catalogos/convocatoria-activa 304 - 6ms","timestamp":"2026-08-03 13:52:26"}
{"level":"info","message":"GET /api/catalogos/alcaldias 304 - 6ms","timestamp":"2026-08-03 13:52:26"}
{"level":"info","message":"GET /api/notificaciones 304 - 13ms","timestamp":"2026-08-03 13:52:26"}
{"level":"info","message":"GET /api/catalogos/te-enteraste 304 - 10ms","timestamp":"2026-08-03 13:52:26"}
{"level":"info","message":"GET /api/catalogos/categorias 304 - 14ms","timestamp":"2026-08-03 13:52:26"}
{"level":"info","message":"GET /api/catalogos/manifestaciones 304 - 5ms","timestamp":"2026-08-03 13:52:26"}
{"level":"info","message":"[SOCKET] Conexión establecida: alan (Alan Escudero Alvarez) [ID: 2qToPlCB3uHG1wMvAAA5]","timestamp":"2026-08-03 13:52:26"}
{"level":"info","message":"GET /api/participante/mi-registro 304 - 7ms","timestamp":"2026-08-03 13:52:26"}
{"level":"info","message":"GET /api/catalogos/tema 304 - 3ms","timestamp":"2026-08-03 13:52:30"}
{"level":"info","message":"GET /api/catalogos/convocatoria-activa 304 - 2ms","timestamp":"2026-08-03 13:52:30"}
{"level":"info","message":"GET /api/catalogos/categorias 304 - 4ms","timestamp":"2026-08-03 13:52:30"}
{"level":"info","message":"[SOCKET] Conexión cerrada: alan [ID: 2qToPlCB3uHG1wMvAAA5]","timestamp":"2026-08-03 13:52:30"}
{"level":"info","message":"GET /api/catalogos/tema 304 - 2ms","timestamp":"2026-08-03 13:52:30"}
{"level":"info","message":"GET /api/notificaciones 304 - 3ms","timestamp":"2026-08-03 13:52:30"}
{"level":"info","message":"GET /api/catalogos/tema 304 - 2ms","timestamp":"2026-08-03 13:52:30"}
{"level":"info","message":"GET /api/catalogos/convocatoria-activa 304 - 3ms","timestamp":"2026-08-03 13:52:30"}
{"level":"info","message":"GET /api/catalogos/categorias 304 - 6ms","timestamp":"2026-08-03 13:52:30"}
{"level":"info","message":"GET /api/catalogos/te-enteraste 304 - 3ms","timestamp":"2026-08-03 13:52:30"}
{"level":"info","message":"GET /api/catalogos/alcaldias 304 - 2ms","timestamp":"2026-08-03 13:52:30"}
{"level":"info","message":"GET /api/catalogos/manifestaciones 304 - 3ms","timestamp":"2026-08-03 13:52:30"}
{"level":"info","message":"[SOCKET] Conexión establecida: alan (Alan Escudero Alvarez) [ID: rGJDu4VY6WswgJFOAAA8]","timestamp":"2026-08-03 13:52:30"}
{"level":"info","message":"GET /api/participante/mi-registro 304 - 7ms","timestamp":"2026-08-03 13:52:30"}
{"level":"info","message":"GET /api/catalogos/convocatoria-activa 304 - 3ms","timestamp":"2026-08-03 13:52:31"}
{"level":"info","message":"GET /api/catalogos/categorias 304 - 5ms","timestamp":"2026-08-03 13:52:31"}
{"level":"info","message":"GET /api/catalogos/convocatoria-activa 304 - 2ms","timestamp":"2026-08-03 13:52:36"}
{"level":"info","message":"GET /api/catalogos/categorias 304 - 3ms","timestamp":"2026-08-03 13:52:36"}
{"level":"info","message":"GET /api/catalogos/tema 200 - 4ms","timestamp":"2026-08-03 13:53:24"}
{"level":"info","message":"GET /api/catalogos/convocatoria-activa 200 - 5ms","timestamp":"2026-08-03 13:53:24"}
{"level":"info","message":"GET /api/catalogos/categorias 200 - 8ms","timestamp":"2026-08-03 13:53:24"}
{"level":"info","message":"GET /api/catalogos/convocatoria-activa 304 - 2ms","timestamp":"2026-08-03 14:02:45"}
{"level":"info","message":"GET /api/catalogos/categorias 304 - 4ms","timestamp":"2026-08-03 14:02:45"}
{"level":"info","message":"GET /api/catalogos/convocatoria-activa 304 - 2ms","timestamp":"2026-08-03 14:02:46"}
{"level":"info","message":"GET /api/catalogos/categorias 304 - 3ms","timestamp":"2026-08-03 14:02:46"}
{"level":"info","message":"GET /api/catalogos/tema 200 - 2ms","timestamp":"2026-08-03 14:03:11"}
{"level":"info","message":"GET /api/catalogos/convocatoria-activa 200 - 3ms","timestamp":"2026-08-03 14:03:11"}
{"level":"info","message":"GET /api/catalogos/categorias 200 - 6ms","timestamp":"2026-08-03 14:03:11"}
{"level":"info","message":"GET /api/catalogos/convocatoria-activa 304 - 2ms","timestamp":"2026-08-03 14:05:19"}
{"level":"info","message":"GET /api/catalogos/categorias 304 - 3ms","timestamp":"2026-08-03 14:05:19"}
{"level":"info","message":"GET /api/catalogos/tema 304 - 3ms","timestamp":"2026-08-03 14:05:47"}
{"level":"info","message":"GET /api/catalogos/convocatoria-activa 304 - 2ms","timestamp":"2026-08-03 14:05:47"}
{"level":"info","message":"GET /api/catalogos/categorias 304 - 5ms","timestamp":"2026-08-03 14:05:47"}
{"level":"info","message":"[SOCKET] Conexión cerrada: alan [ID: rGJDu4VY6WswgJFOAAA8]","timestamp":"2026-08-03 14:05:48"}
{"level":"info","message":"GET /api/catalogos/tema 304 - 1ms","timestamp":"2026-08-03 14:05:48"}
{"level":"info","message":"GET /api/catalogos/tema 304 - 4ms","timestamp":"2026-08-03 14:05:48"}
{"level":"info","message":"GET /api/catalogos/convocatoria-activa 304 - 4ms","timestamp":"2026-08-03 14:05:48"}
{"level":"info","message":"GET /api/catalogos/alcaldias 304 - 6ms","timestamp":"2026-08-03 14:05:48"}
{"level":"info","message":"GET /api/catalogos/te-enteraste 304 - 4ms","timestamp":"2026-08-03 14:05:48"}
{"level":"info","message":"GET /api/notificaciones 304 - 10ms","timestamp":"2026-08-03 14:05:48"}
{"level":"info","message":"GET /api/catalogos/categorias 304 - 10ms","timestamp":"2026-08-03 14:05:48"}
{"level":"info","message":"GET /api/catalogos/manifestaciones 304 - 5ms","timestamp":"2026-08-03 14:05:48"}
{"level":"info","message":"[SOCKET] Conexión establecida: alan (Alan Escudero Alvarez) [ID: ijF7oGGr2SYHqF_9AAA_]","timestamp":"2026-08-03 14:05:48"}
{"level":"info","message":"GET /api/participante/mi-registro 304 - 6ms","timestamp":"2026-08-03 14:05:48"}
{"level":"info","message":"GET /api/catalogos/tema 304 - 4ms","timestamp":"2026-08-03 14:05:49"}
{"level":"info","message":"GET /api/catalogos/convocatoria-activa 304 - 2ms","timestamp":"2026-08-03 14:05:49"}
{"level":"info","message":"GET /api/catalogos/categorias 304 - 4ms","timestamp":"2026-08-03 14:05:49"}
{"level":"info","message":"[SOCKET] Conexión cerrada: alan [ID: ijF7oGGr2SYHqF_9AAA_]","timestamp":"2026-08-03 14:05:50"}
{"level":"info","message":"GET /api/catalogos/tema 304 - 2ms","timestamp":"2026-08-03 14:05:50"}
{"level":"info","message":"GET /api/catalogos/tema 304 - 3ms","timestamp":"2026-08-03 14:05:50"}
{"level":"info","message":"GET /api/catalogos/convocatoria-activa 304 - 3ms","timestamp":"2026-08-03 14:05:50"}
{"level":"info","message":"GET /api/catalogos/alcaldias 304 - 3ms","timestamp":"2026-08-03 14:05:50"}
{"level":"info","message":"GET /api/notificaciones 304 - 7ms","timestamp":"2026-08-03 14:05:50"}
{"level":"info","message":"GET /api/catalogos/te-enteraste 304 - 3ms","timestamp":"2026-08-03 14:05:50"}
{"level":"info","message":"GET /api/catalogos/categorias 304 - 5ms","timestamp":"2026-08-03 14:05:50"}
{"level":"info","message":"GET /api/catalogos/manifestaciones 304 - 2ms","timestamp":"2026-08-03 14:05:50"}
{"level":"info","message":"[SOCKET] Conexión establecida: alan (Alan Escudero Alvarez) [ID: 46G5ie5X2zBY2by8AABC]","timestamp":"2026-08-03 14:05:50"}
{"level":"info","message":"GET /api/participante/mi-registro 304 - 7ms","timestamp":"2026-08-03 14:05:50"}
{"level":"info","message":"GET /api/catalogos/tema 304 - 2ms","timestamp":"2026-08-03 14:08:19"}
{"level":"info","message":"GET /api/catalogos/convocatoria-activa 304 - 2ms","timestamp":"2026-08-03 14:08:19"}
{"level":"info","message":"GET /api/catalogos/categorias 304 - 3ms","timestamp":"2026-08-03 14:08:19"}
{"level":"info","message":"[SOCKET] Conexión cerrada: alan [ID: 46G5ie5X2zBY2by8AABC]","timestamp":"2026-08-03 14:08:20"}
{"level":"info","message":"GET /api/catalogos/tema 304 - 4ms","timestamp":"2026-08-03 14:08:20"}
{"level":"info","message":"GET /api/notificaciones 304 - 4ms","timestamp":"2026-08-03 14:08:20"}
{"level":"info","message":"GET /api/catalogos/tema 304 - 4ms","timestamp":"2026-08-03 14:08:20"}
{"level":"info","message":"GET /api/catalogos/convocatoria-activa 304 - 7ms","timestamp":"2026-08-03 14:08:20"}
{"level":"info","message":"GET /api/catalogos/te-enteraste 304 - 7ms","timestamp":"2026-08-03 14:08:20"}
{"level":"info","message":"GET /api/catalogos/alcaldias 304 - 9ms","timestamp":"2026-08-03 14:08:20"}
{"level":"info","message":"GET /api/catalogos/manifestaciones 304 - 9ms","timestamp":"2026-08-03 14:08:20"}
{"level":"info","message":"GET /api/catalogos/categorias 304 - 15ms","timestamp":"2026-08-03 14:08:20"}
{"level":"info","message":"[SOCKET] Conexión establecida: alan (Alan Escudero Alvarez) [ID: GPHRTLSzNKfFCqHhAABF]","timestamp":"2026-08-03 14:08:20"}
{"level":"info","message":"GET /api/participante/mi-registro 304 - 7ms","timestamp":"2026-08-03 14:08:20"}
{"level":"info","message":"GET /api/catalogos/tema 304 - 3ms","timestamp":"2026-08-03 14:08:36"}
{"level":"info","message":"GET /api/catalogos/convocatoria-activa 304 - 3ms","timestamp":"2026-08-03 14:08:36"}
{"level":"info","message":"GET /api/catalogos/categorias 304 - 3ms","timestamp":"2026-08-03 14:08:36"}
{"level":"info","message":"[SOCKET] Conexión cerrada: alan [ID: GPHRTLSzNKfFCqHhAABF]","timestamp":"2026-08-03 14:08:37"}
{"level":"info","message":"GET /api/catalogos/tema 304 - 2ms","timestamp":"2026-08-03 14:08:37"}
{"level":"info","message":"GET /api/catalogos/convocatoria-activa 304 - 3ms","timestamp":"2026-08-03 14:08:37"}
{"level":"info","message":"GET /api/catalogos/tema 304 - 4ms","timestamp":"2026-08-03 14:08:37"}
{"level":"info","message":"GET /api/catalogos/alcaldias 304 - 4ms","timestamp":"2026-08-03 14:08:37"}
{"level":"info","message":"GET /api/notificaciones 304 - 7ms","timestamp":"2026-08-03 14:08:37"}
{"level":"info","message":"GET /api/catalogos/categorias 304 - 5ms","timestamp":"2026-08-03 14:08:37"}
{"level":"info","message":"GET /api/catalogos/te-enteraste 304 - 2ms","timestamp":"2026-08-03 14:08:37"}
{"level":"info","message":"GET /api/catalogos/manifestaciones 304 - 3ms","timestamp":"2026-08-03 14:08:37"}
{"level":"info","message":"[SOCKET] Conexión establecida: alan (Alan Escudero Alvarez) [ID: dQk9_M3NYqaI_RRqAABI]","timestamp":"2026-08-03 14:08:37"}
{"level":"info","message":"GET /api/participante/mi-registro 304 - 11ms","timestamp":"2026-08-03 14:08:37"}
{"level":"info","message":"GET /api/catalogos/tema 304 - 2ms","timestamp":"2026-08-03 14:08:46"}
{"level":"info","message":"GET /api/catalogos/convocatoria-activa 304 - 2ms","timestamp":"2026-08-03 14:08:46"}
{"level":"info","message":"GET /api/catalogos/categorias 304 - 3ms","timestamp":"2026-08-03 14:08:46"}
{"level":"info","message":"[SOCKET] Conexión cerrada: alan [ID: dQk9_M3NYqaI_RRqAABI]","timestamp":"2026-08-03 14:08:47"}
{"level":"info","message":"GET /api/catalogos/tema 304 - 2ms","timestamp":"2026-08-03 14:08:47"}
{"level":"info","message":"GET /api/catalogos/tema 304 - 3ms","timestamp":"2026-08-03 14:08:47"}
{"level":"info","message":"GET /api/catalogos/convocatoria-activa 304 - 4ms","timestamp":"2026-08-03 14:08:47"}
{"level":"info","message":"GET /api/catalogos/alcaldias 304 - 4ms","timestamp":"2026-08-03 14:08:47"}
{"level":"info","message":"GET /api/notificaciones 304 - 6ms","timestamp":"2026-08-03 14:08:47"}
{"level":"info","message":"GET /api/catalogos/categorias 304 - 5ms","timestamp":"2026-08-03 14:08:47"}
{"level":"info","message":"GET /api/catalogos/te-enteraste 304 - 1ms","timestamp":"2026-08-03 14:08:47"}
{"level":"info","message":"GET /api/catalogos/manifestaciones 304 - 2ms","timestamp":"2026-08-03 14:08:47"}
{"level":"info","message":"[SOCKET] Conexión establecida: alan (Alan Escudero Alvarez) [ID: xZXrT1UTlEUU2kpjAABL]","timestamp":"2026-08-03 14:08:47"}
{"level":"info","message":"GET /api/participante/mi-registro 304 - 7ms","timestamp":"2026-08-03 14:08:47"}
{"level":"info","message":"GET /api/catalogos/tema 304 - 2ms","timestamp":"2026-08-03 14:08:48"}
{"level":"info","message":"GET /api/catalogos/convocatoria-activa 304 - 2ms","timestamp":"2026-08-03 14:08:48"}
{"level":"info","message":"GET /api/catalogos/categorias 304 - 4ms","timestamp":"2026-08-03 14:08:48"}
{"level":"info","message":"[SOCKET] Conexión cerrada: alan [ID: xZXrT1UTlEUU2kpjAABL]","timestamp":"2026-08-03 14:08:49"}
{"level":"info","message":"GET /api/catalogos/tema 304 - 2ms","timestamp":"2026-08-03 14:08:49"}
{"level":"info","message":"GET /api/notificaciones 304 - 4ms","timestamp":"2026-08-03 14:08:49"}
{"level":"info","message":"GET /api/catalogos/tema 304 - 2ms","timestamp":"2026-08-03 14:08:49"}
{"level":"info","message":"GET /api/catalogos/convocatoria-activa 304 - 3ms","timestamp":"2026-08-03 14:08:49"}
{"level":"info","message":"GET /api/catalogos/alcaldias 304 - 2ms","timestamp":"2026-08-03 14:08:49"}
{"level":"info","message":"GET /api/catalogos/categorias 304 - 5ms","timestamp":"2026-08-03 14:08:49"}
{"level":"info","message":"GET /api/catalogos/te-enteraste 304 - 2ms","timestamp":"2026-08-03 14:08:49"}
{"level":"info","message":"GET /api/catalogos/manifestaciones 304 - 2ms","timestamp":"2026-08-03 14:08:49"}
{"level":"info","message":"[SOCKET] Conexión establecida: alan (Alan Escudero Alvarez) [ID: B8m3vwP3ZIosWmfkAABO]","timestamp":"2026-08-03 14:08:49"}
{"level":"info","message":"GET /api/participante/mi-registro 304 - 6ms","timestamp":"2026-08-03 14:08:49"}
{"level":"info","message":"GET /api/catalogos/tema 304 - 2ms","timestamp":"2026-08-03 14:08:56"}
{"level":"info","message":"GET /api/catalogos/convocatoria-activa 304 - 3ms","timestamp":"2026-08-03 14:08:56"}
{"level":"info","message":"GET /api/catalogos/categorias 304 - 6ms","timestamp":"2026-08-03 14:08:56"}
{"level":"info","message":"[SOCKET] Conexión cerrada: alan [ID: B8m3vwP3ZIosWmfkAABO]","timestamp":"2026-08-03 14:08:57"}
{"level":"info","message":"GET /api/catalogos/tema 304 - 2ms","timestamp":"2026-08-03 14:08:57"}
{"level":"info","message":"GET /api/catalogos/tema 304 - 3ms","timestamp":"2026-08-03 14:08:57"}
{"level":"info","message":"GET /api/notificaciones 304 - 6ms","timestamp":"2026-08-03 14:08:57"}
{"level":"info","message":"GET /api/catalogos/convocatoria-activa 304 - 4ms","timestamp":"2026-08-03 14:08:57"}
{"level":"info","message":"GET /api/catalogos/alcaldias 304 - 2ms","timestamp":"2026-08-03 14:08:57"}
{"level":"info","message":"GET /api/catalogos/te-enteraste 304 - 2ms","timestamp":"2026-08-03 14:08:57"}
{"level":"info","message":"GET /api/catalogos/categorias 304 - 5ms","timestamp":"2026-08-03 14:08:57"}
{"level":"info","message":"GET /api/catalogos/manifestaciones 304 - 1ms","timestamp":"2026-08-03 14:08:57"}
{"level":"info","message":"[SOCKET] Conexión establecida: alan (Alan Escudero Alvarez) [ID: bwDyilw61RS_hK56AABR]","timestamp":"2026-08-03 14:08:57"}
{"level":"info","message":"GET /api/participante/mi-registro 304 - 5ms","timestamp":"2026-08-03 14:08:57"}
{"level":"info","message":"GET /api/catalogos/tema 304 - 2ms","timestamp":"2026-08-03 14:09:29"}
{"level":"info","message":"GET /api/catalogos/convocatoria-activa 304 - 2ms","timestamp":"2026-08-03 14:09:29"}
{"level":"info","message":"GET /api/catalogos/categorias 304 - 4ms","timestamp":"2026-08-03 14:09:29"}
{"level":"info","message":"[SOCKET] Conexión cerrada: alan [ID: bwDyilw61RS_hK56AABR]","timestamp":"2026-08-03 14:09:30"}
{"level":"info","message":"GET /api/catalogos/tema 304 - 2ms","timestamp":"2026-08-03 14:09:30"}
{"level":"info","message":"GET /api/catalogos/convocatoria-activa 304 - 5ms","timestamp":"2026-08-03 14:09:30"}
{"level":"info","message":"GET /api/catalogos/tema 304 - 7ms","timestamp":"2026-08-03 14:09:30"}
{"level":"info","message":"GET /api/catalogos/alcaldias 304 - 8ms","timestamp":"2026-08-03 14:09:30"}
{"level":"info","message":"GET /api/catalogos/te-enteraste 304 - 8ms","timestamp":"2026-08-03 14:09:30"}
{"level":"info","message":"GET /api/catalogos/categorias 304 - 12ms","timestamp":"2026-08-03 14:09:30"}
{"level":"info","message":"GET /api/notificaciones 304 - 14ms","timestamp":"2026-08-03 14:09:30"}
{"level":"info","message":"GET /api/catalogos/manifestaciones 304 - 2ms","timestamp":"2026-08-03 14:09:30"}
{"level":"info","message":"[SOCKET] Conexión establecida: alan (Alan Escudero Alvarez) [ID: dzc67jlv85uszcEvAABU]","timestamp":"2026-08-03 14:09:30"}
{"level":"info","message":"GET /api/participante/mi-registro 304 - 6ms","timestamp":"2026-08-03 14:09:30"}
{"level":"info","message":"GET /api/catalogos/tema 304 - 2ms","timestamp":"2026-08-03 14:09:31"}
{"level":"info","message":"GET /api/catalogos/convocatoria-activa 304 - 3ms","timestamp":"2026-08-03 14:09:31"}
{"level":"info","message":"GET /api/catalogos/categorias 304 - 4ms","timestamp":"2026-08-03 14:09:31"}
{"level":"info","message":"[SOCKET] Conexión cerrada: alan [ID: dzc67jlv85uszcEvAABU]","timestamp":"2026-08-03 14:09:31"}
{"level":"info","message":"GET /api/catalogos/tema 304 - 2ms","timestamp":"2026-08-03 14:09:31"}
{"level":"info","message":"GET /api/notificaciones 304 - 3ms","timestamp":"2026-08-03 14:09:31"}
{"level":"info","message":"GET /api/catalogos/convocatoria-activa 304 - 2ms","timestamp":"2026-08-03 14:09:31"}
{"level":"info","message":"GET /api/catalogos/tema 304 - 1ms","timestamp":"2026-08-03 14:09:31"}
{"level":"info","message":"GET /api/catalogos/categorias 304 - 5ms","timestamp":"2026-08-03 14:09:31"}
{"level":"info","message":"GET /api/catalogos/te-enteraste 304 - 2ms","timestamp":"2026-08-03 14:09:31"}
{"level":"info","message":"GET /api/catalogos/alcaldias 304 - 2ms","timestamp":"2026-08-03 14:09:31"}
{"level":"info","message":"GET /api/catalogos/manifestaciones 304 - 2ms","timestamp":"2026-08-03 14:09:31"}
{"level":"info","message":"[SOCKET] Conexión establecida: alan (Alan Escudero Alvarez) [ID: bQr3DRbTfq8xlRdKAABX]","timestamp":"2026-08-03 14:09:31"}
{"level":"info","message":"GET /api/participante/mi-registro 304 - 5ms","timestamp":"2026-08-03 14:09:31"}
{"level":"info","message":"GET /api/catalogos/tema 304 - 2ms","timestamp":"2026-08-03 14:09:33"}
{"level":"info","message":"GET /api/catalogos/convocatoria-activa 304 - 3ms","timestamp":"2026-08-03 14:09:33"}
{"level":"info","message":"GET /api/catalogos/categorias 304 - 5ms","timestamp":"2026-08-03 14:09:33"}
{"level":"info","message":"[SOCKET] Conexión cerrada: alan [ID: bQr3DRbTfq8xlRdKAABX]","timestamp":"2026-08-03 14:09:33"}
{"level":"info","message":"GET /api/catalogos/tema 304 - 1ms","timestamp":"2026-08-03 14:09:33"}
{"level":"info","message":"GET /api/notificaciones 304 - 3ms","timestamp":"2026-08-03 14:09:33"}
{"level":"info","message":"GET /api/catalogos/tema 304 - 2ms","timestamp":"2026-08-03 14:09:33"}
{"level":"info","message":"GET /api/catalogos/convocatoria-activa 304 - 2ms","timestamp":"2026-08-03 14:09:33"}
{"level":"info","message":"GET /api/catalogos/alcaldias 304 - 2ms","timestamp":"2026-08-03 14:09:33"}
{"level":"info","message":"GET /api/catalogos/categorias 304 - 5ms","timestamp":"2026-08-03 14:09:33"}
{"level":"info","message":"GET /api/catalogos/te-enteraste 304 - 2ms","timestamp":"2026-08-03 14:09:33"}
{"level":"info","message":"GET /api/catalogos/manifestaciones 304 - 2ms","timestamp":"2026-08-03 14:09:33"}
{"level":"info","message":"[SOCKET] Conexión establecida: alan (Alan Escudero Alvarez) [ID: pzGuAZXzkEFtmAczAABa]","timestamp":"2026-08-03 14:09:33"}
{"level":"info","message":"GET /api/participante/mi-registro 304 - 6ms","timestamp":"2026-08-03 14:09:33"}
{"level":"info","message":"GET /api/catalogos/tema 304 - 2ms","timestamp":"2026-08-03 14:09:39"}
{"level":"info","message":"GET /api/catalogos/convocatoria-activa 304 - 2ms","timestamp":"2026-08-03 14:09:39"}
{"level":"info","message":"GET /api/catalogos/categorias 304 - 4ms","timestamp":"2026-08-03 14:09:39"}
{"level":"info","message":"[SOCKET] Conexión cerrada: alan [ID: pzGuAZXzkEFtmAczAABa]","timestamp":"2026-08-03 14:09:39"}
{"level":"info","message":"GET /api/catalogos/tema 304 - 2ms","timestamp":"2026-08-03 14:09:39"}
{"level":"info","message":"GET /api/notificaciones 304 - 3ms","timestamp":"2026-08-03 14:09:39"}
{"level":"info","message":"GET /api/catalogos/tema 304 - 2ms","timestamp":"2026-08-03 14:09:39"}
{"level":"info","message":"GET /api/catalogos/convocatoria-activa 304 - 1ms","timestamp":"2026-08-03 14:09:39"}
{"level":"info","message":"GET /api/catalogos/categorias 304 - 2ms","timestamp":"2026-08-03 14:09:39"}
{"level":"info","message":"GET /api/catalogos/te-enteraste 304 - 2ms","timestamp":"2026-08-03 14:09:39"}
{"level":"info","message":"GET /api/catalogos/manifestaciones 304 - 1ms","timestamp":"2026-08-03 14:09:39"}
{"level":"info","message":"GET /api/catalogos/alcaldias 304 - 2ms","timestamp":"2026-08-03 14:09:39"}
{"level":"info","message":"[SOCKET] Conexión establecida: alan (Alan Escudero Alvarez) [ID: nXSHjUu6g8P6shEwAABd]","timestamp":"2026-08-03 14:09:39"}
{"level":"info","message":"GET /api/participante/mi-registro 304 - 6ms","timestamp":"2026-08-03 14:09:39"}
{"level":"info","message":"GET /api/catalogos/tema 304 - 2ms","timestamp":"2026-08-03 14:11:03"}
{"level":"info","message":"GET /api/catalogos/convocatoria-activa 304 - 2ms","timestamp":"2026-08-03 14:11:03"}
{"level":"info","message":"GET /api/catalogos/categorias 304 - 3ms","timestamp":"2026-08-03 14:11:03"}
{"level":"info","message":"[SOCKET] Conexión cerrada: alan [ID: nXSHjUu6g8P6shEwAABd]","timestamp":"2026-08-03 14:11:04"}
{"level":"info","message":"GET /api/catalogos/tema 304 - 2ms","timestamp":"2026-08-03 14:11:04"}
{"level":"info","message":"GET /api/catalogos/tema 304 - 2ms","timestamp":"2026-08-03 14:11:04"}
{"level":"info","message":"GET /api/notificaciones 304 - 3ms","timestamp":"2026-08-03 14:11:04"}
{"level":"info","message":"GET /api/catalogos/convocatoria-activa 304 - 3ms","timestamp":"2026-08-03 14:11:04"}
{"level":"info","message":"GET /api/catalogos/alcaldias 304 - 4ms","timestamp":"2026-08-03 14:11:04"}
{"level":"info","message":"GET /api/catalogos/categorias 304 - 5ms","timestamp":"2026-08-03 14:11:04"}
{"level":"info","message":"GET /api/catalogos/te-enteraste 304 - 5ms","timestamp":"2026-08-03 14:11:04"}
{"level":"info","message":"GET /api/catalogos/manifestaciones 304 - 2ms","timestamp":"2026-08-03 14:11:04"}
{"level":"info","message":"[SOCKET] Conexión establecida: alan (Alan Escudero Alvarez) [ID: gsaT2CKmHF4Hq4L1AABg]","timestamp":"2026-08-03 14:11:04"}
{"level":"info","message":"GET /api/participante/mi-registro 304 - 6ms","timestamp":"2026-08-03 14:11:04"}
{"level":"info","message":"GET /api/catalogos/tema 304 - 3ms","timestamp":"2026-08-03 14:11:04"}
{"level":"info","message":"GET /api/catalogos/convocatoria-activa 304 - 1ms","timestamp":"2026-08-03 14:11:05"}
{"level":"info","message":"GET /api/catalogos/categorias 304 - 3ms","timestamp":"2026-08-03 14:11:05"}
{"level":"info","message":"[SOCKET] Conexión cerrada: alan [ID: gsaT2CKmHF4Hq4L1AABg]","timestamp":"2026-08-03 14:11:05"}
{"level":"info","message":"GET /api/catalogos/tema 304 - 3ms","timestamp":"2026-08-03 14:11:05"}
{"level":"info","message":"GET /api/notificaciones 304 - 4ms","timestamp":"2026-08-03 14:11:05"}
{"level":"info","message":"GET /api/catalogos/convocatoria-activa 304 - 2ms","timestamp":"2026-08-03 14:11:05"}
{"level":"info","message":"GET /api/catalogos/tema 304 - 2ms","timestamp":"2026-08-03 14:11:05"}
{"level":"info","message":"GET /api/catalogos/categorias 304 - 3ms","timestamp":"2026-08-03 14:11:05"}
{"level":"info","message":"GET /api/catalogos/alcaldias 304 - 2ms","timestamp":"2026-08-03 14:11:05"}
{"level":"info","message":"GET /api/catalogos/te-enteraste 304 - 2ms","timestamp":"2026-08-03 14:11:05"}
{"level":"info","message":"GET /api/catalogos/manifestaciones 304 - 1ms","timestamp":"2026-08-03 14:11:05"}
{"level":"info","message":"[SOCKET] Conexión establecida: alan (Alan Escudero Alvarez) [ID: z5hn10CTOsMBGpfjAABj]","timestamp":"2026-08-03 14:11:05"}
{"level":"info","message":"GET /api/participante/mi-registro 304 - 5ms","timestamp":"2026-08-03 14:11:05"}
{"level":"info","message":"[SOCKET] Conexión cerrada: alan [ID: z5hn10CTOsMBGpfjAABj]","timestamp":"2026-08-03 14:11:10"}
{"level":"info","message":"GET /api/catalogos/tema 304 - 3ms","timestamp":"2026-08-03 14:11:10"}
{"level":"info","message":"GET /api/catalogos/convocatoria-activa 304 - 2ms","timestamp":"2026-08-03 14:11:10"}
{"level":"info","message":"GET /api/catalogos/categorias 304 - 4ms","timestamp":"2026-08-03 14:11:10"}
{"level":"info","message":"GET /api/catalogos/tema 304 - 3ms","timestamp":"2026-08-03 14:11:10"}
{"level":"info","message":"GET /api/catalogos/tema 304 - 1ms","timestamp":"2026-08-03 14:11:10"}
{"level":"info","message":"GET /api/notificaciones 304 - 6ms","timestamp":"2026-08-03 14:11:10"}
{"level":"info","message":"GET /api/catalogos/convocatoria-activa 304 - 6ms","timestamp":"2026-08-03 14:11:10"}
{"level":"info","message":"GET /api/catalogos/categorias 304 - 8ms","timestamp":"2026-08-03 14:11:10"}
{"level":"info","message":"GET /api/catalogos/alcaldias 304 - 2ms","timestamp":"2026-08-03 14:11:10"}
{"level":"info","message":"GET /api/catalogos/te-enteraste 304 - 1ms","timestamp":"2026-08-03 14:11:10"}
{"level":"info","message":"GET /api/catalogos/manifestaciones 304 - 3ms","timestamp":"2026-08-03 14:11:10"}
{"level":"info","message":"[SOCKET] Conexión establecida: alan (Alan Escudero Alvarez) [ID: ECJ9dCHCnxKCPrQpAABm]","timestamp":"2026-08-03 14:11:10"}
{"level":"info","message":"GET /api/participante/mi-registro 304 - 7ms","timestamp":"2026-08-03 14:11:10"}
{"level":"info","message":"GET /api/catalogos/tema 304 - 2ms","timestamp":"2026-08-03 14:11:17"}
{"level":"info","message":"GET /api/catalogos/convocatoria-activa 304 - 4ms","timestamp":"2026-08-03 14:11:17"}
{"level":"info","message":"GET /api/catalogos/categorias 304 - 6ms","timestamp":"2026-08-03 14:11:17"}
{"level":"info","message":"[SOCKET] Conexión cerrada: alan [ID: ECJ9dCHCnxKCPrQpAABm]","timestamp":"2026-08-03 14:11:18"}
{"level":"info","message":"GET /api/catalogos/tema 304 - 2ms","timestamp":"2026-08-03 14:11:18"}
{"level":"info","message":"GET /api/catalogos/tema 304 - 3ms","timestamp":"2026-08-03 14:11:18"}
{"level":"info","message":"GET /api/catalogos/convocatoria-activa 304 - 3ms","timestamp":"2026-08-03 14:11:18"}
{"level":"info","message":"GET /api/catalogos/alcaldias 304 - 3ms","timestamp":"2026-08-03 14:11:18"}
{"level":"info","message":"GET /api/notificaciones 304 - 6ms","timestamp":"2026-08-03 14:11:18"}
{"level":"info","message":"GET /api/catalogos/te-enteraste 304 - 3ms","timestamp":"2026-08-03 14:11:18"}
{"level":"info","message":"GET /api/catalogos/categorias 304 - 7ms","timestamp":"2026-08-03 14:11:18"}
{"level":"info","message":"GET /api/catalogos/manifestaciones 304 - 3ms","timestamp":"2026-08-03 14:11:18"}
{"level":"info","message":"[SOCKET] Conexión establecida: alan (Alan Escudero Alvarez) [ID: 59xMkSRUUdc2fNopAABp]","timestamp":"2026-08-03 14:11:18"}
{"level":"info","message":"GET /api/participante/mi-registro 304 - 6ms","timestamp":"2026-08-03 14:11:18"}
{"level":"info","message":"GET /api/catalogos/tema 304 - 3ms","timestamp":"2026-08-03 14:11:24"}
{"level":"info","message":"GET /api/catalogos/convocatoria-activa 304 - 3ms","timestamp":"2026-08-03 14:11:24"}
{"level":"info","message":"GET /api/catalogos/categorias 304 - 3ms","timestamp":"2026-08-03 14:11:24"}
{"level":"info","message":"[SOCKET] Conexión cerrada: alan [ID: 59xMkSRUUdc2fNopAABp]","timestamp":"2026-08-03 14:11:25"}
{"level":"info","message":"GET /api/catalogos/tema 304 - 1ms","timestamp":"2026-08-03 14:11:25"}
{"level":"info","message":"GET /api/notificaciones 304 - 4ms","timestamp":"2026-08-03 14:11:25"}
{"level":"info","message":"GET /api/catalogos/tema 304 - 3ms","timestamp":"2026-08-03 14:11:25"}
{"level":"info","message":"GET /api/catalogos/convocatoria-activa 304 - 4ms","timestamp":"2026-08-03 14:11:25"}
{"level":"info","message":"GET /api/catalogos/alcaldias 304 - 3ms","timestamp":"2026-08-03 14:11:25"}
{"level":"info","message":"GET /api/catalogos/categorias 304 - 7ms","timestamp":"2026-08-03 14:11:25"}
{"level":"info","message":"GET /api/catalogos/te-enteraste 304 - 2ms","timestamp":"2026-08-03 14:11:25"}
{"level":"info","message":"GET /api/catalogos/manifestaciones 304 - 2ms","timestamp":"2026-08-03 14:11:25"}
{"level":"info","message":"[SOCKET] Conexión establecida: alan (Alan Escudero Alvarez) [ID: 6WN4Vwrt1G3p1_2BAABs]","timestamp":"2026-08-03 14:11:25"}
{"level":"info","message":"GET /api/participante/mi-registro 304 - 6ms","timestamp":"2026-08-03 14:11:25"}
{"level":"info","message":"[SOCKET] Conexión cerrada: alan [ID: 6WN4Vwrt1G3p1_2BAABs]","timestamp":"2026-08-03 14:11:31"}
{"level":"info","message":"GET /api/catalogos/tema 304 - 2ms","timestamp":"2026-08-03 14:11:31"}
{"level":"info","message":"GET /api/catalogos/convocatoria-activa 304 - 2ms","timestamp":"2026-08-03 14:11:31"}
{"level":"info","message":"GET /api/catalogos/categorias 304 - 3ms","timestamp":"2026-08-03 14:11:31"}
{"level":"info","message":"GET /api/catalogos/tema 304 - 1ms","timestamp":"2026-08-03 14:11:31"}
{"level":"info","message":"GET /api/notificaciones 304 - 4ms","timestamp":"2026-08-03 14:11:31"}
{"level":"info","message":"GET /api/catalogos/tema 304 - 2ms","timestamp":"2026-08-03 14:11:31"}
{"level":"info","message":"GET /api/catalogos/convocatoria-activa 304 - 2ms","timestamp":"2026-08-03 14:11:31"}
{"level":"info","message":"GET /api/catalogos/categorias 304 - 4ms","timestamp":"2026-08-03 14:11:31"}
{"level":"info","message":"GET /api/catalogos/manifestaciones 304 - 2ms","timestamp":"2026-08-03 14:11:31"}
{"level":"info","message":"GET /api/catalogos/te-enteraste 304 - 2ms","timestamp":"2026-08-03 14:11:31"}
{"level":"info","message":"GET /api/catalogos/alcaldias 304 - 2ms","timestamp":"2026-08-03 14:11:31"}
{"level":"info","message":"[SOCKET] Conexión establecida: alan (Alan Escudero Alvarez) [ID: EXfAvGieYUwdoJzyAABv]","timestamp":"2026-08-03 14:11:31"}
{"level":"info","message":"GET /api/participante/mi-registro 304 - 7ms","timestamp":"2026-08-03 14:11:31"}
{"level":"info","message":"GET /api/catalogos/tema 304 - 2ms","timestamp":"2026-08-03 14:12:00"}
{"level":"info","message":"GET /api/catalogos/convocatoria-activa 304 - 2ms","timestamp":"2026-08-03 14:12:00"}
{"level":"info","message":"GET /api/catalogos/categorias 304 - 4ms","timestamp":"2026-08-03 14:12:00"}
{"level":"info","message":"[SOCKET] Conexión cerrada: alan [ID: EXfAvGieYUwdoJzyAABv]","timestamp":"2026-08-03 14:12:00"}
{"level":"info","message":"GET /api/catalogos/tema 304 - 1ms","timestamp":"2026-08-03 14:12:00"}
{"level":"info","message":"GET /api/notificaciones 304 - 3ms","timestamp":"2026-08-03 14:12:00"}
{"level":"info","message":"GET /api/catalogos/tema 304 - 2ms","timestamp":"2026-08-03 14:12:00"}
{"level":"info","message":"GET /api/catalogos/convocatoria-activa 304 - 1ms","timestamp":"2026-08-03 14:12:00"}
{"level":"info","message":"GET /api/catalogos/categorias 304 - 4ms","timestamp":"2026-08-03 14:12:00"}
{"level":"info","message":"GET /api/catalogos/alcaldias 304 - 1ms","timestamp":"2026-08-03 14:12:00"}
{"level":"info","message":"GET /api/catalogos/manifestaciones 304 - 2ms","timestamp":"2026-08-03 14:12:00"}
{"level":"info","message":"GET /api/catalogos/te-enteraste 304 - 3ms","timestamp":"2026-08-03 14:12:00"}
{"level":"info","message":"[SOCKET] Conexión establecida: alan (Alan Escudero Alvarez) [ID: Z4-asK_aGg1Bx2MOAABy]","timestamp":"2026-08-03 14:12:00"}
{"level":"info","message":"GET /api/participante/mi-registro 304 - 6ms","timestamp":"2026-08-03 14:12:00"}
{"level":"info","message":"GET /api/catalogos/tema 304 - 2ms","timestamp":"2026-08-03 14:12:02"}
{"level":"info","message":"GET /api/catalogos/convocatoria-activa 304 - 2ms","timestamp":"2026-08-03 14:12:02"}
{"level":"info","message":"GET /api/catalogos/categorias 304 - 5ms","timestamp":"2026-08-03 14:12:02"}
{"level":"info","message":"[SOCKET] Conexión cerrada: alan [ID: Z4-asK_aGg1Bx2MOAABy]","timestamp":"2026-08-03 14:12:03"}
{"level":"info","message":"GET /api/catalogos/tema 304 - 1ms","timestamp":"2026-08-03 14:12:03"}
{"level":"info","message":"GET /api/notificaciones 304 - 5ms","timestamp":"2026-08-03 14:12:03"}
{"level":"info","message":"GET /api/catalogos/alcaldias 304 - 2ms","timestamp":"2026-08-03 14:12:03"}
{"level":"info","message":"GET /api/catalogos/convocatoria-activa 304 - 3ms","timestamp":"2026-08-03 14:12:03"}
{"level":"info","message":"GET /api/catalogos/tema 304 - 3ms","timestamp":"2026-08-03 14:12:03"}
{"level":"info","message":"GET /api/catalogos/categorias 304 - 7ms","timestamp":"2026-08-03 14:12:03"}
{"level":"info","message":"GET /api/catalogos/te-enteraste 304 - 5ms","timestamp":"2026-08-03 14:12:03"}
{"level":"info","message":"GET /api/catalogos/manifestaciones 304 - 2ms","timestamp":"2026-08-03 14:12:03"}
{"level":"info","message":"[SOCKET] Conexión establecida: alan (Alan Escudero Alvarez) [ID: TqXa31aQMaexVN1FAAB1]","timestamp":"2026-08-03 14:12:03"}
{"level":"info","message":"GET /api/participante/mi-registro 304 - 6ms","timestamp":"2026-08-03 14:12:03"}
{"level":"info","message":"GET /api/catalogos/tema 304 - 2ms","timestamp":"2026-08-03 14:12:04"}
{"level":"info","message":"GET /api/catalogos/convocatoria-activa 304 - 2ms","timestamp":"2026-08-03 14:12:04"}
{"level":"info","message":"GET /api/catalogos/categorias 304 - 5ms","timestamp":"2026-08-03 14:12:04"}
{"level":"info","message":"[SOCKET] Conexión cerrada: alan [ID: TqXa31aQMaexVN1FAAB1]","timestamp":"2026-08-03 14:12:05"}
{"level":"info","message":"GET /api/catalogos/tema 304 - 2ms","timestamp":"2026-08-03 14:12:05"}
{"level":"info","message":"GET /api/catalogos/tema 304 - 1ms","timestamp":"2026-08-03 14:12:05"}
{"level":"info","message":"GET /api/notificaciones 304 - 3ms","timestamp":"2026-08-03 14:12:05"}
{"level":"info","message":"GET /api/catalogos/convocatoria-activa 304 - 2ms","timestamp":"2026-08-03 14:12:05"}
{"level":"info","message":"GET /api/catalogos/categorias 304 - 3ms","timestamp":"2026-08-03 14:12:05"}
{"level":"info","message":"GET /api/catalogos/alcaldias 304 - 2ms","timestamp":"2026-08-03 14:12:05"}
{"level":"info","message":"GET /api/catalogos/te-enteraste 304 - 3ms","timestamp":"2026-08-03 14:12:05"}
{"level":"info","message":"GET /api/catalogos/manifestaciones 304 - 2ms","timestamp":"2026-08-03 14:12:05"}
{"level":"info","message":"[SOCKET] Conexión establecida: alan (Alan Escudero Alvarez) [ID: mSpfFlCmhgoNQ7LZAAB4]","timestamp":"2026-08-03 14:12:05"}
{"level":"info","message":"GET /api/participante/mi-registro 304 - 5ms","timestamp":"2026-08-03 14:12:05"}
{"level":"info","message":"GET /api/catalogos/convocatoria-activa 304 - 2ms","timestamp":"2026-08-03 14:15:40"}
{"level":"info","message":"GET /api/catalogos/categorias 304 - 3ms","timestamp":"2026-08-03 14:15:40"}
{"level":"info","message":"GET /api/catalogos/tema 304 - 2ms","timestamp":"2026-08-03 14:16:08"}
{"level":"info","message":"GET /api/catalogos/convocatoria-activa 304 - 3ms","timestamp":"2026-08-03 14:16:08"}
{"level":"info","message":"GET /api/catalogos/categorias 304 - 5ms","timestamp":"2026-08-03 14:16:08"}
{"level":"info","message":"[SOCKET] Conexión cerrada: alan [ID: mSpfFlCmhgoNQ7LZAAB4]","timestamp":"2026-08-03 14:16:09"}
{"level":"info","message":"GET /api/catalogos/tema 304 - 2ms","timestamp":"2026-08-03 14:16:09"}
{"level":"info","message":"GET /api/catalogos/tema 304 - 3ms","timestamp":"2026-08-03 14:16:09"}
{"level":"info","message":"GET /api/catalogos/convocatoria-activa 304 - 6ms","timestamp":"2026-08-03 14:16:09"}
{"level":"info","message":"GET /api/catalogos/alcaldias 304 - 8ms","timestamp":"2026-08-03 14:16:09"}
{"level":"info","message":"GET /api/catalogos/te-enteraste 304 - 9ms","timestamp":"2026-08-03 14:16:09"}
{"level":"info","message":"GET /api/notificaciones 304 - 13ms","timestamp":"2026-08-03 14:16:09"}
{"level":"info","message":"GET /api/catalogos/categorias 304 - 13ms","timestamp":"2026-08-03 14:16:09"}
{"level":"info","message":"GET /api/catalogos/manifestaciones 304 - 3ms","timestamp":"2026-08-03 14:16:09"}
{"level":"info","message":"[SOCKET] Conexión establecida: alan (Alan Escudero Alvarez) [ID: C5kuafyQXde6ckyLAAB7]","timestamp":"2026-08-03 14:16:09"}
{"level":"info","message":"GET /api/participante/mi-registro 304 - 6ms","timestamp":"2026-08-03 14:16:09"}
{"level":"info","message":"[SOCKET] Conexión establecida: alan (Alan Escudero Alvarez) [ID: zEj3W-aeiK_FKOD_AAAB]","timestamp":"2026-08-03 14:27:53"}
{"level":"info","message":"[SOCKET] Conexión establecida: alan (Alan Escudero Alvarez) [ID: NYN255Rq7JFOF9w-AAAB]","timestamp":"2026-08-03 14:32:58"}
{"level":"info","message":"[SOCKET] Conexión cerrada: alan [ID: NYN255Rq7JFOF9w-AAAB]","timestamp":"2026-08-03 14:33:09"}
{"level":"info","message":"GET /api/catalogos/convocatoria-activa 304 - 17ms","timestamp":"2026-08-03 14:33:10"}
{"level":"info","message":"GET /api/catalogos/tema 304 - 22ms","timestamp":"2026-08-03 14:33:10"}
{"level":"info","message":"GET /api/catalogos/alcaldias 304 - 35ms","timestamp":"2026-08-03 14:33:10"}
{"level":"info","message":"GET /api/notificaciones 304 - 49ms","timestamp":"2026-08-03 14:33:10"}
{"level":"info","message":"GET /api/catalogos/te-enteraste 304 - 36ms","timestamp":"2026-08-03 14:33:10"}
{"level":"info","message":"GET /api/catalogos/manifestaciones 304 - 19ms","timestamp":"2026-08-03 14:33:10"}
{"level":"info","message":"GET /api/catalogos/categorias 304 - 46ms","timestamp":"2026-08-03 14:33:10"}
{"level":"info","message":"[SOCKET] Conexión establecida: alan (Alan Escudero Alvarez) [ID: WoDKWPO9LEcPooC4AAAD]","timestamp":"2026-08-03 14:33:10"}
{"level":"info","message":"GET /api/participante/mi-registro 304 - 10ms","timestamp":"2026-08-03 14:33:10"}
{"level":"error","message":"participantesRepository.findByUsuarioId is not a function","stack":"TypeError: participantesRepository.findByUsuarioId is not a function\n    at getMisArchivos (C:\\xampp\\htdocs\\2026\\Ensayo2027\\backend\\src\\controllers\\participante.controller.js:184:58)\n    at Layer.handle [as handle_request] (C:\\xampp\\htdocs\\2026\\Ensayo2027\\node_modules\\.pnpm\\express@4.22.2\\node_modules\\express\\lib\\router\\layer.js:95:5)\n    at next (C:\\xampp\\htdocs\\2026\\Ensayo2027\\node_modules\\.pnpm\\express@4.22.2\\node_modules\\express\\lib\\router\\route.js:149:13)\n    at Route.dispatch (C:\\xampp\\htdocs\\2026\\Ensayo2027\\node_modules\\.pnpm\\express@4.22.2\\node_modules\\express\\lib\\router\\route.js:119:3)\n    at Layer.handle [as handle_request] (C:\\xampp\\htdocs\\2026\\Ensayo2027\\node_modules\\.pnpm\\express@4.22.2\\node_modules\\express\\lib\\router\\layer.js:95:5)\n    at C:\\xampp\\htdocs\\2026\\Ensayo2027\\node_modules\\.pnpm\\express@4.22.2\\node_modules\\express\\lib\\router\\index.js:284:15\n    at router.process_params (C:\\xampp\\htdocs\\2026\\Ensayo2027\\node_modules\\.pnpm\\express@4.22.2\\node_modules\\express\\lib\\router\\index.js:346:12)\n    at next (C:\\xampp\\htdocs\\2026\\Ensayo2027\\node_modules\\.pnpm\\express@4.22.2\\node_modules\\express\\lib\\router\\index.js:280:10)\n    at C:\\xampp\\htdocs\\2026\\Ensayo2027\\backend\\src\\middlewares\\roles.middleware.js:14:14\n    at Layer.handle [as handle_request] (C:\\xampp\\htdocs\\2026\\Ensayo2027\\node_modules\\.pnpm\\express@4.22.2\\node_modules\\express\\lib\\router\\layer.js:95:5)\n    at trim_prefix (C:\\xampp\\htdocs\\2026\\Ensayo2027\\node_modules\\.pnpm\\express@4.22.2\\node_modules\\express\\lib\\router\\index.js:328:13)\n    at C:\\xampp\\htdocs\\2026\\Ensayo2027\\node_modules\\.pnpm\\express@4.22.2\\node_modules\\express\\lib\\router\\index.js:286:9\n    at router.process_params (C:\\xampp\\htdocs\\2026\\Ensayo2027\\node_modules\\.pnpm\\express@4.22.2\\node_modules\\express\\lib\\router\\index.js:346:12)\n    at next (C:\\xampp\\htdocs\\2026\\Ensayo2027\\node_modules\\.pnpm\\express@4.22.2\\node_modules\\express\\lib\\router\\index.js:280:10)\n    at module.exports (C:\\xampp\\htdocs\\2026\\Ensayo2027\\backend\\src\\middlewares\\auth.middleware.js:57:5)\n    at process.processTicksAndRejections (node:internal/process/task_queues:104:5)","timestamp":"2026-08-03 14:33:10"}
{"level":"info","message":"GET /api/participante/mis-archivos 500 - 4ms","timestamp":"2026-08-03 14:33:10"}
{"level":"info","message":"GET /api/catalogos/requisitos-archivos 200 - 16ms","timestamp":"2026-08-03 14:33:10"}
{"level":"info","message":"GET /api/catalogos/convocatoria-activa 304 - 8ms","timestamp":"2026-08-03 14:33:17"}
{"level":"info","message":"GET /api/catalogos/categorias 304 - 12ms","timestamp":"2026-08-03 14:33:17"}
{"level":"info","message":"POST /api/auth/login 200 - 83ms","timestamp":"2026-08-03 14:33:23"}
{"level":"info","message":"[SOCKET] Conexión establecida: superadmin (Superadmin Sistema IECM) [ID: vroDjLZ9LLvEIfa0AAAF]","timestamp":"2026-08-03 14:33:23"}
{"level":"info","message":"[SOCKET] Conexión cerrada: superadmin [ID: vroDjLZ9LLvEIfa0AAAF]","timestamp":"2026-08-03 14:33:25"}
{"level":"info","message":"GET /api/catalogos/convocatoria-activa 304 - 6ms","timestamp":"2026-08-03 14:33:25"}
{"level":"info","message":"GET /api/catalogos/tema 304 - 7ms","timestamp":"2026-08-03 14:33:25"}
{"level":"info","message":"GET /api/notificaciones 304 - 14ms","timestamp":"2026-08-03 14:33:25"}
{"level":"info","message":"GET /api/catalogos/categorias 304 - 14ms","timestamp":"2026-08-03 14:33:25"}
{"level":"info","message":"[SOCKET] Conexión establecida: superadmin (Superadmin Sistema IECM) [ID: vnvcQoqJ_1NR3hopAAAH]","timestamp":"2026-08-03 14:33:25"}
{"level":"info","message":"GET /api/superadmin/usuarios 304 - 22ms","timestamp":"2026-08-03 14:33:25"}
{"level":"info","message":"GET /api/superadmin/usuarios 304 - 8ms","timestamp":"2026-08-03 14:33:29"}
{"level":"info","message":"GET /api/superadmin/usuarios 304 - 7ms","timestamp":"2026-08-03 14:33:33"}
{"level":"info","message":"GET /api/superadmin/convocatorias 304 - 4ms","timestamp":"2026-08-03 14:33:34"}
{"level":"info","message":"GET /api/superadmin/categorias/1 304 - 6ms","timestamp":"2026-08-03 14:33:34"}
{"level":"info","message":"GET /api/superadmin/requisitos-archivos/1 200 - 8ms","timestamp":"2026-08-03 14:33:34"}
{"level":"info","message":"GET /api/superadmin/usuarios 304 - 8ms","timestamp":"2026-08-03 14:33:36"}
{"level":"info","message":"GET /api/superadmin/convocatorias 304 - 5ms","timestamp":"2026-08-03 14:33:37"}
{"level":"info","message":"GET /api/superadmin/categorias/1 304 - 4ms","timestamp":"2026-08-03 14:33:37"}
{"level":"info","message":"GET /api/superadmin/requisitos-archivos/1 304 - 4ms","timestamp":"2026-08-03 14:33:37"}
{"level":"info","message":"POST /api/superadmin/requisitos-archivos 200 - 21ms","timestamp":"2026-08-03 14:34:17"}
{"level":"info","message":"GET /api/superadmin/requisitos-archivos/1 200 - 11ms","timestamp":"2026-08-03 14:34:17"}
{"level":"info","message":"[SOCKET] Conexión cerrada: alan [ID: WoDKWPO9LEcPooC4AAAD]","timestamp":"2026-08-03 14:34:21"}
{"level":"info","message":"GET /api/catalogos/tema 304 - 4ms","timestamp":"2026-08-03 14:34:21"}
{"level":"info","message":"GET /api/catalogos/tema 304 - 8ms","timestamp":"2026-08-03 14:34:21"}
{"level":"info","message":"GET /api/catalogos/convocatoria-activa 304 - 12ms","timestamp":"2026-08-03 14:34:21"}
{"level":"info","message":"GET /api/notificaciones 304 - 25ms","timestamp":"2026-08-03 14:34:21"}
{"level":"info","message":"GET /api/catalogos/alcaldias 304 - 19ms","timestamp":"2026-08-03 14:34:21"}
{"level":"info","message":"GET /api/catalogos/categorias 304 - 28ms","timestamp":"2026-08-03 14:34:21"}
{"level":"info","message":"GET /api/catalogos/te-enteraste 304 - 16ms","timestamp":"2026-08-03 14:34:21"}
{"level":"info","message":"GET /api/catalogos/manifestaciones 304 - 18ms","timestamp":"2026-08-03 14:34:21"}
{"level":"info","message":"[SOCKET] Conexión establecida: alan (Alan Escudero Alvarez) [ID: tGlRXCZC50vmxF-EAAAK]","timestamp":"2026-08-03 14:34:21"}
{"level":"info","message":"GET /api/participante/mi-registro 304 - 10ms","timestamp":"2026-08-03 14:34:21"}
{"level":"error","message":"participantesRepository.findByUsuarioId is not a function","stack":"TypeError: participantesRepository.findByUsuarioId is not a function\n    at getMisArchivos (C:\\xampp\\htdocs\\2026\\Ensayo2027\\backend\\src\\controllers\\participante.controller.js:184:58)\n    at Layer.handle [as handle_request] (C:\\xampp\\htdocs\\2026\\Ensayo2027\\node_modules\\.pnpm\\express@4.22.2\\node_modules\\express\\lib\\router\\layer.js:95:5)\n    at next (C:\\xampp\\htdocs\\2026\\Ensayo2027\\node_modules\\.pnpm\\express@4.22.2\\node_modules\\express\\lib\\router\\route.js:149:13)\n    at Route.dispatch (C:\\xampp\\htdocs\\2026\\Ensayo2027\\node_modules\\.pnpm\\express@4.22.2\\node_modules\\express\\lib\\router\\route.js:119:3)\n    at Layer.handle [as handle_request] (C:\\xampp\\htdocs\\2026\\Ensayo2027\\node_modules\\.pnpm\\express@4.22.2\\node_modules\\express\\lib\\router\\layer.js:95:5)\n    at C:\\xampp\\htdocs\\2026\\Ensayo2027\\node_modules\\.pnpm\\express@4.22.2\\node_modules\\express\\lib\\router\\index.js:284:15\n    at router.process_params (C:\\xampp\\htdocs\\2026\\Ensayo2027\\node_modules\\.pnpm\\express@4.22.2\\node_modules\\express\\lib\\router\\index.js:346:12)\n    at next (C:\\xampp\\htdocs\\2026\\Ensayo2027\\node_modules\\.pnpm\\express@4.22.2\\node_modules\\express\\lib\\router\\index.js:280:10)\n    at C:\\xampp\\htdocs\\2026\\Ensayo2027\\backend\\src\\middlewares\\roles.middleware.js:14:14\n    at Layer.handle [as handle_request] (C:\\xampp\\htdocs\\2026\\Ensayo2027\\node_modules\\.pnpm\\express@4.22.2\\node_modules\\express\\lib\\router\\layer.js:95:5)\n    at trim_prefix (C:\\xampp\\htdocs\\2026\\Ensayo2027\\node_modules\\.pnpm\\express@4.22.2\\node_modules\\express\\lib\\router\\index.js:328:13)\n    at C:\\xampp\\htdocs\\2026\\Ensayo2027\\node_modules\\.pnpm\\express@4.22.2\\node_modules\\express\\lib\\router\\index.js:286:9\n    at router.process_params (C:\\xampp\\htdocs\\2026\\Ensayo2027\\node_modules\\.pnpm\\express@4.22.2\\node_modules\\express\\lib\\router\\index.js:346:12)\n    at next (C:\\xampp\\htdocs\\2026\\Ensayo2027\\node_modules\\.pnpm\\express@4.22.2\\node_modules\\express\\lib\\router\\index.js:280:10)\n    at module.exports (C:\\xampp\\htdocs\\2026\\Ensayo2027\\backend\\src\\middlewares\\auth.middleware.js:57:5)\n    at process.processTicksAndRejections (node:internal/process/task_queues:104:5)","timestamp":"2026-08-03 14:34:21"}
{"level":"info","message":"GET /api/participante/mis-archivos 500 - 4ms","timestamp":"2026-08-03 14:34:21"}
{"level":"info","message":"GET /api/catalogos/requisitos-archivos 200 - 6ms","timestamp":"2026-08-03 14:34:21"}
{"level":"info","message":"[SOCKET] Forzando cierre de conexión para usuario ID: 9","timestamp":"2026-08-03 14:35:24"}
{"level":"info","message":"[SOCKET] Conexión cerrada: alan [ID: tGlRXCZC50vmxF-EAAAK]","timestamp":"2026-08-03 14:35:24"}
{"level":"info","message":"POST /api/auth/logout 200 - 16ms","timestamp":"2026-08-03 14:35:24"}
{"level":"info","message":"GET /api/catalogos/convocatoria-activa 304 - 4ms","timestamp":"2026-08-03 14:35:24"}
{"level":"info","message":"GET /api/catalogos/categorias 304 - 6ms","timestamp":"2026-08-03 14:35:24"}
{"level":"info","message":"POST /api/auth/login 200 - 89ms","timestamp":"2026-08-03 14:35:36"}
{"level":"info","message":"[SOCKET] Conexión establecida: alan (Alan Escudero Alvarez) [ID: d4PnTE_S4YsVLTaGAAAM]","timestamp":"2026-08-03 14:35:36"}
{"level":"info","message":"[SOCKET] Conexión cerrada: alan [ID: d4PnTE_S4YsVLTaGAAAM]","timestamp":"2026-08-03 14:35:38"}
{"level":"info","message":"GET /api/notificaciones 304 - 11ms","timestamp":"2026-08-03 14:35:38"}
{"level":"info","message":"GET /api/catalogos/tema 304 - 6ms","timestamp":"2026-08-03 14:35:38"}
{"level":"info","message":"GET /api/catalogos/convocatoria-activa 304 - 5ms","timestamp":"2026-08-03 14:35:38"}
{"level":"info","message":"GET /api/catalogos/alcaldias 304 - 9ms","timestamp":"2026-08-03 14:35:38"}
{"level":"info","message":"GET /api/catalogos/te-enteraste 304 - 9ms","timestamp":"2026-08-03 14:35:38"}
{"level":"info","message":"GET /api/catalogos/categorias 304 - 15ms","timestamp":"2026-08-03 14:35:38"}
{"level":"info","message":"GET /api/catalogos/manifestaciones 304 - 7ms","timestamp":"2026-08-03 14:35:38"}
{"level":"info","message":"[SOCKET] Conexión establecida: alan (Alan Escudero Alvarez) [ID: MhuD9GR-60_fwqWoAAAO]","timestamp":"2026-08-03 14:35:38"}
{"level":"info","message":"GET /api/participante/mi-registro 304 - 9ms","timestamp":"2026-08-03 14:35:38"}
{"level":"error","message":"participantesRepository.findByUsuarioId is not a function","stack":"TypeError: participantesRepository.findByUsuarioId is not a function\n    at getMisArchivos (C:\\xampp\\htdocs\\2026\\Ensayo2027\\backend\\src\\controllers\\participante.controller.js:184:58)\n    at Layer.handle [as handle_request] (C:\\xampp\\htdocs\\2026\\Ensayo2027\\node_modules\\.pnpm\\express@4.22.2\\node_modules\\express\\lib\\router\\layer.js:95:5)\n    at next (C:\\xampp\\htdocs\\2026\\Ensayo2027\\node_modules\\.pnpm\\express@4.22.2\\node_modules\\express\\lib\\router\\route.js:149:13)\n    at Route.dispatch (C:\\xampp\\htdocs\\2026\\Ensayo2027\\node_modules\\.pnpm\\express@4.22.2\\node_modules\\express\\lib\\router\\route.js:119:3)\n    at Layer.handle [as handle_request] (C:\\xampp\\htdocs\\2026\\Ensayo2027\\node_modules\\.pnpm\\express@4.22.2\\node_modules\\express\\lib\\router\\layer.js:95:5)\n    at C:\\xampp\\htdocs\\2026\\Ensayo2027\\node_modules\\.pnpm\\express@4.22.2\\node_modules\\express\\lib\\router\\index.js:284:15\n    at router.process_params (C:\\xampp\\htdocs\\2026\\Ensayo2027\\node_modules\\.pnpm\\express@4.22.2\\node_modules\\express\\lib\\router\\index.js:346:12)\n    at next (C:\\xampp\\htdocs\\2026\\Ensayo2027\\node_modules\\.pnpm\\express@4.22.2\\node_modules\\express\\lib\\router\\index.js:280:10)\n    at C:\\xampp\\htdocs\\2026\\Ensayo2027\\backend\\src\\middlewares\\roles.middleware.js:14:14\n    at Layer.handle [as handle_request] (C:\\xampp\\htdocs\\2026\\Ensayo2027\\node_modules\\.pnpm\\express@4.22.2\\node_modules\\express\\lib\\router\\layer.js:95:5)\n    at trim_prefix (C:\\xampp\\htdocs\\2026\\Ensayo2027\\node_modules\\.pnpm\\express@4.22.2\\node_modules\\express\\lib\\router\\index.js:328:13)\n    at C:\\xampp\\htdocs\\2026\\Ensayo2027\\node_modules\\.pnpm\\express@4.22.2\\node_modules\\express\\lib\\router\\index.js:286:9\n    at router.process_params (C:\\xampp\\htdocs\\2026\\Ensayo2027\\node_modules\\.pnpm\\express@4.22.2\\node_modules\\express\\lib\\router\\index.js:346:12)\n    at next (C:\\xampp\\htdocs\\2026\\Ensayo2027\\node_modules\\.pnpm\\express@4.22.2\\node_modules\\express\\lib\\router\\index.js:280:10)\n    at module.exports (C:\\xampp\\htdocs\\2026\\Ensayo2027\\backend\\src\\middlewares\\auth.middleware.js:57:5)\n    at process.processTicksAndRejections (node:internal/process/task_queues:104:5)","timestamp":"2026-08-03 14:35:38"}
{"level":"info","message":"GET /api/participante/mis-archivos 500 - 3ms","timestamp":"2026-08-03 14:35:38"}
{"level":"info","message":"GET /api/catalogos/requisitos-archivos 304 - 5ms","timestamp":"2026-08-03 14:35:38"}
{"level":"info","message":"[SOCKET] Conexión establecida: alan (Alan Escudero Alvarez) [ID: _V_FhpCz8YZpFVnGAAAB]","timestamp":"2026-08-03 14:35:44"}
{"level":"info","message":"[SOCKET] Conexión establecida: superadmin (Superadmin Sistema IECM) [ID: yYiwXEcYRlm_WaV9AAAD]","timestamp":"2026-08-03 14:35:44"}
{"level":"info","message":"[SOCKET] Conexión cerrada: alan [ID: _V_FhpCz8YZpFVnGAAAB]","timestamp":"2026-08-03 14:35:49"}
{"level":"info","message":"GET /api/catalogos/convocatoria-activa 304 - 16ms","timestamp":"2026-08-03 14:35:49"}
{"level":"info","message":"GET /api/catalogos/alcaldias 304 - 20ms","timestamp":"2026-08-03 14:35:49"}
{"level":"info","message":"GET /api/catalogos/tema 304 - 30ms","timestamp":"2026-08-03 14:35:49"}
{"level":"info","message":"GET /api/notificaciones 304 - 41ms","timestamp":"2026-08-03 14:35:49"}
{"level":"info","message":"GET /api/catalogos/te-enteraste 304 - 31ms","timestamp":"2026-08-03 14:35:49"}
{"level":"info","message":"GET /api/catalogos/manifestaciones 304 - 14ms","timestamp":"2026-08-03 14:35:49"}
{"level":"info","message":"GET /api/catalogos/categorias 304 - 39ms","timestamp":"2026-08-03 14:35:49"}
{"level":"info","message":"[SOCKET] Conexión establecida: alan (Alan Escudero Alvarez) [ID: fMxQfD7r5UmHEfIWAAAF]","timestamp":"2026-08-03 14:35:49"}
{"level":"info","message":"GET /api/participante/mi-registro 304 - 10ms","timestamp":"2026-08-03 14:35:49"}
{"level":"error","message":"participantesRepository.findByUsuarioId is not a function","stack":"TypeError: participantesRepository.findByUsuarioId is not a function\n    at getMisArchivos (C:\\xampp\\htdocs\\2026\\Ensayo2027\\backend\\src\\controllers\\participante.controller.js:184:58)\n    at Layer.handle [as handle_request] (C:\\xampp\\htdocs\\2026\\Ensayo2027\\node_modules\\.pnpm\\express@4.22.2\\node_modules\\express\\lib\\router\\layer.js:95:5)\n    at next (C:\\xampp\\htdocs\\2026\\Ensayo2027\\node_modules\\.pnpm\\express@4.22.2\\node_modules\\express\\lib\\router\\route.js:149:13)\n    at Route.dispatch (C:\\xampp\\htdocs\\2026\\Ensayo2027\\node_modules\\.pnpm\\express@4.22.2\\node_modules\\express\\lib\\router\\route.js:119:3)\n    at Layer.handle [as handle_request] (C:\\xampp\\htdocs\\2026\\Ensayo2027\\node_modules\\.pnpm\\express@4.22.2\\node_modules\\express\\lib\\router\\layer.js:95:5)\n    at C:\\xampp\\htdocs\\2026\\Ensayo2027\\node_modules\\.pnpm\\express@4.22.2\\node_modules\\express\\lib\\router\\index.js:284:15\n    at router.process_params (C:\\xampp\\htdocs\\2026\\Ensayo2027\\node_modules\\.pnpm\\express@4.22.2\\node_modules\\express\\lib\\router\\index.js:346:12)\n    at next (C:\\xampp\\htdocs\\2026\\Ensayo2027\\node_modules\\.pnpm\\express@4.22.2\\node_modules\\express\\lib\\router\\index.js:280:10)\n    at C:\\xampp\\htdocs\\2026\\Ensayo2027\\backend\\src\\middlewares\\roles.middleware.js:14:14\n    at Layer.handle [as handle_request] (C:\\xampp\\htdocs\\2026\\Ensayo2027\\node_modules\\.pnpm\\express@4.22.2\\node_modules\\express\\lib\\router\\layer.js:95:5)\n    at trim_prefix (C:\\xampp\\htdocs\\2026\\Ensayo2027\\node_modules\\.pnpm\\express@4.22.2\\node_modules\\express\\lib\\router\\index.js:328:13)\n    at C:\\xampp\\htdocs\\2026\\Ensayo2027\\node_modules\\.pnpm\\express@4.22.2\\node_modules\\express\\lib\\router\\index.js:286:9\n    at router.process_params (C:\\xampp\\htdocs\\2026\\Ensayo2027\\node_modules\\.pnpm\\express@4.22.2\\node_modules\\express\\lib\\router\\index.js:346:12)\n    at next (C:\\xampp\\htdocs\\2026\\Ensayo2027\\node_modules\\.pnpm\\express@4.22.2\\node_modules\\express\\lib\\router\\index.js:280:10)\n    at module.exports (C:\\xampp\\htdocs\\2026\\Ensayo2027\\backend\\src\\middlewares\\auth.middleware.js:57:5)\n    at process.processTicksAndRejections (node:internal/process/task_queues:104:5)","timestamp":"2026-08-03 14:35:49"}
{"level":"info","message":"GET /api/participante/mis-archivos 500 - 4ms","timestamp":"2026-08-03 14:35:49"}
{"level":"info","message":"GET /api/catalogos/requisitos-archivos 304 - 7ms","timestamp":"2026-08-03 14:35:49"}
{"level":"info","message":"[SOCKET] Conexión establecida: alan (Alan Escudero Alvarez) [ID: _vW3VJ2dTu5OPmAgAAAB]","timestamp":"2026-08-03 14:36:09"}
{"level":"info","message":"[SOCKET] Conexión establecida: superadmin (Superadmin Sistema IECM) [ID: MQS1vAV_XP4UhhfFAAAD]","timestamp":"2026-08-03 14:36:09"}
{"level":"info","message":"[SOCKET] Conexión cerrada: alan [ID: _vW3VJ2dTu5OPmAgAAAB]","timestamp":"2026-08-03 14:36:33"}
{"level":"info","message":"GET /api/catalogos/tema 200 - 6ms","timestamp":"2026-08-03 14:36:33"}
{"level":"info","message":"GET /api/catalogos/tema 200 - 8ms","timestamp":"2026-08-03 14:36:34"}
{"level":"info","message":"GET /api/catalogos/convocatoria-activa 200 - 15ms","timestamp":"2026-08-03 14:36:34"}
{"level":"info","message":"GET /api/catalogos/alcaldias 200 - 21ms","timestamp":"2026-08-03 14:36:34"}
{"level":"info","message":"GET /api/catalogos/te-enteraste 200 - 25ms","timestamp":"2026-08-03 14:36:34"}
{"level":"info","message":"GET /api/notificaciones 200 - 37ms","timestamp":"2026-08-03 14:36:34"}
{"level":"info","message":"GET /api/catalogos/manifestaciones 200 - 19ms","timestamp":"2026-08-03 14:36:34"}
{"level":"info","message":"GET /api/catalogos/categorias 200 - 32ms","timestamp":"2026-08-03 14:36:34"}
{"level":"info","message":"[SOCKET] Conexión establecida: alan (Alan Escudero Alvarez) [ID: OwYW2zhQYI2bP7SSAAAG]","timestamp":"2026-08-03 14:36:34"}
{"level":"info","message":"GET /api/participante/mi-registro 304 - 10ms","timestamp":"2026-08-03 14:36:34"}
{"level":"error","message":"participantesRepository.findByUsuarioId is not a function","stack":"TypeError: participantesRepository.findByUsuarioId is not a function\n    at getMisArchivos (C:\\xampp\\htdocs\\2026\\Ensayo2027\\backend\\src\\controllers\\participante.controller.js:184:58)\n    at Layer.handle [as handle_request] (C:\\xampp\\htdocs\\2026\\Ensayo2027\\node_modules\\.pnpm\\express@4.22.2\\node_modules\\express\\lib\\router\\layer.js:95:5)\n    at next (C:\\xampp\\htdocs\\2026\\Ensayo2027\\node_modules\\.pnpm\\express@4.22.2\\node_modules\\express\\lib\\router\\route.js:149:13)\n    at Route.dispatch (C:\\xampp\\htdocs\\2026\\Ensayo2027\\node_modules\\.pnpm\\express@4.22.2\\node_modules\\express\\lib\\router\\route.js:119:3)\n    at Layer.handle [as handle_request] (C:\\xampp\\htdocs\\2026\\Ensayo2027\\node_modules\\.pnpm\\express@4.22.2\\node_modules\\express\\lib\\router\\layer.js:95:5)\n    at C:\\xampp\\htdocs\\2026\\Ensayo2027\\node_modules\\.pnpm\\express@4.22.2\\node_modules\\express\\lib\\router\\index.js:284:15\n    at router.process_params (C:\\xampp\\htdocs\\2026\\Ensayo2027\\node_modules\\.pnpm\\express@4.22.2\\node_modules\\express\\lib\\router\\index.js:346:12)\n    at next (C:\\xampp\\htdocs\\2026\\Ensayo2027\\node_modules\\.pnpm\\express@4.22.2\\node_modules\\express\\lib\\router\\index.js:280:10)\n    at C:\\xampp\\htdocs\\2026\\Ensayo2027\\backend\\src\\middlewares\\roles.middleware.js:14:14\n    at Layer.handle [as handle_request] (C:\\xampp\\htdocs\\2026\\Ensayo2027\\node_modules\\.pnpm\\express@4.22.2\\node_modules\\express\\lib\\router\\layer.js:95:5)\n    at trim_prefix (C:\\xampp\\htdocs\\2026\\Ensayo2027\\node_modules\\.pnpm\\express@4.22.2\\node_modules\\express\\lib\\router\\index.js:328:13)\n    at C:\\xampp\\htdocs\\2026\\Ensayo2027\\node_modules\\.pnpm\\express@4.22.2\\node_modules\\express\\lib\\router\\index.js:286:9\n    at router.process_params (C:\\xampp\\htdocs\\2026\\Ensayo2027\\node_modules\\.pnpm\\express@4.22.2\\node_modules\\express\\lib\\router\\index.js:346:12)\n    at next (C:\\xampp\\htdocs\\2026\\Ensayo2027\\node_modules\\.pnpm\\express@4.22.2\\node_modules\\express\\lib\\router\\index.js:280:10)\n    at module.exports (C:\\xampp\\htdocs\\2026\\Ensayo2027\\backend\\src\\middlewares\\auth.middleware.js:57:5)\n    at process.processTicksAndRejections (node:internal/process/task_queues:104:5)","timestamp":"2026-08-03 14:36:34"}
{"level":"info","message":"GET /api/participante/mis-archivos 500 - 6ms","timestamp":"2026-08-03 14:36:34"}
{"level":"info","message":"GET /api/catalogos/requisitos-archivos 304 - 8ms","timestamp":"2026-08-03 14:36:34"}
{"level":"info","message":"[SOCKET] Conexión cerrada: superadmin [ID: MQS1vAV_XP4UhhfFAAAD]","timestamp":"2026-08-03 14:36:52"}
{"level":"info","message":"GET /api/catalogos/tema 304 - 4ms","timestamp":"2026-08-03 14:36:52"}
{"level":"info","message":"GET /api/catalogos/convocatoria-activa 304 - 8ms","timestamp":"2026-08-03 14:36:52"}
{"level":"info","message":"GET /api/notificaciones 304 - 13ms","timestamp":"2026-08-03 14:36:52"}
{"level":"info","message":"GET /api/superadmin/convocatorias 304 - 13ms","timestamp":"2026-08-03 14:36:52"}
{"level":"info","message":"GET /api/catalogos/tema 304 - 11ms","timestamp":"2026-08-03 14:36:52"}
{"level":"info","message":"[SOCKET] Conexión establecida: superadmin (Superadmin Sistema IECM) [ID: FLOM2q1BYQiU_J13AAAJ]","timestamp":"2026-08-03 14:36:52"}
{"level":"info","message":"GET /api/catalogos/categorias 304 - 16ms","timestamp":"2026-08-03 14:36:52"}
{"level":"info","message":"GET /api/superadmin/categorias/1 304 - 5ms","timestamp":"2026-08-03 14:36:52"}
{"level":"info","message":"GET /api/superadmin/requisitos-archivos/1 304 - 6ms","timestamp":"2026-08-03 14:36:52"}
{"level":"info","message":"PATCH /api/superadmin/requisitos-archivos/2/status 200 - 21ms","timestamp":"2026-08-03 14:37:22"}
{"level":"info","message":"GET /api/superadmin/requisitos-archivos/1 200 - 4ms","timestamp":"2026-08-03 14:37:22"}
{"level":"info","message":"[SOCKET] Conexión cerrada: alan [ID: OwYW2zhQYI2bP7SSAAAG]","timestamp":"2026-08-03 14:37:27"}
{"level":"info","message":"GET /api/catalogos/tema 304 - 3ms","timestamp":"2026-08-03 14:37:27"}
{"level":"info","message":"GET /api/catalogos/convocatoria-activa 304 - 7ms","timestamp":"2026-08-03 14:37:27"}
{"level":"info","message":"GET /api/notificaciones 304 - 12ms","timestamp":"2026-08-03 14:37:27"}
{"level":"info","message":"GET /api/catalogos/alcaldias 304 - 9ms","timestamp":"2026-08-03 14:37:27"}
{"level":"info","message":"GET /api/catalogos/te-enteraste 304 - 11ms","timestamp":"2026-08-03 14:37:27"}
{"level":"info","message":"GET /api/catalogos/manifestaciones 304 - 12ms","timestamp":"2026-08-03 14:37:27"}
{"level":"info","message":"GET /api/catalogos/tema 304 - 8ms","timestamp":"2026-08-03 14:37:27"}
{"level":"info","message":"GET /api/catalogos/categorias 304 - 20ms","timestamp":"2026-08-03 14:37:27"}
{"level":"info","message":"[SOCKET] Conexión establecida: alan (Alan Escudero Alvarez) [ID: VVV_26gWzTP50sdvAAAM]","timestamp":"2026-08-03 14:37:27"}
{"level":"info","message":"GET /api/participante/mi-registro 304 - 9ms","timestamp":"2026-08-03 14:37:27"}
{"level":"error","message":"participantesRepository.findByUsuarioId is not a function","stack":"TypeError: participantesRepository.findByUsuarioId is not a function\n    at getMisArchivos (C:\\xampp\\htdocs\\2026\\Ensayo2027\\backend\\src\\controllers\\participante.controller.js:184:58)\n    at Layer.handle [as handle_request] (C:\\xampp\\htdocs\\2026\\Ensayo2027\\node_modules\\.pnpm\\express@4.22.2\\node_modules\\express\\lib\\router\\layer.js:95:5)\n    at next (C:\\xampp\\htdocs\\2026\\Ensayo2027\\node_modules\\.pnpm\\express@4.22.2\\node_modules\\express\\lib\\router\\route.js:149:13)\n    at Route.dispatch (C:\\xampp\\htdocs\\2026\\Ensayo2027\\node_modules\\.pnpm\\express@4.22.2\\node_modules\\express\\lib\\router\\route.js:119:3)\n    at Layer.handle [as handle_request] (C:\\xampp\\htdocs\\2026\\Ensayo2027\\node_modules\\.pnpm\\express@4.22.2\\node_modules\\express\\lib\\router\\layer.js:95:5)\n    at C:\\xampp\\htdocs\\2026\\Ensayo2027\\node_modules\\.pnpm\\express@4.22.2\\node_modules\\express\\lib\\router\\index.js:284:15\n    at router.process_params (C:\\xampp\\htdocs\\2026\\Ensayo2027\\node_modules\\.pnpm\\express@4.22.2\\node_modules\\express\\lib\\router\\index.js:346:12)\n    at next (C:\\xampp\\htdocs\\2026\\Ensayo2027\\node_modules\\.pnpm\\express@4.22.2\\node_modules\\express\\lib\\router\\index.js:280:10)\n    at C:\\xampp\\htdocs\\2026\\Ensayo2027\\backend\\src\\middlewares\\roles.middleware.js:14:14\n    at Layer.handle [as handle_request] (C:\\xampp\\htdocs\\2026\\Ensayo2027\\node_modules\\.pnpm\\express@4.22.2\\node_modules\\express\\lib\\router\\layer.js:95:5)\n    at trim_prefix (C:\\xampp\\htdocs\\2026\\Ensayo2027\\node_modules\\.pnpm\\express@4.22.2\\node_modules\\express\\lib\\router\\index.js:328:13)\n    at C:\\xampp\\htdocs\\2026\\Ensayo2027\\node_modules\\.pnpm\\express@4.22.2\\node_modules\\express\\lib\\router\\index.js:286:9\n    at router.process_params (C:\\xampp\\htdocs\\2026\\Ensayo2027\\node_modules\\.pnpm\\express@4.22.2\\node_modules\\express\\lib\\router\\index.js:346:12)\n    at next (C:\\xampp\\htdocs\\2026\\Ensayo2027\\node_modules\\.pnpm\\express@4.22.2\\node_modules\\express\\lib\\router\\index.js:280:10)\n    at module.exports (C:\\xampp\\htdocs\\2026\\Ensayo2027\\backend\\src\\middlewares\\auth.middleware.js:57:5)\n    at process.processTicksAndRejections (node:internal/process/task_queues:104:5)","timestamp":"2026-08-03 14:37:27"}
{"level":"info","message":"GET /api/participante/mis-archivos 500 - 4ms","timestamp":"2026-08-03 14:37:27"}
{"level":"info","message":"GET /api/catalogos/requisitos-archivos 200 - 4ms","timestamp":"2026-08-03 14:37:27"}
{"level":"info","message":"PATCH /api/superadmin/requisitos-archivos/2/status 200 - 15ms","timestamp":"2026-08-03 14:37:30"}
{"level":"info","message":"GET /api/superadmin/requisitos-archivos/1 200 - 8ms","timestamp":"2026-08-03 14:37:30"}
{"level":"info","message":"[SOCKET] Conexión cerrada: alan [ID: VVV_26gWzTP50sdvAAAM]","timestamp":"2026-08-03 14:37:36"}
{"level":"info","message":"GET /api/catalogos/tema 200 - 3ms","timestamp":"2026-08-03 14:37:36"}
{"level":"info","message":"GET /api/notificaciones 200 - 5ms","timestamp":"2026-08-03 14:37:36"}
{"level":"info","message":"GET /api/catalogos/tema 200 - 5ms","timestamp":"2026-08-03 14:37:36"}
{"level":"info","message":"GET /api/catalogos/convocatoria-activa 200 - 8ms","timestamp":"2026-08-03 14:37:36"}
{"level":"info","message":"GET /api/catalogos/alcaldias 200 - 4ms","timestamp":"2026-08-03 14:37:36"}
{"level":"info","message":"GET /api/catalogos/te-enteraste 200 - 6ms","timestamp":"2026-08-03 14:37:36"}
{"level":"info","message":"GET /api/catalogos/categorias 200 - 15ms","timestamp":"2026-08-03 14:37:36"}
{"level":"info","message":"GET /api/catalogos/manifestaciones 200 - 5ms","timestamp":"2026-08-03 14:37:36"}
{"level":"info","message":"[SOCKET] Conexión establecida: alan (Alan Escudero Alvarez) [ID: SEpF5faSj3eS0xL0AAAP]","timestamp":"2026-08-03 14:37:36"}
{"level":"info","message":"GET /api/participante/mi-registro 200 - 9ms","timestamp":"2026-08-03 14:37:36"}
{"level":"error","message":"participantesRepository.findByUsuarioId is not a function","stack":"TypeError: participantesRepository.findByUsuarioId is not a function\n    at getMisArchivos (C:\\xampp\\htdocs\\2026\\Ensayo2027\\backend\\src\\controllers\\participante.controller.js:184:58)\n    at Layer.handle [as handle_request] (C:\\xampp\\htdocs\\2026\\Ensayo2027\\node_modules\\.pnpm\\express@4.22.2\\node_modules\\express\\lib\\router\\layer.js:95:5)\n    at next (C:\\xampp\\htdocs\\2026\\Ensayo2027\\node_modules\\.pnpm\\express@4.22.2\\node_modules\\express\\lib\\router\\route.js:149:13)\n    at Route.dispatch (C:\\xampp\\htdocs\\2026\\Ensayo2027\\node_modules\\.pnpm\\express@4.22.2\\node_modules\\express\\lib\\router\\route.js:119:3)\n    at Layer.handle [as handle_request] (C:\\xampp\\htdocs\\2026\\Ensayo2027\\node_modules\\.pnpm\\express@4.22.2\\node_modules\\express\\lib\\router\\layer.js:95:5)\n    at C:\\xampp\\htdocs\\2026\\Ensayo2027\\node_modules\\.pnpm\\express@4.22.2\\node_modules\\express\\lib\\router\\index.js:284:15\n    at router.process_params (C:\\xampp\\htdocs\\2026\\Ensayo2027\\node_modules\\.pnpm\\express@4.22.2\\node_modules\\express\\lib\\router\\index.js:346:12)\n    at next (C:\\xampp\\htdocs\\2026\\Ensayo2027\\node_modules\\.pnpm\\express@4.22.2\\node_modules\\express\\lib\\router\\index.js:280:10)\n    at C:\\xampp\\htdocs\\2026\\Ensayo2027\\backend\\src\\middlewares\\roles.middleware.js:14:14\n    at Layer.handle [as handle_request] (C:\\xampp\\htdocs\\2026\\Ensayo2027\\node_modules\\.pnpm\\express@4.22.2\\node_modules\\express\\lib\\router\\layer.js:95:5)\n    at trim_prefix (C:\\xampp\\htdocs\\2026\\Ensayo2027\\node_modules\\.pnpm\\express@4.22.2\\node_modules\\express\\lib\\router\\index.js:328:13)\n    at C:\\xampp\\htdocs\\2026\\Ensayo2027\\node_modules\\.pnpm\\express@4.22.2\\node_modules\\express\\lib\\router\\index.js:286:9\n    at router.process_params (C:\\xampp\\htdocs\\2026\\Ensayo2027\\node_modules\\.pnpm\\express@4.22.2\\node_modules\\express\\lib\\router\\index.js:346:12)\n    at next (C:\\xampp\\htdocs\\2026\\Ensayo2027\\node_modules\\.pnpm\\express@4.22.2\\node_modules\\express\\lib\\router\\index.js:280:10)\n    at module.exports (C:\\xampp\\htdocs\\2026\\Ensayo2027\\backend\\src\\middlewares\\auth.middleware.js:57:5)\n    at process.processTicksAndRejections (node:internal/process/task_queues:104:5)","timestamp":"2026-08-03 14:37:36"}
{"level":"info","message":"GET /api/participante/mis-archivos 500 - 3ms","timestamp":"2026-08-03 14:37:36"}
{"level":"info","message":"GET /api/catalogos/requisitos-archivos 200 - 6ms","timestamp":"2026-08-03 14:37:36"}
{"level":"info","message":"POST /api/superadmin/requisitos-archivos 200 - 18ms","timestamp":"2026-08-03 14:39:29"}
{"level":"info","message":"GET /api/superadmin/requisitos-archivos/1 200 - 6ms","timestamp":"2026-08-03 14:39:29"}
{"level":"info","message":"[SOCKET] Conexión cerrada: alan [ID: SEpF5faSj3eS0xL0AAAP]","timestamp":"2026-08-03 14:39:32"}
{"level":"info","message":"GET /api/catalogos/tema 200 - 2ms","timestamp":"2026-08-03 14:39:32"}
{"level":"info","message":"GET /api/catalogos/tema 200 - 3ms","timestamp":"2026-08-03 14:39:32"}
{"level":"info","message":"GET /api/notificaciones 200 - 9ms","timestamp":"2026-08-03 14:39:32"}
{"level":"info","message":"GET /api/catalogos/convocatoria-activa 200 - 5ms","timestamp":"2026-08-03 14:39:32"}
{"level":"info","message":"GET /api/catalogos/te-enteraste 200 - 4ms","timestamp":"2026-08-03 14:39:32"}
{"level":"info","message":"GET /api/catalogos/alcaldias 200 - 5ms","timestamp":"2026-08-03 14:39:32"}
{"level":"info","message":"GET /api/catalogos/manifestaciones 200 - 4ms","timestamp":"2026-08-03 14:39:32"}
{"level":"info","message":"GET /api/catalogos/categorias 200 - 11ms","timestamp":"2026-08-03 14:39:32"}
{"level":"info","message":"[SOCKET] Conexión establecida: alan (Alan Escudero Alvarez) [ID: FUKUV48naMPWZfspAAAS]","timestamp":"2026-08-03 14:39:32"}
{"level":"info","message":"GET /api/participante/mi-registro 304 - 9ms","timestamp":"2026-08-03 14:39:32"}
{"level":"error","message":"participantesRepository.findByUsuarioId is not a function","stack":"TypeError: participantesRepository.findByUsuarioId is not a function\n    at getMisArchivos (C:\\xampp\\htdocs\\2026\\Ensayo2027\\backend\\src\\controllers\\participante.controller.js:184:58)\n    at Layer.handle [as handle_request] (C:\\xampp\\htdocs\\2026\\Ensayo2027\\node_modules\\.pnpm\\express@4.22.2\\node_modules\\express\\lib\\router\\layer.js:95:5)\n    at next (C:\\xampp\\htdocs\\2026\\Ensayo2027\\node_modules\\.pnpm\\express@4.22.2\\node_modules\\express\\lib\\router\\route.js:149:13)\n    at Route.dispatch (C:\\xampp\\htdocs\\2026\\Ensayo2027\\node_modules\\.pnpm\\express@4.22.2\\node_modules\\express\\lib\\router\\route.js:119:3)\n    at Layer.handle [as handle_request] (C:\\xampp\\htdocs\\2026\\Ensayo2027\\node_modules\\.pnpm\\express@4.22.2\\node_modules\\express\\lib\\router\\layer.js:95:5)\n    at C:\\xampp\\htdocs\\2026\\Ensayo2027\\node_modules\\.pnpm\\express@4.22.2\\node_modules\\express\\lib\\router\\index.js:284:15\n    at router.process_params (C:\\xampp\\htdocs\\2026\\Ensayo2027\\node_modules\\.pnpm\\express@4.22.2\\node_modules\\express\\lib\\router\\index.js:346:12)\n    at next (C:\\xampp\\htdocs\\2026\\Ensayo2027\\node_modules\\.pnpm\\express@4.22.2\\node_modules\\express\\lib\\router\\index.js:280:10)\n    at C:\\xampp\\htdocs\\2026\\Ensayo2027\\backend\\src\\middlewares\\roles.middleware.js:14:14\n    at Layer.handle [as handle_request] (C:\\xampp\\htdocs\\2026\\Ensayo2027\\node_modules\\.pnpm\\express@4.22.2\\node_modules\\express\\lib\\router\\layer.js:95:5)\n    at trim_prefix (C:\\xampp\\htdocs\\2026\\Ensayo2027\\node_modules\\.pnpm\\express@4.22.2\\node_modules\\express\\lib\\router\\index.js:328:13)\n    at C:\\xampp\\htdocs\\2026\\Ensayo2027\\node_modules\\.pnpm\\express@4.22.2\\node_modules\\express\\lib\\router\\index.js:286:9\n    at router.process_params (C:\\xampp\\htdocs\\2026\\Ensayo2027\\node_modules\\.pnpm\\express@4.22.2\\node_modules\\express\\lib\\router\\index.js:346:12)\n    at next (C:\\xampp\\htdocs\\2026\\Ensayo2027\\node_modules\\.pnpm\\express@4.22.2\\node_modules\\express\\lib\\router\\index.js:280:10)\n    at module.exports (C:\\xampp\\htdocs\\2026\\Ensayo2027\\backend\\src\\middlewares\\auth.middleware.js:57:5)\n    at process.processTicksAndRejections (node:internal/process/task_queues:104:5)","timestamp":"2026-08-03 14:39:32"}
{"level":"info","message":"GET /api/participante/mis-archivos 500 - 3ms","timestamp":"2026-08-03 14:39:32"}
{"level":"info","message":"GET /api/catalogos/requisitos-archivos 200 - 5ms","timestamp":"2026-08-03 14:39:32"}
{"level":"info","message":"POST /api/superadmin/requisitos-archivos 200 - 13ms","timestamp":"2026-08-03 14:39:58"}
{"level":"info","message":"GET /api/superadmin/requisitos-archivos/1 304 - 6ms","timestamp":"2026-08-03 14:39:58"}
{"level":"info","message":"[SOCKET] Conexión cerrada: alan [ID: FUKUV48naMPWZfspAAAS]","timestamp":"2026-08-03 14:40:03"}
{"level":"info","message":"GET /api/catalogos/tema 200 - 2ms","timestamp":"2026-08-03 14:40:03"}
{"level":"info","message":"GET /api/catalogos/tema 200 - 4ms","timestamp":"2026-08-03 14:40:03"}
{"level":"info","message":"GET /api/catalogos/convocatoria-activa 200 - 7ms","timestamp":"2026-08-03 14:40:03"}
{"level":"info","message":"GET /api/notificaciones 200 - 12ms","timestamp":"2026-08-03 14:40:03"}
{"level":"info","message":"GET /api/catalogos/alcaldias 200 - 6ms","timestamp":"2026-08-03 14:40:03"}
{"level":"info","message":"GET /api/catalogos/te-enteraste 200 - 8ms","timestamp":"2026-08-03 14:40:03"}
{"level":"info","message":"GET /api/catalogos/manifestaciones 200 - 10ms","timestamp":"2026-08-03 14:40:03"}
{"level":"info","message":"GET /api/catalogos/categorias 200 - 18ms","timestamp":"2026-08-03 14:40:03"}
{"level":"info","message":"[SOCKET] Conexión establecida: alan (Alan Escudero Alvarez) [ID: WPQav7a2IQaPiFMoAAAV]","timestamp":"2026-08-03 14:40:03"}
{"level":"info","message":"GET /api/participante/mi-registro 304 - 7ms","timestamp":"2026-08-03 14:40:03"}
{"level":"error","message":"participantesRepository.findByUsuarioId is not a function","stack":"TypeError: participantesRepository.findByUsuarioId is not a function\n    at getMisArchivos (C:\\xampp\\htdocs\\2026\\Ensayo2027\\backend\\src\\controllers\\participante.controller.js:184:58)\n    at Layer.handle [as handle_request] (C:\\xampp\\htdocs\\2026\\Ensayo2027\\node_modules\\.pnpm\\express@4.22.2\\node_modules\\express\\lib\\router\\layer.js:95:5)\n    at next (C:\\xampp\\htdocs\\2026\\Ensayo2027\\node_modules\\.pnpm\\express@4.22.2\\node_modules\\express\\lib\\router\\route.js:149:13)\n    at Route.dispatch (C:\\xampp\\htdocs\\2026\\Ensayo2027\\node_modules\\.pnpm\\express@4.22.2\\node_modules\\express\\lib\\router\\route.js:119:3)\n    at Layer.handle [as handle_request] (C:\\xampp\\htdocs\\2026\\Ensayo2027\\node_modules\\.pnpm\\express@4.22.2\\node_modules\\express\\lib\\router\\layer.js:95:5)\n    at C:\\xampp\\htdocs\\2026\\Ensayo2027\\node_modules\\.pnpm\\express@4.22.2\\node_modules\\express\\lib\\router\\index.js:284:15\n    at router.process_params (C:\\xampp\\htdocs\\2026\\Ensayo2027\\node_modules\\.pnpm\\express@4.22.2\\node_modules\\express\\lib\\router\\index.js:346:12)\n    at next (C:\\xampp\\htdocs\\2026\\Ensayo2027\\node_modules\\.pnpm\\express@4.22.2\\node_modules\\express\\lib\\router\\index.js:280:10)\n    at C:\\xampp\\htdocs\\2026\\Ensayo2027\\backend\\src\\middlewares\\roles.middleware.js:14:14\n    at Layer.handle [as handle_request] (C:\\xampp\\htdocs\\2026\\Ensayo2027\\node_modules\\.pnpm\\express@4.22.2\\node_modules\\express\\lib\\router\\layer.js:95:5)\n    at trim_prefix (C:\\xampp\\htdocs\\2026\\Ensayo2027\\node_modules\\.pnpm\\express@4.22.2\\node_modules\\express\\lib\\router\\index.js:328:13)\n    at C:\\xampp\\htdocs\\2026\\Ensayo2027\\node_modules\\.pnpm\\express@4.22.2\\node_modules\\express\\lib\\router\\index.js:286:9\n    at router.process_params (C:\\xampp\\htdocs\\2026\\Ensayo2027\\node_modules\\.pnpm\\express@4.22.2\\node_modules\\express\\lib\\router\\index.js:346:12)\n    at next (C:\\xampp\\htdocs\\2026\\Ensayo2027\\node_modules\\.pnpm\\express@4.22.2\\node_modules\\express\\lib\\router\\index.js:280:10)\n    at module.exports (C:\\xampp\\htdocs\\2026\\Ensayo2027\\backend\\src\\middlewares\\auth.middleware.js:57:5)\n    at process.processTicksAndRejections (node:internal/process/task_queues:104:5)","timestamp":"2026-08-03 14:40:03"}
{"level":"info","message":"GET /api/participante/mis-archivos 500 - 3ms","timestamp":"2026-08-03 14:40:03"}
{"level":"info","message":"GET /api/catalogos/requisitos-archivos 304 - 6ms","timestamp":"2026-08-03 14:40:03"}
{"level":"info","message":"[SOCKET] Conexión establecida: alan (Alan Escudero Alvarez) [ID: 4ihPBCkVWdGG-P2AAAAB]","timestamp":"2026-08-03 14:51:15"}
{"level":"info","message":"[SOCKET] Conexión establecida: superadmin (Superadmin Sistema IECM) [ID: 5AKnY15wJNGag_G9AAAD]","timestamp":"2026-08-03 14:51:15"}
{"level":"info","message":"[SOCKET] Conexión cerrada: alan [ID: 4ihPBCkVWdGG-P2AAAAB]","timestamp":"2026-08-03 14:51:45"}
{"level":"info","message":"GET /api/catalogos/tema 200 - 11ms","timestamp":"2026-08-03 14:51:45"}
{"level":"info","message":"GET /api/catalogos/tema 200 - 13ms","timestamp":"2026-08-03 14:51:45"}
{"level":"info","message":"GET /api/catalogos/convocatoria-activa 200 - 14ms","timestamp":"2026-08-03 14:51:45"}
{"level":"info","message":"GET /api/catalogos/alcaldias 200 - 17ms","timestamp":"2026-08-03 14:51:45"}
{"level":"info","message":"GET /api/notificaciones 200 - 34ms","timestamp":"2026-08-03 14:51:45"}
{"level":"info","message":"GET /api/catalogos/te-enteraste 200 - 25ms","timestamp":"2026-08-03 14:51:45"}
{"level":"info","message":"GET /api/catalogos/manifestaciones 200 - 22ms","timestamp":"2026-08-03 14:51:45"}
{"level":"info","message":"[SOCKET] Conexión establecida: alan (Alan Escudero Alvarez) [ID: OLkGCtPo-N4GXZphAAAG]","timestamp":"2026-08-03 14:51:45"}
{"level":"info","message":"GET /api/catalogos/categorias 200 - 38ms","timestamp":"2026-08-03 14:51:45"}
{"level":"info","message":"GET /api/participante/mi-registro 304 - 10ms","timestamp":"2026-08-03 14:51:45"}
{"level":"error","message":"participantesRepository.findByUsuarioId is not a function","stack":"TypeError: participantesRepository.findByUsuarioId is not a function\n    at getMisArchivos (C:\\xampp\\htdocs\\2026\\Ensayo2027\\backend\\src\\controllers\\participante.controller.js:184:58)\n    at Layer.handle [as handle_request] (C:\\xampp\\htdocs\\2026\\Ensayo2027\\node_modules\\.pnpm\\express@4.22.2\\node_modules\\express\\lib\\router\\layer.js:95:5)\n    at next (C:\\xampp\\htdocs\\2026\\Ensayo2027\\node_modules\\.pnpm\\express@4.22.2\\node_modules\\express\\lib\\router\\route.js:149:13)\n    at Route.dispatch (C:\\xampp\\htdocs\\2026\\Ensayo2027\\node_modules\\.pnpm\\express@4.22.2\\node_modules\\express\\lib\\router\\route.js:119:3)\n    at Layer.handle [as handle_request] (C:\\xampp\\htdocs\\2026\\Ensayo2027\\node_modules\\.pnpm\\express@4.22.2\\node_modules\\express\\lib\\router\\layer.js:95:5)\n    at C:\\xampp\\htdocs\\2026\\Ensayo2027\\node_modules\\.pnpm\\express@4.22.2\\node_modules\\express\\lib\\router\\index.js:284:15\n    at router.process_params (C:\\xampp\\htdocs\\2026\\Ensayo2027\\node_modules\\.pnpm\\express@4.22.2\\node_modules\\express\\lib\\router\\index.js:346:12)\n    at next (C:\\xampp\\htdocs\\2026\\Ensayo2027\\node_modules\\.pnpm\\express@4.22.2\\node_modules\\express\\lib\\router\\index.js:280:10)\n    at C:\\xampp\\htdocs\\2026\\Ensayo2027\\backend\\src\\middlewares\\roles.middleware.js:14:14\n    at Layer.handle [as handle_request] (C:\\xampp\\htdocs\\2026\\Ensayo2027\\node_modules\\.pnpm\\express@4.22.2\\node_modules\\express\\lib\\router\\layer.js:95:5)\n    at trim_prefix (C:\\xampp\\htdocs\\2026\\Ensayo2027\\node_modules\\.pnpm\\express@4.22.2\\node_modules\\express\\lib\\router\\index.js:328:13)\n    at C:\\xampp\\htdocs\\2026\\Ensayo2027\\node_modules\\.pnpm\\express@4.22.2\\node_modules\\express\\lib\\router\\index.js:286:9\n    at router.process_params (C:\\xampp\\htdocs\\2026\\Ensayo2027\\node_modules\\.pnpm\\express@4.22.2\\node_modules\\express\\lib\\router\\index.js:346:12)\n    at next (C:\\xampp\\htdocs\\2026\\Ensayo2027\\node_modules\\.pnpm\\express@4.22.2\\node_modules\\express\\lib\\router\\index.js:280:10)\n    at module.exports (C:\\xampp\\htdocs\\2026\\Ensayo2027\\backend\\src\\middlewares\\auth.middleware.js:57:5)\n    at process.processTicksAndRejections (node:internal/process/task_queues:104:5)","timestamp":"2026-08-03 14:51:45"}
{"level":"info","message":"GET /api/participante/mis-archivos 500 - 4ms","timestamp":"2026-08-03 14:51:45"}
{"level":"info","message":"GET /api/catalogos/requisitos-archivos 304 - 8ms","timestamp":"2026-08-03 14:51:45"}
{"level":"info","message":"POST /api/superadmin/requisitos-archivos 200 - 20ms","timestamp":"2026-08-03 14:52:08"}
{"level":"info","message":"GET /api/superadmin/requisitos-archivos/1 304 - 6ms","timestamp":"2026-08-03 14:52:08"}
{"level":"info","message":"[SOCKET] Conexión cerrada: alan [ID: OLkGCtPo-N4GXZphAAAG]","timestamp":"2026-08-03 14:52:13"}
{"level":"info","message":"GET /api/catalogos/tema 200 - 7ms","timestamp":"2026-08-03 14:52:13"}
{"level":"info","message":"GET /api/catalogos/tema 200 - 9ms","timestamp":"2026-08-03 14:52:13"}
{"level":"info","message":"GET /api/notificaciones 200 - 12ms","timestamp":"2026-08-03 14:52:13"}
{"level":"info","message":"GET /api/catalogos/convocatoria-activa 200 - 5ms","timestamp":"2026-08-03 14:52:13"}
{"level":"info","message":"GET /api/catalogos/alcaldias 200 - 6ms","timestamp":"2026-08-03 14:52:13"}
{"level":"info","message":"GET /api/catalogos/categorias 200 - 11ms","timestamp":"2026-08-03 14:52:13"}
{"level":"info","message":"GET /api/catalogos/te-enteraste 200 - 7ms","timestamp":"2026-08-03 14:52:14"}
{"level":"info","message":"[SOCKET] Conexión establecida: alan (Alan Escudero Alvarez) [ID: gX4YgyBWHbYRzvh4AAAJ]","timestamp":"2026-08-03 14:52:14"}
{"level":"info","message":"GET /api/catalogos/manifestaciones 200 - 7ms","timestamp":"2026-08-03 14:52:14"}
{"level":"info","message":"GET /api/participante/mi-registro 304 - 10ms","timestamp":"2026-08-03 14:52:14"}
{"level":"error","message":"participantesRepository.findByUsuarioId is not a function","stack":"TypeError: participantesRepository.findByUsuarioId is not a function\n    at getMisArchivos (C:\\xampp\\htdocs\\2026\\Ensayo2027\\backend\\src\\controllers\\participante.controller.js:184:58)\n    at Layer.handle [as handle_request] (C:\\xampp\\htdocs\\2026\\Ensayo2027\\node_modules\\.pnpm\\express@4.22.2\\node_modules\\express\\lib\\router\\layer.js:95:5)\n    at next (C:\\xampp\\htdocs\\2026\\Ensayo2027\\node_modules\\.pnpm\\express@4.22.2\\node_modules\\express\\lib\\router\\route.js:149:13)\n    at Route.dispatch (C:\\xampp\\htdocs\\2026\\Ensayo2027\\node_modules\\.pnpm\\express@4.22.2\\node_modules\\express\\lib\\router\\route.js:119:3)\n    at Layer.handle [as handle_request] (C:\\xampp\\htdocs\\2026\\Ensayo2027\\node_modules\\.pnpm\\express@4.22.2\\node_modules\\express\\lib\\router\\layer.js:95:5)\n    at C:\\xampp\\htdocs\\2026\\Ensayo2027\\node_modules\\.pnpm\\express@4.22.2\\node_modules\\express\\lib\\router\\index.js:284:15\n    at router.process_params (C:\\xampp\\htdocs\\2026\\Ensayo2027\\node_modules\\.pnpm\\express@4.22.2\\node_modules\\express\\lib\\router\\index.js:346:12)\n    at next (C:\\xampp\\htdocs\\2026\\Ensayo2027\\node_modules\\.pnpm\\express@4.22.2\\node_modules\\express\\lib\\router\\index.js:280:10)\n    at C:\\xampp\\htdocs\\2026\\Ensayo2027\\backend\\src\\middlewares\\roles.middleware.js:14:14\n    at Layer.handle [as handle_request] (C:\\xampp\\htdocs\\2026\\Ensayo2027\\node_modules\\.pnpm\\express@4.22.2\\node_modules\\express\\lib\\router\\layer.js:95:5)\n    at trim_prefix (C:\\xampp\\htdocs\\2026\\Ensayo2027\\node_modules\\.pnpm\\express@4.22.2\\node_modules\\express\\lib\\router\\index.js:328:13)\n    at C:\\xampp\\htdocs\\2026\\Ensayo2027\\node_modules\\.pnpm\\express@4.22.2\\node_modules\\express\\lib\\router\\index.js:286:9\n    at router.process_params (C:\\xampp\\htdocs\\2026\\Ensayo2027\\node_modules\\.pnpm\\express@4.22.2\\node_modules\\express\\lib\\router\\index.js:346:12)\n    at next (C:\\xampp\\htdocs\\2026\\Ensayo2027\\node_modules\\.pnpm\\express@4.22.2\\node_modules\\express\\lib\\router\\index.js:280:10)\n    at module.exports (C:\\xampp\\htdocs\\2026\\Ensayo2027\\backend\\src\\middlewares\\auth.middleware.js:57:5)\n    at process.processTicksAndRejections (node:internal/process/task_queues:104:5)","timestamp":"2026-08-03 14:52:14"}
{"level":"info","message":"GET /api/participante/mis-archivos 500 - 6ms","timestamp":"2026-08-03 14:52:14"}
{"level":"info","message":"GET /api/catalogos/requisitos-archivos 304 - 8ms","timestamp":"2026-08-03 14:52:14"}
{"level":"info","message":"[SOCKET] Conexión establecida: alan (Alan Escudero Alvarez) [ID: 9whGQxxMBR5O0VY1AAAB]","timestamp":"2026-08-03 14:53:11"}
{"level":"info","message":"[SOCKET] Conexión establecida: superadmin (Superadmin Sistema IECM) [ID: zSYgqyGbGAFT2FydAAAD]","timestamp":"2026-08-03 14:53:12"}
{"level":"info","message":"[SOCKET] Conexión establecida: alan (Alan Escudero Alvarez) [ID: oy3ZzoRR7AY7EzG2AAAB]","timestamp":"2026-08-03 14:53:30"}
{"level":"info","message":"[SOCKET] Conexión establecida: superadmin (Superadmin Sistema IECM) [ID: xNksoPCmpzb-JVCJAAAD]","timestamp":"2026-08-03 14:53:31"}
{"level":"info","message":"[SOCKET] Conexión cerrada: alan [ID: oy3ZzoRR7AY7EzG2AAAB]","timestamp":"2026-08-03 14:55:16"}
{"level":"info","message":"GET /api/catalogos/convocatoria-activa 304 - 19ms","timestamp":"2026-08-03 14:55:16"}
{"level":"info","message":"GET /api/catalogos/tema 304 - 25ms","timestamp":"2026-08-03 14:55:16"}
{"level":"info","message":"GET /api/notificaciones 304 - 40ms","timestamp":"2026-08-03 14:55:16"}
{"level":"info","message":"GET /api/catalogos/alcaldias 304 - 34ms","timestamp":"2026-08-03 14:55:16"}
{"level":"info","message":"GET /api/catalogos/te-enteraste 304 - 36ms","timestamp":"2026-08-03 14:55:16"}
{"level":"info","message":"GET /api/catalogos/categorias 304 - 47ms","timestamp":"2026-08-03 14:55:16"}
{"level":"info","message":"GET /api/catalogos/manifestaciones 304 - 17ms","timestamp":"2026-08-03 14:55:16"}
{"level":"info","message":"[SOCKET] Conexión establecida: alan (Alan Escudero Alvarez) [ID: wc6yWuY1Rob-FpJNAAAF]","timestamp":"2026-08-03 14:55:16"}
{"level":"info","message":"GET /api/participante/mi-registro 304 - 11ms","timestamp":"2026-08-03 14:55:16"}
{"level":"info","message":"GET /api/catalogos/requisitos-archivos 304 - 4ms","timestamp":"2026-08-03 14:55:16"}
{"level":"error","message":"participantesRepository.findByUsuarioId is not a function","stack":"TypeError: participantesRepository.findByUsuarioId is not a function\n    at getMisArchivos (C:\\xampp\\htdocs\\2026\\Ensayo2027\\backend\\src\\controllers\\participante.controller.js:184:58)\n    at Layer.handle [as handle_request] (C:\\xampp\\htdocs\\2026\\Ensayo2027\\node_modules\\.pnpm\\express@4.22.2\\node_modules\\express\\lib\\router\\layer.js:95:5)\n    at next (C:\\xampp\\htdocs\\2026\\Ensayo2027\\node_modules\\.pnpm\\express@4.22.2\\node_modules\\express\\lib\\router\\route.js:149:13)\n    at Route.dispatch (C:\\xampp\\htdocs\\2026\\Ensayo2027\\node_modules\\.pnpm\\express@4.22.2\\node_modules\\express\\lib\\router\\route.js:119:3)\n    at Layer.handle [as handle_request] (C:\\xampp\\htdocs\\2026\\Ensayo2027\\node_modules\\.pnpm\\express@4.22.2\\node_modules\\express\\lib\\router\\layer.js:95:5)\n    at C:\\xampp\\htdocs\\2026\\Ensayo2027\\node_modules\\.pnpm\\express@4.22.2\\node_modules\\express\\lib\\router\\index.js:284:15\n    at router.process_params (C:\\xampp\\htdocs\\2026\\Ensayo2027\\node_modules\\.pnpm\\express@4.22.2\\node_modules\\express\\lib\\router\\index.js:346:12)\n    at next (C:\\xampp\\htdocs\\2026\\Ensayo2027\\node_modules\\.pnpm\\express@4.22.2\\node_modules\\express\\lib\\router\\index.js:280:10)\n    at C:\\xampp\\htdocs\\2026\\Ensayo2027\\backend\\src\\middlewares\\roles.middleware.js:14:14\n    at Layer.handle [as handle_request] (C:\\xampp\\htdocs\\2026\\Ensayo2027\\node_modules\\.pnpm\\express@4.22.2\\node_modules\\express\\lib\\router\\layer.js:95:5)\n    at trim_prefix (C:\\xampp\\htdocs\\2026\\Ensayo2027\\node_modules\\.pnpm\\express@4.22.2\\node_modules\\express\\lib\\router\\index.js:328:13)\n    at C:\\xampp\\htdocs\\2026\\Ensayo2027\\node_modules\\.pnpm\\express@4.22.2\\node_modules\\express\\lib\\router\\index.js:286:9\n    at router.process_params (C:\\xampp\\htdocs\\2026\\Ensayo2027\\node_modules\\.pnpm\\express@4.22.2\\node_modules\\express\\lib\\router\\index.js:346:12)\n    at next (C:\\xampp\\htdocs\\2026\\Ensayo2027\\node_modules\\.pnpm\\express@4.22.2\\node_modules\\express\\lib\\router\\index.js:280:10)\n    at module.exports (C:\\xampp\\htdocs\\2026\\Ensayo2027\\backend\\src\\middlewares\\auth.middleware.js:57:5)\n    at process.processTicksAndRejections (node:internal/process/task_queues:104:5)","timestamp":"2026-08-03 14:55:16"}
{"level":"info","message":"GET /api/participante/mis-archivos 500 - 6ms","timestamp":"2026-08-03 14:55:16"}
{"level":"error","message":"participantesRepository.findByUsuarioId is not a function","stack":"TypeError: participantesRepository.findByUsuarioId is not a function\n    at subirArchivoRequisito (C:\\xampp\\htdocs\\2026\\Ensayo2027\\backend\\src\\controllers\\participante.controller.js:211:58)\n    at Layer.handle [as handle_request] (C:\\xampp\\htdocs\\2026\\Ensayo2027\\node_modules\\.pnpm\\express@4.22.2\\node_modules\\express\\lib\\router\\layer.js:95:5)\n    at next (C:\\xampp\\htdocs\\2026\\Ensayo2027\\node_modules\\.pnpm\\express@4.22.2\\node_modules\\express\\lib\\router\\route.js:149:13)\n    at done (C:\\xampp\\htdocs\\2026\\Ensayo2027\\node_modules\\.pnpm\\multer@2.2.0\\node_modules\\multer\\lib\\make-middleware.js:70:7)\n    at indicateDone (C:\\xampp\\htdocs\\2026\\Ensayo2027\\node_modules\\.pnpm\\multer@2.2.0\\node_modules\\multer\\lib\\make-middleware.js:74:68)\n    at C:\\xampp\\htdocs\\2026\\Ensayo2027\\node_modules\\.pnpm\\multer@2.2.0\\node_modules\\multer\\lib\\make-middleware.js:247:11\n    at WriteStream.<anonymous> (C:\\xampp\\htdocs\\2026\\Ensayo2027\\node_modules\\.pnpm\\multer@2.2.0\\node_modules\\multer\\storage\\disk.js:47:9)\n    at WriteStream.emit (node:events:521:24)\n    at finish (node:internal/streams/writable:953:10)\n    at node:internal/streams/writable:934:13\n    at process.processTicksAndRejections (node:internal/process/task_queues:90:21)","timestamp":"2026-08-03 14:56:35"}
{"level":"info","message":"POST /api/participante/subir-archivo-requisito 500 - 9ms","timestamp":"2026-08-03 14:56:35"}
{"level":"info","message":"[SOCKET] Conexión cerrada: alan [ID: wc6yWuY1Rob-FpJNAAAF]","timestamp":"2026-08-03 14:56:43"}
{"level":"info","message":"GET /api/catalogos/convocatoria-activa 304 - 8ms","timestamp":"2026-08-03 14:56:43"}
{"level":"info","message":"GET /api/catalogos/alcaldias 304 - 13ms","timestamp":"2026-08-03 14:56:43"}
{"level":"info","message":"GET /api/catalogos/tema 304 - 18ms","timestamp":"2026-08-03 14:56:43"}
{"level":"info","message":"GET /api/notificaciones 304 - 30ms","timestamp":"2026-08-03 14:56:43"}
{"level":"info","message":"GET /api/catalogos/te-enteraste 304 - 26ms","timestamp":"2026-08-03 14:56:43"}
{"level":"info","message":"GET /api/catalogos/categorias 304 - 36ms","timestamp":"2026-08-03 14:56:43"}
{"level":"info","message":"GET /api/catalogos/manifestaciones 304 - 11ms","timestamp":"2026-08-03 14:56:43"}
{"level":"info","message":"[SOCKET] Conexión establecida: alan (Alan Escudero Alvarez) [ID: bw6hBt9C2vF_BfNhAAAH]","timestamp":"2026-08-03 14:56:43"}
{"level":"info","message":"GET /api/participante/mi-registro 304 - 10ms","timestamp":"2026-08-03 14:56:43"}
{"level":"info","message":"GET /api/catalogos/requisitos-archivos 304 - 4ms","timestamp":"2026-08-03 14:56:43"}
{"level":"error","message":"participantesRepository.findByUsuarioId is not a function","stack":"TypeError: participantesRepository.findByUsuarioId is not a function\n    at getMisArchivos (C:\\xampp\\htdocs\\2026\\Ensayo2027\\backend\\src\\controllers\\participante.controller.js:184:58)\n    at Layer.handle [as handle_request] (C:\\xampp\\htdocs\\2026\\Ensayo2027\\node_modules\\.pnpm\\express@4.22.2\\node_modules\\express\\lib\\router\\layer.js:95:5)\n    at next (C:\\xampp\\htdocs\\2026\\Ensayo2027\\node_modules\\.pnpm\\express@4.22.2\\node_modules\\express\\lib\\router\\route.js:149:13)\n    at Route.dispatch (C:\\xampp\\htdocs\\2026\\Ensayo2027\\node_modules\\.pnpm\\express@4.22.2\\node_modules\\express\\lib\\router\\route.js:119:3)\n    at Layer.handle [as handle_request] (C:\\xampp\\htdocs\\2026\\Ensayo2027\\node_modules\\.pnpm\\express@4.22.2\\node_modules\\express\\lib\\router\\layer.js:95:5)\n    at C:\\xampp\\htdocs\\2026\\Ensayo2027\\node_modules\\.pnpm\\express@4.22.2\\node_modules\\express\\lib\\router\\index.js:284:15\n    at router.process_params (C:\\xampp\\htdocs\\2026\\Ensayo2027\\node_modules\\.pnpm\\express@4.22.2\\node_modules\\express\\lib\\router\\index.js:346:12)\n    at next (C:\\xampp\\htdocs\\2026\\Ensayo2027\\node_modules\\.pnpm\\express@4.22.2\\node_modules\\express\\lib\\router\\index.js:280:10)\n    at C:\\xampp\\htdocs\\2026\\Ensayo2027\\backend\\src\\middlewares\\roles.middleware.js:14:14\n    at Layer.handle [as handle_request] (C:\\xampp\\htdocs\\2026\\Ensayo2027\\node_modules\\.pnpm\\express@4.22.2\\node_modules\\express\\lib\\router\\layer.js:95:5)\n    at trim_prefix (C:\\xampp\\htdocs\\2026\\Ensayo2027\\node_modules\\.pnpm\\express@4.22.2\\node_modules\\express\\lib\\router\\index.js:328:13)\n    at C:\\xampp\\htdocs\\2026\\Ensayo2027\\node_modules\\.pnpm\\express@4.22.2\\node_modules\\express\\lib\\router\\index.js:286:9\n    at router.process_params (C:\\xampp\\htdocs\\2026\\Ensayo2027\\node_modules\\.pnpm\\express@4.22.2\\node_modules\\express\\lib\\router\\index.js:346:12)\n    at next (C:\\xampp\\htdocs\\2026\\Ensayo2027\\node_modules\\.pnpm\\express@4.22.2\\node_modules\\express\\lib\\router\\index.js:280:10)\n    at module.exports (C:\\xampp\\htdocs\\2026\\Ensayo2027\\backend\\src\\middlewares\\auth.middleware.js:57:5)\n    at process.processTicksAndRejections (node:internal/process/task_queues:104:5)","timestamp":"2026-08-03 14:56:43"}
{"level":"info","message":"GET /api/participante/mis-archivos 500 - 4ms","timestamp":"2026-08-03 14:56:43"}
{"level":"info","message":"[SOCKET] Conexión establecida: alan (Alan Escudero Alvarez) [ID: L2UlQG6Wrxh1ovcFAAAB]","timestamp":"2026-08-03 14:57:03"}
{"level":"info","message":"[SOCKET] Conexión establecida: superadmin (Superadmin Sistema IECM) [ID: gEEVRoelQ1D8ZCkOAAAD]","timestamp":"2026-08-03 14:57:04"}
{"level":"info","message":"[SOCKET] Conexión cerrada: alan [ID: L2UlQG6Wrxh1ovcFAAAB]","timestamp":"2026-08-03 14:58:36"}
{"level":"info","message":"GET /api/catalogos/tema 200 - 6ms","timestamp":"2026-08-03 14:58:37"}
{"level":"info","message":"GET /api/catalogos/tema 200 - 5ms","timestamp":"2026-08-03 14:58:37"}
{"level":"info","message":"GET /api/catalogos/convocatoria-activa 200 - 13ms","timestamp":"2026-08-03 14:58:37"}
{"level":"info","message":"GET /api/notificaciones 200 - 26ms","timestamp":"2026-08-03 14:58:37"}
{"level":"info","message":"GET /api/catalogos/alcaldias 200 - 24ms","timestamp":"2026-08-03 14:58:37"}
{"level":"info","message":"GET /api/catalogos/te-enteraste 200 - 28ms","timestamp":"2026-08-03 14:58:37"}
{"level":"info","message":"GET /api/catalogos/manifestaciones 200 - 28ms","timestamp":"2026-08-03 14:58:37"}
{"level":"info","message":"GET /api/catalogos/categorias 200 - 36ms","timestamp":"2026-08-03 14:58:37"}
{"level":"info","message":"[SOCKET] Conexión establecida: alan (Alan Escudero Alvarez) [ID: 9i7BhC00wxE3RfYcAAAG]","timestamp":"2026-08-03 14:58:37"}
{"level":"info","message":"GET /api/participante/mi-registro 304 - 11ms","timestamp":"2026-08-03 14:58:37"}
{"level":"info","message":"GET /api/catalogos/requisitos-archivos 304 - 5ms","timestamp":"2026-08-03 14:58:37"}
{"level":"error","message":"participantesRepository.findByUsuarioId is not a function","stack":"TypeError: participantesRepository.findByUsuarioId is not a function\n    at getMisArchivos (C:\\xampp\\htdocs\\2026\\Ensayo2027\\backend\\src\\controllers\\participante.controller.js:184:58)\n    at Layer.handle [as handle_request] (C:\\xampp\\htdocs\\2026\\Ensayo2027\\node_modules\\.pnpm\\express@4.22.2\\node_modules\\express\\lib\\router\\layer.js:95:5)\n    at next (C:\\xampp\\htdocs\\2026\\Ensayo2027\\node_modules\\.pnpm\\express@4.22.2\\node_modules\\express\\lib\\router\\route.js:149:13)\n    at Route.dispatch (C:\\xampp\\htdocs\\2026\\Ensayo2027\\node_modules\\.pnpm\\express@4.22.2\\node_modules\\express\\lib\\router\\route.js:119:3)\n    at Layer.handle [as handle_request] (C:\\xampp\\htdocs\\2026\\Ensayo2027\\node_modules\\.pnpm\\express@4.22.2\\node_modules\\express\\lib\\router\\layer.js:95:5)\n    at C:\\xampp\\htdocs\\2026\\Ensayo2027\\node_modules\\.pnpm\\express@4.22.2\\node_modules\\express\\lib\\router\\index.js:284:15\n    at router.process_params (C:\\xampp\\htdocs\\2026\\Ensayo2027\\node_modules\\.pnpm\\express@4.22.2\\node_modules\\express\\lib\\router\\index.js:346:12)\n    at next (C:\\xampp\\htdocs\\2026\\Ensayo2027\\node_modules\\.pnpm\\express@4.22.2\\node_modules\\express\\lib\\router\\index.js:280:10)\n    at C:\\xampp\\htdocs\\2026\\Ensayo2027\\backend\\src\\middlewares\\roles.middleware.js:14:14\n    at Layer.handle [as handle_request] (C:\\xampp\\htdocs\\2026\\Ensayo2027\\node_modules\\.pnpm\\express@4.22.2\\node_modules\\express\\lib\\router\\layer.js:95:5)\n    at trim_prefix (C:\\xampp\\htdocs\\2026\\Ensayo2027\\node_modules\\.pnpm\\express@4.22.2\\node_modules\\express\\lib\\router\\index.js:328:13)\n    at C:\\xampp\\htdocs\\2026\\Ensayo2027\\node_modules\\.pnpm\\express@4.22.2\\node_modules\\express\\lib\\router\\index.js:286:9\n    at router.process_params (C:\\xampp\\htdocs\\2026\\Ensayo2027\\node_modules\\.pnpm\\express@4.22.2\\node_modules\\express\\lib\\router\\index.js:346:12)\n    at next (C:\\xampp\\htdocs\\2026\\Ensayo2027\\node_modules\\.pnpm\\express@4.22.2\\node_modules\\express\\lib\\router\\index.js:280:10)\n    at module.exports (C:\\xampp\\htdocs\\2026\\Ensayo2027\\backend\\src\\middlewares\\auth.middleware.js:57:5)\n    at process.processTicksAndRejections (node:internal/process/task_queues:104:5)","timestamp":"2026-08-03 14:58:37"}
{"level":"info","message":"GET /api/participante/mis-archivos 500 - 5ms","timestamp":"2026-08-03 14:58:37"}
{"level":"info","message":"[SOCKET] Conexión cerrada: alan [ID: 9i7BhC00wxE3RfYcAAAG]","timestamp":"2026-08-03 14:58:59"}
{"level":"info","message":"GET /api/catalogos/tema 304 - 6ms","timestamp":"2026-08-03 14:58:59"}
{"level":"info","message":"GET /api/catalogos/convocatoria-activa 304 - 9ms","timestamp":"2026-08-03 14:58:59"}
{"level":"info","message":"GET /api/catalogos/categorias 304 - 19ms","timestamp":"2026-08-03 14:58:59"}
{"level":"info","message":"GET /api/catalogos/alcaldias 304 - 9ms","timestamp":"2026-08-03 14:58:59"}
{"level":"info","message":"GET /api/catalogos/te-enteraste 304 - 10ms","timestamp":"2026-08-03 14:58:59"}
{"level":"info","message":"GET /api/notificaciones 304 - 21ms","timestamp":"2026-08-03 14:58:59"}
{"level":"info","message":"GET /api/catalogos/manifestaciones 304 - 7ms","timestamp":"2026-08-03 14:58:59"}
{"level":"info","message":"GET /api/catalogos/tema 304 - 6ms","timestamp":"2026-08-03 14:58:59"}
{"level":"info","message":"[SOCKET] Conexión establecida: alan (Alan Escudero Alvarez) [ID: nzc-VD11WShnAT8TAAAJ]","timestamp":"2026-08-03 14:58:59"}
{"level":"info","message":"GET /api/participante/mi-registro 304 - 8ms","timestamp":"2026-08-03 14:58:59"}
{"level":"info","message":"GET /api/catalogos/requisitos-archivos 304 - 6ms","timestamp":"2026-08-03 14:58:59"}
{"level":"error","message":"participantesRepository.findByUsuarioId is not a function","stack":"TypeError: participantesRepository.findByUsuarioId is not a function\n    at getMisArchivos (C:\\xampp\\htdocs\\2026\\Ensayo2027\\backend\\src\\controllers\\participante.controller.js:184:58)\n    at Layer.handle [as handle_request] (C:\\xampp\\htdocs\\2026\\Ensayo2027\\node_modules\\.pnpm\\express@4.22.2\\node_modules\\express\\lib\\router\\layer.js:95:5)\n    at next (C:\\xampp\\htdocs\\2026\\Ensayo2027\\node_modules\\.pnpm\\express@4.22.2\\node_modules\\express\\lib\\router\\route.js:149:13)\n    at Route.dispatch (C:\\xampp\\htdocs\\2026\\Ensayo2027\\node_modules\\.pnpm\\express@4.22.2\\node_modules\\express\\lib\\router\\route.js:119:3)\n    at Layer.handle [as handle_request] (C:\\xampp\\htdocs\\2026\\Ensayo2027\\node_modules\\.pnpm\\express@4.22.2\\node_modules\\express\\lib\\router\\layer.js:95:5)\n    at C:\\xampp\\htdocs\\2026\\Ensayo2027\\node_modules\\.pnpm\\express@4.22.2\\node_modules\\express\\lib\\router\\index.js:284:15\n    at router.process_params (C:\\xampp\\htdocs\\2026\\Ensayo2027\\node_modules\\.pnpm\\express@4.22.2\\node_modules\\express\\lib\\router\\index.js:346:12)\n    at next (C:\\xampp\\htdocs\\2026\\Ensayo2027\\node_modules\\.pnpm\\express@4.22.2\\node_modules\\express\\lib\\router\\index.js:280:10)\n    at C:\\xampp\\htdocs\\2026\\Ensayo2027\\backend\\src\\middlewares\\roles.middleware.js:14:14\n    at Layer.handle [as handle_request] (C:\\xampp\\htdocs\\2026\\Ensayo2027\\node_modules\\.pnpm\\express@4.22.2\\node_modules\\express\\lib\\router\\layer.js:95:5)\n    at trim_prefix (C:\\xampp\\htdocs\\2026\\Ensayo2027\\node_modules\\.pnpm\\express@4.22.2\\node_modules\\express\\lib\\router\\index.js:328:13)\n    at C:\\xampp\\htdocs\\2026\\Ensayo2027\\node_modules\\.pnpm\\express@4.22.2\\node_modules\\express\\lib\\router\\index.js:286:9\n    at router.process_params (C:\\xampp\\htdocs\\2026\\Ensayo2027\\node_modules\\.pnpm\\express@4.22.2\\node_modules\\express\\lib\\router\\index.js:346:12)\n    at next (C:\\xampp\\htdocs\\2026\\Ensayo2027\\node_modules\\.pnpm\\express@4.22.2\\node_modules\\express\\lib\\router\\index.js:280:10)\n    at module.exports (C:\\xampp\\htdocs\\2026\\Ensayo2027\\backend\\src\\middlewares\\auth.middleware.js:57:5)\n    at process.processTicksAndRejections (node:internal/process/task_queues:104:5)","timestamp":"2026-08-03 14:58:59"}
{"level":"info","message":"GET /api/participante/mis-archivos 500 - 7ms","timestamp":"2026-08-03 14:58:59"}
{"level":"info","message":"[SOCKET] Conexión establecida: alan (Alan Escudero Alvarez) [ID: vPpiXijF0028daC4AAAB]","timestamp":"2026-08-03 15:00:06"}
{"level":"info","message":"[SOCKET] Conexión establecida: superadmin (Superadmin Sistema IECM) [ID: 8jlzpbRjQCXMRjZBAAAD]","timestamp":"2026-08-03 15:00:06"}
{"level":"info","message":"[SOCKET] Conexión cerrada: alan [ID: vPpiXijF0028daC4AAAB]","timestamp":"2026-08-03 15:00:26"}
{"level":"info","message":"GET /api/catalogos/tema 304 - 14ms","timestamp":"2026-08-03 15:00:26"}
{"level":"info","message":"GET /api/notificaciones 304 - 25ms","timestamp":"2026-08-03 15:00:26"}
{"level":"info","message":"GET /api/catalogos/convocatoria-activa 304 - 23ms","timestamp":"2026-08-03 15:00:26"}
{"level":"info","message":"GET /api/catalogos/alcaldias 304 - 30ms","timestamp":"2026-08-03 15:00:26"}
{"level":"info","message":"GET /api/catalogos/te-enteraste 304 - 38ms","timestamp":"2026-08-03 15:00:26"}
{"level":"info","message":"GET /api/catalogos/manifestaciones 304 - 22ms","timestamp":"2026-08-03 15:00:26"}
{"level":"info","message":"[SOCKET] Conexión establecida: alan (Alan Escudero Alvarez) [ID: tGM5Y_fENhX3nasJAAAF]","timestamp":"2026-08-03 15:00:26"}
{"level":"info","message":"GET /api/catalogos/categorias 304 - 45ms","timestamp":"2026-08-03 15:00:26"}
{"level":"info","message":"GET /api/participante/mi-registro 304 - 10ms","timestamp":"2026-08-03 15:00:26"}
{"level":"info","message":"GET /api/catalogos/requisitos-archivos 304 - 5ms","timestamp":"2026-08-03 15:00:26"}
{"level":"error","message":"participantesRepository.findByUsuarioId is not a function","stack":"TypeError: participantesRepository.findByUsuarioId is not a function\n    at getMisArchivos (C:\\xampp\\htdocs\\2026\\Ensayo2027\\backend\\src\\controllers\\participante.controller.js:184:58)\n    at Layer.handle [as handle_request] (C:\\xampp\\htdocs\\2026\\Ensayo2027\\node_modules\\.pnpm\\express@4.22.2\\node_modules\\express\\lib\\router\\layer.js:95:5)\n    at next (C:\\xampp\\htdocs\\2026\\Ensayo2027\\node_modules\\.pnpm\\express@4.22.2\\node_modules\\express\\lib\\router\\route.js:149:13)\n    at Route.dispatch (C:\\xampp\\htdocs\\2026\\Ensayo2027\\node_modules\\.pnpm\\express@4.22.2\\node_modules\\express\\lib\\router\\route.js:119:3)\n    at Layer.handle [as handle_request] (C:\\xampp\\htdocs\\2026\\Ensayo2027\\node_modules\\.pnpm\\express@4.22.2\\node_modules\\express\\lib\\router\\layer.js:95:5)\n    at C:\\xampp\\htdocs\\2026\\Ensayo2027\\node_modules\\.pnpm\\express@4.22.2\\node_modules\\express\\lib\\router\\index.js:284:15\n    at router.process_params (C:\\xampp\\htdocs\\2026\\Ensayo2027\\node_modules\\.pnpm\\express@4.22.2\\node_modules\\express\\lib\\router\\index.js:346:12)\n    at next (C:\\xampp\\htdocs\\2026\\Ensayo2027\\node_modules\\.pnpm\\express@4.22.2\\node_modules\\express\\lib\\router\\index.js:280:10)\n    at C:\\xampp\\htdocs\\2026\\Ensayo2027\\backend\\src\\middlewares\\roles.middleware.js:14:14\n    at Layer.handle [as handle_request] (C:\\xampp\\htdocs\\2026\\Ensayo2027\\node_modules\\.pnpm\\express@4.22.2\\node_modules\\express\\lib\\router\\layer.js:95:5)\n    at trim_prefix (C:\\xampp\\htdocs\\2026\\Ensayo2027\\node_modules\\.pnpm\\express@4.22.2\\node_modules\\express\\lib\\router\\index.js:328:13)\n    at C:\\xampp\\htdocs\\2026\\Ensayo2027\\node_modules\\.pnpm\\express@4.22.2\\node_modules\\express\\lib\\router\\index.js:286:9\n    at router.process_params (C:\\xampp\\htdocs\\2026\\Ensayo2027\\node_modules\\.pnpm\\express@4.22.2\\node_modules\\express\\lib\\router\\index.js:346:12)\n    at next (C:\\xampp\\htdocs\\2026\\Ensayo2027\\node_modules\\.pnpm\\express@4.22.2\\node_modules\\express\\lib\\router\\index.js:280:10)\n    at module.exports (C:\\xampp\\htdocs\\2026\\Ensayo2027\\backend\\src\\middlewares\\auth.middleware.js:57:5)\n    at process.processTicksAndRejections (node:internal/process/task_queues:104:5)","timestamp":"2026-08-03 15:00:26"}
{"level":"info","message":"GET /api/participante/mis-archivos 500 - 4ms","timestamp":"2026-08-03 15:00:26"}
{"level":"info","message":"[SOCKET] Conexión establecida: alan (Alan Escudero Alvarez) [ID: 0POkHmMQzaEkyy6_AAAB]","timestamp":"2026-08-03 15:02:35"}
{"level":"info","message":"[SOCKET] Conexión establecida: superadmin (Superadmin Sistema IECM) [ID: 9ZVlED5NbIiVO8HzAAAD]","timestamp":"2026-08-03 15:02:35"}
{"level":"info","message":"[SOCKET] Conexión cerrada: alan [ID: 0POkHmMQzaEkyy6_AAAB]","timestamp":"2026-08-03 15:04:02"}
{"level":"info","message":"GET /api/catalogos/tema 200 - 7ms","timestamp":"2026-08-03 15:04:03"}
{"level":"info","message":"GET /api/catalogos/tema 200 - 8ms","timestamp":"2026-08-03 15:04:03"}
{"level":"info","message":"GET /api/catalogos/convocatoria-activa 200 - 15ms","timestamp":"2026-08-03 15:04:03"}
{"level":"info","message":"GET /api/catalogos/alcaldias 200 - 23ms","timestamp":"2026-08-03 15:04:03"}
{"level":"info","message":"GET /api/catalogos/te-enteraste 200 - 26ms","timestamp":"2026-08-03 15:04:03"}
{"level":"info","message":"GET /api/notificaciones 200 - 38ms","timestamp":"2026-08-03 15:04:03"}
{"level":"info","message":"GET /api/catalogos/manifestaciones 200 - 20ms","timestamp":"2026-08-03 15:04:03"}
{"level":"info","message":"GET /api/catalogos/categorias 200 - 33ms","timestamp":"2026-08-03 15:04:03"}
{"level":"info","message":"[SOCKET] Conexión establecida: alan (Alan Escudero Alvarez) [ID: OFwnNOpu91mTJxVaAAAG]","timestamp":"2026-08-03 15:04:03"}
{"level":"info","message":"GET /api/participante/mi-registro 304 - 10ms","timestamp":"2026-08-03 15:04:03"}
{"level":"info","message":"GET /api/catalogos/requisitos-archivos 304 - 4ms","timestamp":"2026-08-03 15:04:03"}
{"level":"error","message":"participantesRepository.findByUsuarioId is not a function","stack":"TypeError: participantesRepository.findByUsuarioId is not a function\n    at getMisArchivos (C:\\xampp\\htdocs\\2026\\Ensayo2027\\backend\\src\\controllers\\participante.controller.js:184:58)\n    at Layer.handle [as handle_request] (C:\\xampp\\htdocs\\2026\\Ensayo2027\\node_modules\\.pnpm\\express@4.22.2\\node_modules\\express\\lib\\router\\layer.js:95:5)\n    at next (C:\\xampp\\htdocs\\2026\\Ensayo2027\\node_modules\\.pnpm\\express@4.22.2\\node_modules\\express\\lib\\router\\route.js:149:13)\n    at Route.dispatch (C:\\xampp\\htdocs\\2026\\Ensayo2027\\node_modules\\.pnpm\\express@4.22.2\\node_modules\\express\\lib\\router\\route.js:119:3)\n    at Layer.handle [as handle_request] (C:\\xampp\\htdocs\\2026\\Ensayo2027\\node_modules\\.pnpm\\express@4.22.2\\node_modules\\express\\lib\\router\\layer.js:95:5)\n    at C:\\xampp\\htdocs\\2026\\Ensayo2027\\node_modules\\.pnpm\\express@4.22.2\\node_modules\\express\\lib\\router\\index.js:284:15\n    at router.process_params (C:\\xampp\\htdocs\\2026\\Ensayo2027\\node_modules\\.pnpm\\express@4.22.2\\node_modules\\express\\lib\\router\\index.js:346:12)\n    at next (C:\\xampp\\htdocs\\2026\\Ensayo2027\\node_modules\\.pnpm\\express@4.22.2\\node_modules\\express\\lib\\router\\index.js:280:10)\n    at C:\\xampp\\htdocs\\2026\\Ensayo2027\\backend\\src\\middlewares\\roles.middleware.js:14:14\n    at Layer.handle [as handle_request] (C:\\xampp\\htdocs\\2026\\Ensayo2027\\node_modules\\.pnpm\\express@4.22.2\\node_modules\\express\\lib\\router\\layer.js:95:5)\n    at trim_prefix (C:\\xampp\\htdocs\\2026\\Ensayo2027\\node_modules\\.pnpm\\express@4.22.2\\node_modules\\express\\lib\\router\\index.js:328:13)\n    at C:\\xampp\\htdocs\\2026\\Ensayo2027\\node_modules\\.pnpm\\express@4.22.2\\node_modules\\express\\lib\\router\\index.js:286:9\n    at router.process_params (C:\\xampp\\htdocs\\2026\\Ensayo2027\\node_modules\\.pnpm\\express@4.22.2\\node_modules\\express\\lib\\router\\index.js:346:12)\n    at next (C:\\xampp\\htdocs\\2026\\Ensayo2027\\node_modules\\.pnpm\\express@4.22.2\\node_modules\\express\\lib\\router\\index.js:280:10)\n    at module.exports (C:\\xampp\\htdocs\\2026\\Ensayo2027\\backend\\src\\middlewares\\auth.middleware.js:57:5)\n    at process.processTicksAndRejections (node:internal/process/task_queues:104:5)","timestamp":"2026-08-03 15:04:03"}
{"level":"info","message":"GET /api/participante/mis-archivos 500 - 6ms","timestamp":"2026-08-03 15:04:03"}
{"level":"info","message":"[SOCKET] Conexión cerrada: alan [ID: OFwnNOpu91mTJxVaAAAG]","timestamp":"2026-08-03 15:05:20"}
{"level":"info","message":"GET /api/catalogos/tema 200 - 4ms","timestamp":"2026-08-03 15:05:21"}
{"level":"info","message":"GET /api/catalogos/tema 200 - 5ms","timestamp":"2026-08-03 15:05:21"}
{"level":"info","message":"GET /api/notificaciones 200 - 13ms","timestamp":"2026-08-03 15:05:21"}
{"level":"info","message":"GET /api/catalogos/convocatoria-activa 200 - 8ms","timestamp":"2026-08-03 15:05:21"}
{"level":"info","message":"GET /api/catalogos/alcaldias 200 - 14ms","timestamp":"2026-08-03 15:05:21"}
{"level":"info","message":"GET /api/catalogos/te-enteraste 200 - 12ms","timestamp":"2026-08-03 15:05:21"}
{"level":"info","message":"GET /api/catalogos/categorias 200 - 24ms","timestamp":"2026-08-03 15:05:21"}
{"level":"info","message":"GET /api/catalogos/manifestaciones 200 - 14ms","timestamp":"2026-08-03 15:05:21"}
{"level":"info","message":"[SOCKET] Conexión establecida: alan (Alan Escudero Alvarez) [ID: Oj9PPus9B07CwQk3AAAJ]","timestamp":"2026-08-03 15:05:21"}
{"level":"info","message":"GET /api/participante/mi-registro 304 - 8ms","timestamp":"2026-08-03 15:05:21"}
{"level":"info","message":"GET /api/catalogos/requisitos-archivos 304 - 5ms","timestamp":"2026-08-03 15:05:21"}
{"level":"error","message":"participantesRepository.findByUsuarioId is not a function","stack":"TypeError: participantesRepository.findByUsuarioId is not a function\n    at getMisArchivos (C:\\xampp\\htdocs\\2026\\Ensayo2027\\backend\\src\\controllers\\participante.controller.js:184:58)\n    at Layer.handle [as handle_request] (C:\\xampp\\htdocs\\2026\\Ensayo2027\\node_modules\\.pnpm\\express@4.22.2\\node_modules\\express\\lib\\router\\layer.js:95:5)\n    at next (C:\\xampp\\htdocs\\2026\\Ensayo2027\\node_modules\\.pnpm\\express@4.22.2\\node_modules\\express\\lib\\router\\route.js:149:13)\n    at Route.dispatch (C:\\xampp\\htdocs\\2026\\Ensayo2027\\node_modules\\.pnpm\\express@4.22.2\\node_modules\\express\\lib\\router\\route.js:119:3)\n    at Layer.handle [as handle_request] (C:\\xampp\\htdocs\\2026\\Ensayo2027\\node_modules\\.pnpm\\express@4.22.2\\node_modules\\express\\lib\\router\\layer.js:95:5)\n    at C:\\xampp\\htdocs\\2026\\Ensayo2027\\node_modules\\.pnpm\\express@4.22.2\\node_modules\\express\\lib\\router\\index.js:284:15\n    at router.process_params (C:\\xampp\\htdocs\\2026\\Ensayo2027\\node_modules\\.pnpm\\express@4.22.2\\node_modules\\express\\lib\\router\\index.js:346:12)\n    at next (C:\\xampp\\htdocs\\2026\\Ensayo2027\\node_modules\\.pnpm\\express@4.22.2\\node_modules\\express\\lib\\router\\index.js:280:10)\n    at C:\\xampp\\htdocs\\2026\\Ensayo2027\\backend\\src\\middlewares\\roles.middleware.js:14:14\n    at Layer.handle [as handle_request] (C:\\xampp\\htdocs\\2026\\Ensayo2027\\node_modules\\.pnpm\\express@4.22.2\\node_modules\\express\\lib\\router\\layer.js:95:5)\n    at trim_prefix (C:\\xampp\\htdocs\\2026\\Ensayo2027\\node_modules\\.pnpm\\express@4.22.2\\node_modules\\express\\lib\\router\\index.js:328:13)\n    at C:\\xampp\\htdocs\\2026\\Ensayo2027\\node_modules\\.pnpm\\express@4.22.2\\node_modules\\express\\lib\\router\\index.js:286:9\n    at router.process_params (C:\\xampp\\htdocs\\2026\\Ensayo2027\\node_modules\\.pnpm\\express@4.22.2\\node_modules\\express\\lib\\router\\index.js:346:12)\n    at next (C:\\xampp\\htdocs\\2026\\Ensayo2027\\node_modules\\.pnpm\\express@4.22.2\\node_modules\\express\\lib\\router\\index.js:280:10)\n    at module.exports (C:\\xampp\\htdocs\\2026\\Ensayo2027\\backend\\src\\middlewares\\auth.middleware.js:57:5)\n    at process.processTicksAndRejections (node:internal/process/task_queues:104:5)","timestamp":"2026-08-03 15:05:21"}
{"level":"info","message":"GET /api/participante/mis-archivos 500 - 3ms","timestamp":"2026-08-03 15:05:21"}
{"level":"info","message":"GET /api/superadmin/convocatorias 304 - 5ms","timestamp":"2026-08-03 15:05:51"}
{"level":"info","message":"GET /api/superadmin/estadisticas?id_convocatoria=1 304 - 12ms","timestamp":"2026-08-03 15:05:52"}
{"level":"info","message":"[SOCKET] Conexión establecida: superadmin (Superadmin Sistema IECM) [ID: WogOpYL5bGLdm61jAAAB]","timestamp":"2026-08-03 15:06:12"}
{"level":"info","message":"[SOCKET] Conexión establecida: alan (Alan Escudero Alvarez) [ID: UV7bJORoa4wboyPQAAAD]","timestamp":"2026-08-03 15:06:13"}
{"level":"info","message":"[SOCKET] Conexión cerrada: alan [ID: UV7bJORoa4wboyPQAAAD]","timestamp":"2026-08-03 15:06:19"}
{"level":"info","message":"GET /api/catalogos/tema 200 - 8ms","timestamp":"2026-08-03 15:06:19"}
{"level":"info","message":"GET /api/catalogos/tema 200 - 13ms","timestamp":"2026-08-03 15:06:19"}
{"level":"info","message":"GET /api/catalogos/convocatoria-activa 200 - 18ms","timestamp":"2026-08-03 15:06:19"}
{"level":"info","message":"GET /api/notificaciones 200 - 37ms","timestamp":"2026-08-03 15:06:19"}
{"level":"info","message":"GET /api/catalogos/alcaldias 200 - 31ms","timestamp":"2026-08-03 15:06:19"}
{"level":"info","message":"GET /api/catalogos/te-enteraste 200 - 32ms","timestamp":"2026-08-03 15:06:19"}
{"level":"info","message":"GET /api/catalogos/categorias 200 - 38ms","timestamp":"2026-08-03 15:06:19"}
{"level":"info","message":"GET /api/catalogos/manifestaciones 200 - 17ms","timestamp":"2026-08-03 15:06:19"}
{"level":"info","message":"[SOCKET] Conexión establecida: alan (Alan Escudero Alvarez) [ID: Kvqjq6Fmx4yaFjSpAAAG]","timestamp":"2026-08-03 15:06:19"}
{"level":"info","message":"GET /api/participante/mi-registro 304 - 11ms","timestamp":"2026-08-03 15:06:19"}
{"level":"info","message":"GET /api/catalogos/requisitos-archivos 304 - 5ms","timestamp":"2026-08-03 15:06:19"}
{"level":"error","message":"participantesRepository.findByUsuarioId is not a function","stack":"TypeError: participantesRepository.findByUsuarioId is not a function\n    at getMisArchivos (C:\\xampp\\htdocs\\2026\\Ensayo2027\\backend\\src\\controllers\\participante.controller.js:184:58)\n    at Layer.handle [as handle_request] (C:\\xampp\\htdocs\\2026\\Ensayo2027\\node_modules\\.pnpm\\express@4.22.2\\node_modules\\express\\lib\\router\\layer.js:95:5)\n    at next (C:\\xampp\\htdocs\\2026\\Ensayo2027\\node_modules\\.pnpm\\express@4.22.2\\node_modules\\express\\lib\\router\\route.js:149:13)\n    at Route.dispatch (C:\\xampp\\htdocs\\2026\\Ensayo2027\\node_modules\\.pnpm\\express@4.22.2\\node_modules\\express\\lib\\router\\route.js:119:3)\n    at Layer.handle [as handle_request] (C:\\xampp\\htdocs\\2026\\Ensayo2027\\node_modules\\.pnpm\\express@4.22.2\\node_modules\\express\\lib\\router\\layer.js:95:5)\n    at C:\\xampp\\htdocs\\2026\\Ensayo2027\\node_modules\\.pnpm\\express@4.22.2\\node_modules\\express\\lib\\router\\index.js:284:15\n    at router.process_params (C:\\xampp\\htdocs\\2026\\Ensayo2027\\node_modules\\.pnpm\\express@4.22.2\\node_modules\\express\\lib\\router\\index.js:346:12)\n    at next (C:\\xampp\\htdocs\\2026\\Ensayo2027\\node_modules\\.pnpm\\express@4.22.2\\node_modules\\express\\lib\\router\\index.js:280:10)\n    at C:\\xampp\\htdocs\\2026\\Ensayo2027\\backend\\src\\middlewares\\roles.middleware.js:14:14\n    at Layer.handle [as handle_request] (C:\\xampp\\htdocs\\2026\\Ensayo2027\\node_modules\\.pnpm\\express@4.22.2\\node_modules\\express\\lib\\router\\layer.js:95:5)\n    at trim_prefix (C:\\xampp\\htdocs\\2026\\Ensayo2027\\node_modules\\.pnpm\\express@4.22.2\\node_modules\\express\\lib\\router\\index.js:328:13)\n    at C:\\xampp\\htdocs\\2026\\Ensayo2027\\node_modules\\.pnpm\\express@4.22.2\\node_modules\\express\\lib\\router\\index.js:286:9\n    at router.process_params (C:\\xampp\\htdocs\\2026\\Ensayo2027\\node_modules\\.pnpm\\express@4.22.2\\node_modules\\express\\lib\\router\\index.js:346:12)\n    at next (C:\\xampp\\htdocs\\2026\\Ensayo2027\\node_modules\\.pnpm\\express@4.22.2\\node_modules\\express\\lib\\router\\index.js:280:10)\n    at module.exports (C:\\xampp\\htdocs\\2026\\Ensayo2027\\backend\\src\\middlewares\\auth.middleware.js:57:5)\n    at process.processTicksAndRejections (node:internal/process/task_queues:104:5)","timestamp":"2026-08-03 15:06:19"}
{"level":"info","message":"GET /api/participante/mis-archivos 500 - 6ms","timestamp":"2026-08-03 15:06:19"}
{"level":"info","message":"GET /api/superadmin/convocatorias 304 - 5ms","timestamp":"2026-08-03 15:07:06"}
{"level":"info","message":"GET /api/superadmin/categorias/1 304 - 6ms","timestamp":"2026-08-03 15:07:06"}
{"level":"info","message":"GET /api/superadmin/requisitos-archivos/1 304 - 4ms","timestamp":"2026-08-03 15:07:06"}
{"level":"info","message":"POST /api/superadmin/requisitos-archivos 200 - 20ms","timestamp":"2026-08-03 15:07:14"}
{"level":"info","message":"GET /api/superadmin/requisitos-archivos/1 200 - 7ms","timestamp":"2026-08-03 15:07:14"}
{"level":"info","message":"POST /api/superadmin/requisitos-archivos 200 - 15ms","timestamp":"2026-08-03 15:07:19"}
{"level":"info","message":"GET /api/superadmin/requisitos-archivos/1 200 - 6ms","timestamp":"2026-08-03 15:07:19"}
{"level":"info","message":"[SOCKET] Conexión cerrada: alan [ID: Kvqjq6Fmx4yaFjSpAAAG]","timestamp":"2026-08-03 15:07:22"}
{"level":"info","message":"GET /api/catalogos/tema 200 - 3ms","timestamp":"2026-08-03 15:07:22"}
{"level":"info","message":"GET /api/catalogos/tema 200 - 7ms","timestamp":"2026-08-03 15:07:22"}
{"level":"info","message":"GET /api/catalogos/convocatoria-activa 200 - 9ms","timestamp":"2026-08-03 15:07:22"}
{"level":"info","message":"GET /api/notificaciones 200 - 15ms","timestamp":"2026-08-03 15:07:22"}
{"level":"info","message":"GET /api/catalogos/alcaldias 200 - 7ms","timestamp":"2026-08-03 15:07:22"}
{"level":"info","message":"GET /api/catalogos/te-enteraste 200 - 9ms","timestamp":"2026-08-03 15:07:22"}
{"level":"info","message":"GET /api/catalogos/categorias 200 - 18ms","timestamp":"2026-08-03 15:07:22"}
{"level":"info","message":"GET /api/catalogos/manifestaciones 200 - 7ms","timestamp":"2026-08-03 15:07:22"}
{"level":"info","message":"[SOCKET] Conexión establecida: alan (Alan Escudero Alvarez) [ID: r78bq0MvNsKFVwoTAAAJ]","timestamp":"2026-08-03 15:07:22"}
{"level":"info","message":"GET /api/participante/mi-registro 304 - 9ms","timestamp":"2026-08-03 15:07:22"}
{"level":"info","message":"GET /api/catalogos/requisitos-archivos 200 - 5ms","timestamp":"2026-08-03 15:07:22"}
{"level":"error","message":"participantesRepository.findByUsuarioId is not a function","stack":"TypeError: participantesRepository.findByUsuarioId is not a function\n    at getMisArchivos (C:\\xampp\\htdocs\\2026\\Ensayo2027\\backend\\src\\controllers\\participante.controller.js:184:58)\n    at Layer.handle [as handle_request] (C:\\xampp\\htdocs\\2026\\Ensayo2027\\node_modules\\.pnpm\\express@4.22.2\\node_modules\\express\\lib\\router\\layer.js:95:5)\n    at next (C:\\xampp\\htdocs\\2026\\Ensayo2027\\node_modules\\.pnpm\\express@4.22.2\\node_modules\\express\\lib\\router\\route.js:149:13)\n    at Route.dispatch (C:\\xampp\\htdocs\\2026\\Ensayo2027\\node_modules\\.pnpm\\express@4.22.2\\node_modules\\express\\lib\\router\\route.js:119:3)\n    at Layer.handle [as handle_request] (C:\\xampp\\htdocs\\2026\\Ensayo2027\\node_modules\\.pnpm\\express@4.22.2\\node_modules\\express\\lib\\router\\layer.js:95:5)\n    at C:\\xampp\\htdocs\\2026\\Ensayo2027\\node_modules\\.pnpm\\express@4.22.2\\node_modules\\express\\lib\\router\\index.js:284:15\n    at router.process_params (C:\\xampp\\htdocs\\2026\\Ensayo2027\\node_modules\\.pnpm\\express@4.22.2\\node_modules\\express\\lib\\router\\index.js:346:12)\n    at next (C:\\xampp\\htdocs\\2026\\Ensayo2027\\node_modules\\.pnpm\\express@4.22.2\\node_modules\\express\\lib\\router\\index.js:280:10)\n    at C:\\xampp\\htdocs\\2026\\Ensayo2027\\backend\\src\\middlewares\\roles.middleware.js:14:14\n    at Layer.handle [as handle_request] (C:\\xampp\\htdocs\\2026\\Ensayo2027\\node_modules\\.pnpm\\express@4.22.2\\node_modules\\express\\lib\\router\\layer.js:95:5)\n    at trim_prefix (C:\\xampp\\htdocs\\2026\\Ensayo2027\\node_modules\\.pnpm\\express@4.22.2\\node_modules\\express\\lib\\router\\index.js:328:13)\n    at C:\\xampp\\htdocs\\2026\\Ensayo2027\\node_modules\\.pnpm\\express@4.22.2\\node_modules\\express\\lib\\router\\index.js:286:9\n    at router.process_params (C:\\xampp\\htdocs\\2026\\Ensayo2027\\node_modules\\.pnpm\\express@4.22.2\\node_modules\\express\\lib\\router\\index.js:346:12)\n    at next (C:\\xampp\\htdocs\\2026\\Ensayo2027\\node_modules\\.pnpm\\express@4.22.2\\node_modules\\express\\lib\\router\\index.js:280:10)\n    at module.exports (C:\\xampp\\htdocs\\2026\\Ensayo2027\\backend\\src\\middlewares\\auth.middleware.js:57:5)\n    at process.processTicksAndRejections (node:internal/process/task_queues:104:5)","timestamp":"2026-08-03 15:07:22"}
{"level":"info","message":"GET /api/participante/mis-archivos 500 - 3ms","timestamp":"2026-08-03 15:07:22"}
{"level":"info","message":"[SOCKET] Conexión cerrada: superadmin [ID: WogOpYL5bGLdm61jAAAB]","timestamp":"2026-08-03 15:07:48"}
{"level":"info","message":"[SOCKET] Conexión cerrada: alan [ID: r78bq0MvNsKFVwoTAAAJ]","timestamp":"2026-08-03 15:07:49"}
{"level":"info","message":"GET /api/catalogos/tema 304 - 2ms","timestamp":"2026-08-03 15:08:05"}
{"level":"info","message":"GET /api/catalogos/convocatoria-activa 304 - 7ms","timestamp":"2026-08-03 15:08:05"}
{"level":"info","message":"GET /api/notificaciones 304 - 16ms","timestamp":"2026-08-03 15:08:05"}
{"level":"info","message":"GET /api/catalogos/tema 304 - 11ms","timestamp":"2026-08-03 15:08:05"}
{"level":"info","message":"GET /api/superadmin/convocatorias 304 - 20ms","timestamp":"2026-08-03 15:08:05"}
{"level":"info","message":"GET /api/catalogos/categorias 304 - 18ms","timestamp":"2026-08-03 15:08:05"}
{"level":"info","message":"[SOCKET] Conexión establecida: superadmin (Superadmin Sistema IECM) [ID: cn1HmRpxDM77DFaqAAAM]","timestamp":"2026-08-03 15:08:05"}
{"level":"info","message":"GET /api/superadmin/categorias/1 304 - 5ms","timestamp":"2026-08-03 15:08:05"}
{"level":"info","message":"GET /api/superadmin/requisitos-archivos/1 304 - 11ms","timestamp":"2026-08-03 15:08:05"}
{"level":"info","message":"GET /api/catalogos/tema 304 - 2ms","timestamp":"2026-08-03 15:08:05"}
{"level":"info","message":"GET /api/catalogos/tema 304 - 7ms","timestamp":"2026-08-03 15:08:05"}
{"level":"info","message":"GET /api/catalogos/convocatoria-activa 304 - 7ms","timestamp":"2026-08-03 15:08:05"}
{"level":"info","message":"GET /api/catalogos/alcaldias 304 - 6ms","timestamp":"2026-08-03 15:08:05"}
{"level":"info","message":"GET /api/notificaciones 304 - 11ms","timestamp":"2026-08-03 15:08:05"}
{"level":"info","message":"GET /api/catalogos/te-enteraste 304 - 7ms","timestamp":"2026-08-03 15:08:05"}
{"level":"info","message":"GET /api/catalogos/categorias 304 - 12ms","timestamp":"2026-08-03 15:08:05"}
{"level":"info","message":"GET /api/catalogos/manifestaciones 304 - 2ms","timestamp":"2026-08-03 15:08:05"}
{"level":"info","message":"[SOCKET] Conexión establecida: alan (Alan Escudero Alvarez) [ID: bEkwJdf6hRng0w8mAAAP]","timestamp":"2026-08-03 15:08:05"}
{"level":"info","message":"GET /api/participante/mi-registro 304 - 12ms","timestamp":"2026-08-03 15:08:05"}
{"level":"info","message":"GET /api/catalogos/requisitos-archivos 304 - 4ms","timestamp":"2026-08-03 15:08:05"}
{"level":"error","message":"participantesRepository.findByUsuarioId is not a function","stack":"TypeError: participantesRepository.findByUsuarioId is not a function\n    at getMisArchivos (C:\\xampp\\htdocs\\2026\\Ensayo2027\\backend\\src\\controllers\\participante.controller.js:184:58)\n    at Layer.handle [as handle_request] (C:\\xampp\\htdocs\\2026\\Ensayo2027\\node_modules\\.pnpm\\express@4.22.2\\node_modules\\express\\lib\\router\\layer.js:95:5)\n    at next (C:\\xampp\\htdocs\\2026\\Ensayo2027\\node_modules\\.pnpm\\express@4.22.2\\node_modules\\express\\lib\\router\\route.js:149:13)\n    at Route.dispatch (C:\\xampp\\htdocs\\2026\\Ensayo2027\\node_modules\\.pnpm\\express@4.22.2\\node_modules\\express\\lib\\router\\route.js:119:3)\n    at Layer.handle [as handle_request] (C:\\xampp\\htdocs\\2026\\Ensayo2027\\node_modules\\.pnpm\\express@4.22.2\\node_modules\\express\\lib\\router\\layer.js:95:5)\n    at C:\\xampp\\htdocs\\2026\\Ensayo2027\\node_modules\\.pnpm\\express@4.22.2\\node_modules\\express\\lib\\router\\index.js:284:15\n    at router.process_params (C:\\xampp\\htdocs\\2026\\Ensayo2027\\node_modules\\.pnpm\\express@4.22.2\\node_modules\\express\\lib\\router\\index.js:346:12)\n    at next (C:\\xampp\\htdocs\\2026\\Ensayo2027\\node_modules\\.pnpm\\express@4.22.2\\node_modules\\express\\lib\\router\\index.js:280:10)\n    at C:\\xampp\\htdocs\\2026\\Ensayo2027\\backend\\src\\middlewares\\roles.middleware.js:14:14\n    at Layer.handle [as handle_request] (C:\\xampp\\htdocs\\2026\\Ensayo2027\\node_modules\\.pnpm\\express@4.22.2\\node_modules\\express\\lib\\router\\layer.js:95:5)\n    at trim_prefix (C:\\xampp\\htdocs\\2026\\Ensayo2027\\node_modules\\.pnpm\\express@4.22.2\\node_modules\\express\\lib\\router\\index.js:328:13)\n    at C:\\xampp\\htdocs\\2026\\Ensayo2027\\node_modules\\.pnpm\\express@4.22.2\\node_modules\\express\\lib\\router\\index.js:286:9\n    at router.process_params (C:\\xampp\\htdocs\\2026\\Ensayo2027\\node_modules\\.pnpm\\express@4.22.2\\node_modules\\express\\lib\\router\\index.js:346:12)\n    at next (C:\\xampp\\htdocs\\2026\\Ensayo2027\\node_modules\\.pnpm\\express@4.22.2\\node_modules\\express\\lib\\router\\index.js:280:10)\n    at module.exports (C:\\xampp\\htdocs\\2026\\Ensayo2027\\backend\\src\\middlewares\\auth.middleware.js:57:5)\n    at process.processTicksAndRejections (node:internal/process/task_queues:104:5)","timestamp":"2026-08-03 15:08:05"}
{"level":"info","message":"GET /api/participante/mis-archivos 500 - 2ms","timestamp":"2026-08-03 15:08:05"}
{"level":"info","message":"[SOCKET] Conexión establecida: superadmin (Superadmin Sistema IECM) [ID: vRsYB4dCU61E3E3wAAAB]","timestamp":"2026-08-03 15:08:19"}
{"level":"info","message":"[SOCKET] Conexión establecida: alan (Alan Escudero Alvarez) [ID: L_j8XXvWbNM_DORUAAAD]","timestamp":"2026-08-03 15:08:19"}
{"level":"info","message":"POST /api/superadmin/requisitos-archivos 200 - 18ms","timestamp":"2026-08-03 15:08:26"}
{"level":"info","message":"GET /api/superadmin/requisitos-archivos/1 200 - 6ms","timestamp":"2026-08-03 15:08:26"}
{"level":"info","message":"[SOCKET] Conexión cerrada: alan [ID: L_j8XXvWbNM_DORUAAAD]","timestamp":"2026-08-03 15:08:29"}
{"level":"info","message":"GET /api/catalogos/tema 200 - 5ms","timestamp":"2026-08-03 15:08:29"}
{"level":"info","message":"GET /api/catalogos/tema 200 - 8ms","timestamp":"2026-08-03 15:08:29"}
{"level":"info","message":"GET /api/catalogos/convocatoria-activa 200 - 15ms","timestamp":"2026-08-03 15:08:29"}
{"level":"info","message":"GET /api/catalogos/alcaldias 200 - 22ms","timestamp":"2026-08-03 15:08:29"}
{"level":"info","message":"GET /api/notificaciones 200 - 34ms","timestamp":"2026-08-03 15:08:29"}
{"level":"info","message":"GET /api/catalogos/te-enteraste 200 - 27ms","timestamp":"2026-08-03 15:08:29"}
{"level":"info","message":"GET /api/catalogos/manifestaciones 200 - 25ms","timestamp":"2026-08-03 15:08:29"}
{"level":"info","message":"GET /api/catalogos/categorias 200 - 35ms","timestamp":"2026-08-03 15:08:29"}
{"level":"info","message":"[SOCKET] Conexión establecida: alan (Alan Escudero Alvarez) [ID: L-o9zUASkoeohy7NAAAG]","timestamp":"2026-08-03 15:08:29"}
{"level":"info","message":"GET /api/participante/mi-registro 304 - 10ms","timestamp":"2026-08-03 15:08:29"}
{"level":"info","message":"GET /api/catalogos/requisitos-archivos 200 - 6ms","timestamp":"2026-08-03 15:08:29"}
{"level":"error","message":"participantesRepository.findByUsuarioId is not a function","stack":"TypeError: participantesRepository.findByUsuarioId is not a function\n    at getMisArchivos (C:\\xampp\\htdocs\\2026\\Ensayo2027\\backend\\src\\controllers\\participante.controller.js:184:58)\n    at Layer.handle [as handle_request] (C:\\xampp\\htdocs\\2026\\Ensayo2027\\node_modules\\.pnpm\\express@4.22.2\\node_modules\\express\\lib\\router\\layer.js:95:5)\n    at next (C:\\xampp\\htdocs\\2026\\Ensayo2027\\node_modules\\.pnpm\\express@4.22.2\\node_modules\\express\\lib\\router\\route.js:149:13)\n    at Route.dispatch (C:\\xampp\\htdocs\\2026\\Ensayo2027\\node_modules\\.pnpm\\express@4.22.2\\node_modules\\express\\lib\\router\\route.js:119:3)\n    at Layer.handle [as handle_request] (C:\\xampp\\htdocs\\2026\\Ensayo2027\\node_modules\\.pnpm\\express@4.22.2\\node_modules\\express\\lib\\router\\layer.js:95:5)\n    at C:\\xampp\\htdocs\\2026\\Ensayo2027\\node_modules\\.pnpm\\express@4.22.2\\node_modules\\express\\lib\\router\\index.js:284:15\n    at router.process_params (C:\\xampp\\htdocs\\2026\\Ensayo2027\\node_modules\\.pnpm\\express@4.22.2\\node_modules\\express\\lib\\router\\index.js:346:12)\n    at next (C:\\xampp\\htdocs\\2026\\Ensayo2027\\node_modules\\.pnpm\\express@4.22.2\\node_modules\\express\\lib\\router\\index.js:280:10)\n    at C:\\xampp\\htdocs\\2026\\Ensayo2027\\backend\\src\\middlewares\\roles.middleware.js:14:14\n    at Layer.handle [as handle_request] (C:\\xampp\\htdocs\\2026\\Ensayo2027\\node_modules\\.pnpm\\express@4.22.2\\node_modules\\express\\lib\\router\\layer.js:95:5)\n    at trim_prefix (C:\\xampp\\htdocs\\2026\\Ensayo2027\\node_modules\\.pnpm\\express@4.22.2\\node_modules\\express\\lib\\router\\index.js:328:13)\n    at C:\\xampp\\htdocs\\2026\\Ensayo2027\\node_modules\\.pnpm\\express@4.22.2\\node_modules\\express\\lib\\router\\index.js:286:9\n    at router.process_params (C:\\xampp\\htdocs\\2026\\Ensayo2027\\node_modules\\.pnpm\\express@4.22.2\\node_modules\\express\\lib\\router\\index.js:346:12)\n    at next (C:\\xampp\\htdocs\\2026\\Ensayo2027\\node_modules\\.pnpm\\express@4.22.2\\node_modules\\express\\lib\\router\\index.js:280:10)\n    at module.exports (C:\\xampp\\htdocs\\2026\\Ensayo2027\\backend\\src\\middlewares\\auth.middleware.js:57:5)\n    at process.processTicksAndRejections (node:internal/process/task_queues:104:5)","timestamp":"2026-08-03 15:08:29"}
{"level":"info","message":"GET /api/participante/mis-archivos 500 - 5ms","timestamp":"2026-08-03 15:08:29"}
{"level":"info","message":"[SOCKET] Forzando cierre de conexión para usuario ID: 1","timestamp":"2026-08-03 15:08:42"}
{"level":"info","message":"[SOCKET] Conexión cerrada: superadmin [ID: vRsYB4dCU61E3E3wAAAB]","timestamp":"2026-08-03 15:08:42"}
{"level":"info","message":"POST /api/auth/logout 200 - 17ms","timestamp":"2026-08-03 15:08:42"}
{"level":"info","message":"GET /api/catalogos/convocatoria-activa 304 - 3ms","timestamp":"2026-08-03 15:08:42"}
{"level":"info","message":"GET /api/catalogos/categorias 304 - 6ms","timestamp":"2026-08-03 15:08:42"}
{"level":"info","message":"POST /api/auth/login 401 - 82ms","timestamp":"2026-08-03 15:08:53"}
{"level":"info","message":"POST /api/auth/login 200 - 74ms","timestamp":"2026-08-03 15:09:02"}
{"level":"info","message":"[SOCKET] Conexión establecida: superadmin (Superadmin Sistema IECM) [ID: stZjWEPdjW8tDllUAAAI]","timestamp":"2026-08-03 15:09:02"}
{"level":"info","message":"[SOCKET] Conexión cerrada: superadmin [ID: stZjWEPdjW8tDllUAAAI]","timestamp":"2026-08-03 15:09:04"}
{"level":"info","message":"GET /api/notificaciones 304 - 8ms","timestamp":"2026-08-03 15:09:04"}
{"level":"info","message":"GET /api/catalogos/convocatoria-activa 304 - 10ms","timestamp":"2026-08-03 15:09:04"}
{"level":"info","message":"GET /api/catalogos/tema 304 - 18ms","timestamp":"2026-08-03 15:09:04"}
{"level":"info","message":"GET /api/catalogos/categorias 304 - 24ms","timestamp":"2026-08-03 15:09:04"}
{"level":"info","message":"[SOCKET] Conexión establecida: superadmin (Superadmin Sistema IECM) [ID: U5rwCCkiu74s0E8vAAAK]","timestamp":"2026-08-03 15:09:04"}
{"level":"info","message":"GET /api/superadmin/usuarios 304 - 34ms","timestamp":"2026-08-03 15:09:04"}
{"level":"info","message":"GET /api/superadmin/usuarios 304 - 12ms","timestamp":"2026-08-03 15:09:08"}
{"level":"info","message":"GET /api/superadmin/usuarios 304 - 9ms","timestamp":"2026-08-03 15:09:12"}
{"level":"info","message":"GET /api/superadmin/usuarios 304 - 8ms","timestamp":"2026-08-03 15:09:16"}
{"level":"info","message":"PUT /api/superadmin/usuarios/7 200 - 88ms","timestamp":"2026-08-03 15:09:20"}
{"level":"info","message":"GET /api/superadmin/usuarios 304 - 8ms","timestamp":"2026-08-03 15:09:20"}
{"level":"info","message":"GET /api/superadmin/usuarios 304 - 14ms","timestamp":"2026-08-03 15:09:20"}
{"level":"info","message":"GET /api/superadmin/usuarios 304 - 10ms","timestamp":"2026-08-03 15:09:24"}
{"level":"info","message":"[SOCKET] Forzando cierre de conexión para usuario ID: 1","timestamp":"2026-08-03 15:09:24"}
{"level":"info","message":"[SOCKET] Conexión cerrada: superadmin [ID: U5rwCCkiu74s0E8vAAAK]","timestamp":"2026-08-03 15:09:24"}
{"level":"info","message":"POST /api/auth/logout 200 - 12ms","timestamp":"2026-08-03 15:09:24"}
{"level":"info","message":"GET /api/catalogos/convocatoria-activa 304 - 4ms","timestamp":"2026-08-03 15:09:24"}
{"level":"info","message":"GET /api/catalogos/categorias 304 - 8ms","timestamp":"2026-08-03 15:09:24"}
{"level":"info","message":"POST /api/auth/login 200 - 70ms","timestamp":"2026-08-03 15:09:30"}
{"level":"info","message":"[SOCKET] Conexión establecida: validador (Validador Valdes IECM) [ID: QbRtQbuFeakzlNmTAAAM]","timestamp":"2026-08-03 15:09:30"}
{"level":"info","message":"[SOCKET] Conexión cerrada: validador [ID: QbRtQbuFeakzlNmTAAAM]","timestamp":"2026-08-03 15:09:32"}
{"level":"info","message":"GET /api/notificaciones 304 - 8ms","timestamp":"2026-08-03 15:09:32"}
{"level":"info","message":"GET /api/catalogos/convocatoria-activa 304 - 6ms","timestamp":"2026-08-03 15:09:32"}
{"level":"info","message":"GET /api/catalogos/tema 304 - 7ms","timestamp":"2026-08-03 15:09:32"}
{"level":"info","message":"GET /api/catalogos/categorias 304 - 12ms","timestamp":"2026-08-03 15:09:32"}
{"level":"info","message":"[SOCKET] Conexión establecida: validador (Validador Valdes IECM) [ID: zRqzMHOcSu42c__XAAAO]","timestamp":"2026-08-03 15:09:32"}
{"level":"info","message":"GET /api/admin/participantes 200 - 23ms","timestamp":"2026-08-03 15:09:32"}
{"level":"info","message":"GET /api/documentos/0486d588-738c-4a6a-814a-356da9d79f03.pdf?token=eyJhbGciOiJIUzI1NiIsInR5cCI6IkpXVCJ9.eyJpZF91c3VhcmlvIjo3LCJ1c3VhcmlvIjoidmFsaWRhZG9yIiwiaWRfdGlwb3VzdWFyaW8iOjIsInNlc3Npb25faWQiOiJhNDE1Nzk2Yy04MDQ1LTRmNWMtOGZhNy05NmFhNzY0MGRmNjUiLCJpYXQiOjE3ODU3OTEzNzAsImV4cCI6MTc4NTgyMDE3MH0.yJBFL_jehGbhuibBxZjCOf0fU94IQZNxTZgj2XjoUgg 200 - 7ms","timestamp":"2026-08-03 15:12:39"}
{"level":"info","message":"GET /api/admin/participantes 304 - 8ms","timestamp":"2026-08-03 15:12:57"}
{"level":"info","message":"[SOCKET] Conexión establecida: alan (Alan Escudero Alvarez) [ID: R-YctbPJL72HLqihAAAB]","timestamp":"2026-08-03 15:19:21"}
{"level":"info","message":"[SOCKET] Conexión establecida: validador (Validador Valdes IECM) [ID: 2ZO0sb-hoM2cCTTZAAAB]","timestamp":"2026-08-03 15:19:25"}
{"level":"info","message":"[SOCKET] Conexión establecida: alan (Alan Escudero Alvarez) [ID: bZIL5KqFOxSanQI-AAAD]","timestamp":"2026-08-03 15:19:26"}
{"level":"info","message":"GET /api/admin/participantes 304 - 9ms","timestamp":"2026-08-03 15:19:48"}
{"level":"info","message":"[SOCKET] Conexión establecida: validador (Validador Valdes IECM) [ID: JG1eAQpr0BSNxYyfAAAB]","timestamp":"2026-08-03 15:19:56"}
{"level":"info","message":"[SOCKET] Conexión establecida: alan (Alan Escudero Alvarez) [ID: _tpQHfrd6EK2iAJOAAAD]","timestamp":"2026-08-03 15:19:59"}
{"level":"info","message":"GET /api/admin/participante-archivos/5 200 - 22ms","timestamp":"2026-08-03 15:21:15"}
{"level":"info","message":"GET /api/admin/participantes 304 - 12ms","timestamp":"2026-08-03 15:27:11"}
{"level":"info","message":"[SOCKET] Conexión establecida: validador (Validador Valdes IECM) [ID: -SbgI-qZ6xd-q5XiAAAB]","timestamp":"2026-08-03 15:27:20"}
{"level":"info","message":"[SOCKET] Conexión establecida: alan (Alan Escudero Alvarez) [ID: qvqZjZ2bnyWNescTAAAD]","timestamp":"2026-08-03 15:27:23"}
{"level":"info","message":"GET /api/admin/participante-archivos/5 304 - 7ms","timestamp":"2026-08-03 16:02:38"}
{"level":"info","message":"GET /api/admin/participante-archivos/2 200 - 5ms","timestamp":"2026-08-03 16:02:41"}
{"level":"info","message":"GET /api/documentos/6d6d7577-e396-45a6-81d4-3cea410c4434.pdf?token=eyJhbGciOiJIUzI1NiIsInR5cCI6IkpXVCJ9.eyJpZF91c3VhcmlvIjo3LCJ1c3VhcmlvIjoidmFsaWRhZG9yIiwiaWRfdGlwb3VzdWFyaW8iOjIsInNlc3Npb25faWQiOiJhNDE1Nzk2Yy04MDQ1LTRmNWMtOGZhNy05NmFhNzY0MGRmNjUiLCJpYXQiOjE3ODU3OTEzNzAsImV4cCI6MTc4NTgyMDE3MH0.yJBFL_jehGbhuibBxZjCOf0fU94IQZNxTZgj2XjoUgg 200 - 14ms","timestamp":"2026-08-03 16:02:42"}
{"level":"info","message":"GET /api/admin/participante-archivos/2 304 - 9ms","timestamp":"2026-08-03 16:18:53"}
{"level":"info","message":"GET /api/admin/participante-archivos/3 200 - 9ms","timestamp":"2026-08-03 16:18:55"}
{"level":"info","message":"GET /api/documentos/0486d588-738c-4a6a-814a-356da9d79f03.pdf?token=eyJhbGciOiJIUzI1NiIsInR5cCI6IkpXVCJ9.eyJpZF91c3VhcmlvIjo3LCJ1c3VhcmlvIjoidmFsaWRhZG9yIiwiaWRfdGlwb3VzdWFyaW8iOjIsInNlc3Npb25faWQiOiJhNDE1Nzk2Yy04MDQ1LTRmNWMtOGZhNy05NmFhNzY0MGRmNjUiLCJpYXQiOjE3ODU3OTEzNzAsImV4cCI6MTc4NTgyMDE3MH0.yJBFL_jehGbhuibBxZjCOf0fU94IQZNxTZgj2XjoUgg 304 - 5ms","timestamp":"2026-08-03 16:18:57"}
{"level":"info","message":"GET /api/admin/participante-archivos/3 304 - 5ms","timestamp":"2026-08-03 16:19:08"}
{"level":"info","message":"GET /api/admin/participante-archivos/5 304 - 12ms","timestamp":"2026-08-03 16:19:10"}
{"level":"info","message":"GET /api/admin/participante-archivos/0 200 - 8ms","timestamp":"2026-08-03 16:19:14"}
{"level":"info","message":"GET /api/admin/participante-archivos/2 304 - 8ms","timestamp":"2026-08-03 16:19:17"}
{"level":"error","message":"participantesRepository.findByUsuarioId is not a function","stack":"TypeError: participantesRepository.findByUsuarioId is not a function\n    at subirArchivoRequisito (C:\\xampp\\htdocs\\2026\\Ensayo2027\\backend\\src\\controllers\\participante.controller.js:211:58)\n    at Layer.handle [as handle_request] (C:\\xampp\\htdocs\\2026\\Ensayo2027\\node_modules\\.pnpm\\express@4.22.2\\node_modules\\express\\lib\\router\\layer.js:95:5)\n    at next (C:\\xampp\\htdocs\\2026\\Ensayo2027\\node_modules\\.pnpm\\express@4.22.2\\node_modules\\express\\lib\\router\\route.js:149:13)\n    at done (C:\\xampp\\htdocs\\2026\\Ensayo2027\\node_modules\\.pnpm\\multer@2.2.0\\node_modules\\multer\\lib\\make-middleware.js:70:7)\n    at indicateDone (C:\\xampp\\htdocs\\2026\\Ensayo2027\\node_modules\\.pnpm\\multer@2.2.0\\node_modules\\multer\\lib\\make-middleware.js:74:68)\n    at C:\\xampp\\htdocs\\2026\\Ensayo2027\\node_modules\\.pnpm\\multer@2.2.0\\node_modules\\multer\\lib\\make-middleware.js:247:11\n    at WriteStream.<anonymous> (C:\\xampp\\htdocs\\2026\\Ensayo2027\\node_modules\\.pnpm\\multer@2.2.0\\node_modules\\multer\\storage\\disk.js:47:9)\n    at WriteStream.emit (node:events:521:24)\n    at finish (node:internal/streams/writable:953:10)\n    at node:internal/streams/writable:934:13\n    at process.processTicksAndRejections (node:internal/process/task_queues:90:21)","timestamp":"2026-08-03 16:19:39"}
{"level":"info","message":"POST /api/participante/subir-archivo-requisito 500 - 20ms","timestamp":"2026-08-03 16:19:39"}
{"level":"error","message":"participantesRepository.findByUsuarioId is not a function","stack":"TypeError: participantesRepository.findByUsuarioId is not a function\n    at subirArchivoRequisito (C:\\xampp\\htdocs\\2026\\Ensayo2027\\backend\\src\\controllers\\participante.controller.js:211:58)\n    at Layer.handle [as handle_request] (C:\\xampp\\htdocs\\2026\\Ensayo2027\\node_modules\\.pnpm\\express@4.22.2\\node_modules\\express\\lib\\router\\layer.js:95:5)\n    at next (C:\\xampp\\htdocs\\2026\\Ensayo2027\\node_modules\\.pnpm\\express@4.22.2\\node_modules\\express\\lib\\router\\route.js:149:13)\n    at done (C:\\xampp\\htdocs\\2026\\Ensayo2027\\node_modules\\.pnpm\\multer@2.2.0\\node_modules\\multer\\lib\\make-middleware.js:70:7)\n    at indicateDone (C:\\xampp\\htdocs\\2026\\Ensayo2027\\node_modules\\.pnpm\\multer@2.2.0\\node_modules\\multer\\lib\\make-middleware.js:74:68)\n    at C:\\xampp\\htdocs\\2026\\Ensayo2027\\node_modules\\.pnpm\\multer@2.2.0\\node_modules\\multer\\lib\\make-middleware.js:247:11\n    at WriteStream.<anonymous> (C:\\xampp\\htdocs\\2026\\Ensayo2027\\node_modules\\.pnpm\\multer@2.2.0\\node_modules\\multer\\storage\\disk.js:47:9)\n    at WriteStream.emit (node:events:521:24)\n    at finish (node:internal/streams/writable:953:10)\n    at node:internal/streams/writable:934:13\n    at process.processTicksAndRejections (node:internal/process/task_queues:90:21)","timestamp":"2026-08-03 16:19:47"}
{"level":"info","message":"POST /api/participante/subir-archivo-requisito 500 - 14ms","timestamp":"2026-08-03 16:19:47"}
{"level":"info","message":"[SOCKET] Conexión establecida: alan (Alan Escudero Alvarez) [ID: sZLND1fMkLjugTBiAAAB]","timestamp":"2026-08-03 16:21:45"}
{"level":"info","message":"[SOCKET] Conexión establecida: validador (Validador Valdes IECM) [ID: v1F2GjnYiUiwfvqHAAAD]","timestamp":"2026-08-03 16:21:48"}
{"level":"info","message":"[SOCKET] Conexión establecida: alan (Alan Escudero Alvarez) [ID: 2NV-o28mkj3_9_ZAAAAB]","timestamp":"2026-08-03 16:22:49"}
{"level":"info","message":"[SOCKET] Conexión establecida: validador (Validador Valdes IECM) [ID: vOToqLPWlwWou0soAAAD]","timestamp":"2026-08-03 16:22:51"}
{"level":"info","message":"[SOCKET] Conexión establecida: validador (Validador Valdes IECM) [ID: b7M3-wWZRK40GX8WAAAC]","timestamp":"2026-08-03 16:23:06"}
{"level":"info","message":"[SOCKET] Conexión establecida: alan (Alan Escudero Alvarez) [ID: NfMNKF0Qn1R-tO2JAAAD]","timestamp":"2026-08-03 16:23:06"}
{"level":"info","message":"[SOCKET] Conexión cerrada: alan [ID: NfMNKF0Qn1R-tO2JAAAD]","timestamp":"2026-08-03 16:26:37"}
{"level":"info","message":"GET /api/catalogos/tema 200 - 7ms","timestamp":"2026-08-03 16:26:37"}
{"level":"info","message":"GET /api/catalogos/tema 200 - 11ms","timestamp":"2026-08-03 16:26:37"}
{"level":"info","message":"GET /api/catalogos/convocatoria-activa 200 - 16ms","timestamp":"2026-08-03 16:26:37"}
{"level":"info","message":"GET /api/notificaciones 200 - 22ms","timestamp":"2026-08-03 16:26:37"}
{"level":"info","message":"GET /api/catalogos/alcaldias 200 - 14ms","timestamp":"2026-08-03 16:26:37"}
{"level":"info","message":"GET /api/catalogos/te-enteraste 200 - 17ms","timestamp":"2026-08-03 16:26:37"}
{"level":"info","message":"GET /api/catalogos/manifestaciones 200 - 15ms","timestamp":"2026-08-03 16:26:37"}
{"level":"info","message":"GET /api/catalogos/categorias 200 - 29ms","timestamp":"2026-08-03 16:26:37"}
{"level":"info","message":"[SOCKET] Conexión establecida: alan (Alan Escudero Alvarez) [ID: p-WhlDOvoUAMNxvsAAAG]","timestamp":"2026-08-03 16:26:37"}
{"level":"info","message":"GET /api/participante/mi-registro 304 - 11ms","timestamp":"2026-08-03 16:26:38"}
{"level":"info","message":"GET /api/catalogos/requisitos-archivos 304 - 4ms","timestamp":"2026-08-03 16:26:38"}
{"level":"info","message":"GET /api/participante/mis-archivos 200 - 15ms","timestamp":"2026-08-03 16:26:38"}
{"level":"info","message":"GET /api/admin/participante-archivos/5 304 - 8ms","timestamp":"2026-08-03 16:26:43"}
{"level":"info","message":"POST /api/participante/subir-archivo-requisito 200 - 38ms","timestamp":"2026-08-03 16:26:49"}
{"level":"info","message":"GET /api/catalogos/requisitos-archivos 304 - 7ms","timestamp":"2026-08-03 16:26:49"}
{"level":"info","message":"GET /api/participante/mis-archivos 200 - 14ms","timestamp":"2026-08-03 16:26:49"}
{"level":"info","message":"[SOCKET] Conexión cerrada: validador [ID: b7M3-wWZRK40GX8WAAAC]","timestamp":"2026-08-03 16:27:00"}
{"level":"info","message":"GET /api/catalogos/tema 304 - 4ms","timestamp":"2026-08-03 16:27:00"}
{"level":"info","message":"GET /api/catalogos/convocatoria-activa 304 - 7ms","timestamp":"2026-08-03 16:27:00"}
{"level":"info","message":"GET /api/catalogos/tema 304 - 7ms","timestamp":"2026-08-03 16:27:00"}
{"level":"info","message":"GET /api/notificaciones 304 - 14ms","timestamp":"2026-08-03 16:27:00"}
{"level":"info","message":"GET /api/admin/participantes 304 - 21ms","timestamp":"2026-08-03 16:27:00"}
{"level":"info","message":"GET /api/catalogos/categorias 304 - 21ms","timestamp":"2026-08-03 16:27:00"}
{"level":"info","message":"[SOCKET] Conexión establecida: validador (Validador Valdes IECM) [ID: 2zfaMI7JlK_sxDcsAAAJ]","timestamp":"2026-08-03 16:27:00"}
{"level":"info","message":"GET /api/admin/participante-archivos/5 200 - 19ms","timestamp":"2026-08-03 16:27:02"}
{"level":"info","message":"GET /api/documentos/4bf3b42b-1628-45ff-b3aa-9ce887f5c42a.pdf?token=eyJhbGciOiJIUzI1NiIsInR5cCI6IkpXVCJ9.eyJpZF91c3VhcmlvIjo3LCJ1c3VhcmlvIjoidmFsaWRhZG9yIiwiaWRfdGlwb3VzdWFyaW8iOjIsInNlc3Npb25faWQiOiJhNDE1Nzk2Yy04MDQ1LTRmNWMtOGZhNy05NmFhNzY0MGRmNjUiLCJpYXQiOjE3ODU3OTEzNzAsImV4cCI6MTc4NTgyMDE3MH0.yJBFL_jehGbhuibBxZjCOf0fU94IQZNxTZgj2XjoUgg 200 - 9ms","timestamp":"2026-08-03 16:27:05"}
{"level":"info","message":"[SOCKET] Conexión cerrada: validador [ID: 2zfaMI7JlK_sxDcsAAAJ]","timestamp":"2026-08-03 16:27:17"}
{"level":"info","message":"GET /api/catalogos/tema 304 - 6ms","timestamp":"2026-08-03 16:27:18"}
{"level":"info","message":"GET /api/notificaciones 304 - 15ms","timestamp":"2026-08-03 16:27:18"}
{"level":"info","message":"GET /api/catalogos/convocatoria-activa 304 - 17ms","timestamp":"2026-08-03 16:27:18"}
{"level":"info","message":"GET /api/catalogos/tema 304 - 20ms","timestamp":"2026-08-03 16:27:18"}
{"level":"info","message":"[SOCKET] Conexión establecida: validador (Validador Valdes IECM) [ID: Z2pU_Q38fHRlqOIOAAAM]","timestamp":"2026-08-03 16:27:18"}
{"level":"info","message":"GET /api/catalogos/categorias 304 - 27ms","timestamp":"2026-08-03 16:27:18"}
{"level":"info","message":"GET /api/admin/participantes 304 - 38ms","timestamp":"2026-08-03 16:27:18"}
{"level":"info","message":"GET /api/admin/participante-archivos/5 304 - 7ms","timestamp":"2026-08-03 16:27:19"}
{"level":"info","message":"GET /api/admin/participante-archivos/5 304 - 6ms","timestamp":"2026-08-03 16:32:57"}
{"level":"info","message":"[SOCKET] Conexión establecida: alan (Alan Escudero Alvarez) [ID: hiNUf6B4kGu8WLxLAAAB]","timestamp":"2026-08-03 16:34:33"}
{"level":"info","message":"[SOCKET] Conexión establecida: validador (Validador Valdes IECM) [ID: fI3CXUScEWIVJUKXAAAD]","timestamp":"2026-08-03 16:34:33"}
{"level":"info","message":"[SOCKET] Conexión cerrada: validador [ID: fI3CXUScEWIVJUKXAAAD]","timestamp":"2026-08-03 16:34:58"}
{"level":"info","message":"[SOCKET] Conexión cerrada: alan [ID: hiNUf6B4kGu8WLxLAAAB]","timestamp":"2026-08-03 16:34:59"}
{"level":"info","message":"GET /api/catalogos/tema 304 - 4ms","timestamp":"2026-08-03 16:35:37"}
{"level":"info","message":"GET /api/catalogos/convocatoria-activa 304 - 18ms","timestamp":"2026-08-03 16:35:37"}
{"level":"info","message":"GET /api/catalogos/tema 304 - 23ms","timestamp":"2026-08-03 16:35:37"}
{"level":"info","message":"GET /api/notificaciones 304 - 44ms","timestamp":"2026-08-03 16:35:37"}
{"level":"info","message":"[SOCKET] Conexión establecida: validador (Validador Valdes IECM) [ID: AmMKJ5FWRlC7AGW4AAAG]","timestamp":"2026-08-03 16:35:37"}
{"level":"info","message":"GET /api/catalogos/categorias 304 - 40ms","timestamp":"2026-08-03 16:35:37"}
{"level":"info","message":"GET /api/admin/participantes 304 - 50ms","timestamp":"2026-08-03 16:35:37"}
{"level":"info","message":"GET /api/catalogos/tema 304 - 3ms","timestamp":"2026-08-03 16:35:37"}
{"level":"info","message":"GET /api/catalogos/tema 304 - 5ms","timestamp":"2026-08-03 16:35:37"}
{"level":"info","message":"GET /api/catalogos/convocatoria-activa 304 - 8ms","timestamp":"2026-08-03 16:35:37"}
{"level":"info","message":"GET /api/notificaciones 304 - 13ms","timestamp":"2026-08-03 16:35:37"}
{"level":"info","message":"GET /api/catalogos/alcaldias 304 - 8ms","timestamp":"2026-08-03 16:35:37"}
{"level":"info","message":"GET /api/catalogos/te-enteraste 304 - 8ms","timestamp":"2026-08-03 16:35:37"}
{"level":"info","message":"GET /api/catalogos/categorias 304 - 12ms","timestamp":"2026-08-03 16:35:37"}
{"level":"info","message":"GET /api/catalogos/manifestaciones 304 - 5ms","timestamp":"2026-08-03 16:35:37"}
{"level":"info","message":"[SOCKET] Conexión establecida: alan (Alan Escudero Alvarez) [ID: 0dmeqMI-oUvMgv5JAAAJ]","timestamp":"2026-08-03 16:35:37"}
{"level":"info","message":"GET /api/participante/mi-registro 304 - 19ms","timestamp":"2026-08-03 16:35:37"}
{"level":"info","message":"GET /api/catalogos/requisitos-archivos 304 - 11ms","timestamp":"2026-08-03 16:35:37"}
{"level":"info","message":"GET /api/participante/mis-archivos 304 - 23ms","timestamp":"2026-08-03 16:35:38"}
{"level":"info","message":"[SOCKET] Conexión establecida: validador (Validador Valdes IECM) [ID: WX82AdWeBPNA1stgAAAB]","timestamp":"2026-08-03 16:35:46"}
{"level":"info","message":"[SOCKET] Conexión establecida: alan (Alan Escudero Alvarez) [ID: fnnsBesfBpIZR7IwAAAD]","timestamp":"2026-08-03 16:35:48"}
{"level":"info","message":"GET /api/admin/participante-archivos/5 304 - 8ms","timestamp":"2026-08-03 16:37:12"}
{"level":"info","message":"[SOCKET] Conexión cerrada: validador [ID: WX82AdWeBPNA1stgAAAB]","timestamp":"2026-08-03 16:37:16"}
{"level":"info","message":"GET /api/catalogos/tema 200 - 8ms","timestamp":"2026-08-03 16:37:16"}
{"level":"info","message":"GET /api/catalogos/convocatoria-activa 200 - 19ms","timestamp":"2026-08-03 16:37:16"}
{"level":"info","message":"GET /api/catalogos/tema 200 - 23ms","timestamp":"2026-08-03 16:37:16"}
{"level":"info","message":"[SOCKET] Conexión establecida: validador (Validador Valdes IECM) [ID: CaEfFtBrZP2QyYLWAAAG]","timestamp":"2026-08-03 16:37:16"}
{"level":"info","message":"GET /api/notificaciones 200 - 40ms","timestamp":"2026-08-03 16:37:16"}
{"level":"info","message":"GET /api/admin/participantes 200 - 46ms","timestamp":"2026-08-03 16:37:16"}
{"level":"info","message":"GET /api/catalogos/categorias 200 - 35ms","timestamp":"2026-08-03 16:37:16"}
{"level":"info","message":"GET /api/admin/participante-archivos/5 304 - 4ms","timestamp":"2026-08-03 16:37:17"}
{"level":"info","message":"GET /api/admin/participante-archivos/4 200 - 4ms","timestamp":"2026-08-03 16:37:21"}
{"level":"info","message":"GET /api/documentos/a1044cff-62c1-4946-8b6d-37e227773910.pdf?token=eyJhbGciOiJIUzI1NiIsInR5cCI6IkpXVCJ9.eyJpZF91c3VhcmlvIjo3LCJ1c3VhcmlvIjoidmFsaWRhZG9yIiwiaWRfdGlwb3VzdWFyaW8iOjIsInNlc3Npb25faWQiOiJhNDE1Nzk2Yy04MDQ1LTRmNWMtOGZhNy05NmFhNzY0MGRmNjUiLCJpYXQiOjE3ODU3OTEzNzAsImV4cCI6MTc4NTgyMDE3MH0.yJBFL_jehGbhuibBxZjCOf0fU94IQZNxTZgj2XjoUgg 200 - 13ms","timestamp":"2026-08-03 16:37:25"}
{"level":"info","message":"GET /api/admin/participante-archivos/5 304 - 4ms","timestamp":"2026-08-03 16:37:33"}
{"level":"info","message":"POST /api/participante/subir-archivo-requisito 200 - 48ms","timestamp":"2026-08-03 16:37:50"}
{"level":"info","message":"GET /api/catalogos/requisitos-archivos 304 - 7ms","timestamp":"2026-08-03 16:37:50"}
{"level":"info","message":"GET /api/participante/mis-archivos 200 - 13ms","timestamp":"2026-08-03 16:37:50"}
{"level":"info","message":"GET /api/admin/participante-archivos/5 200 - 9ms","timestamp":"2026-08-03 16:37:53"}
{"level":"info","message":"[SOCKET] Forzando cierre de conexión para usuario ID: 7","timestamp":"2026-08-03 16:38:08"}
{"level":"info","message":"[SOCKET] Conexión cerrada: validador [ID: CaEfFtBrZP2QyYLWAAAG]","timestamp":"2026-08-03 16:38:08"}
{"level":"info","message":"POST /api/auth/logout 200 - 11ms","timestamp":"2026-08-03 16:38:08"}
{"level":"info","message":"GET /api/catalogos/convocatoria-activa 304 - 3ms","timestamp":"2026-08-03 16:38:08"}
{"level":"info","message":"GET /api/catalogos/categorias 304 - 5ms","timestamp":"2026-08-03 16:38:08"}
{"level":"info","message":"POST /api/auth/login 200 - 77ms","timestamp":"2026-08-03 16:38:14"}
{"level":"info","message":"[SOCKET] Conexión establecida: superadmin (Superadmin Sistema IECM) [ID: 7QEfLpsuKhe2mWhJAAAI]","timestamp":"2026-08-03 16:38:14"}
{"level":"info","message":"[SOCKET] Conexión cerrada: superadmin [ID: 7QEfLpsuKhe2mWhJAAAI]","timestamp":"2026-08-03 16:38:16"}
{"level":"info","message":"GET /api/catalogos/convocatoria-activa 304 - 9ms","timestamp":"2026-08-03 16:38:16"}
{"level":"info","message":"GET /api/catalogos/tema 304 - 13ms","timestamp":"2026-08-03 16:38:16"}
{"level":"info","message":"GET /api/notificaciones 304 - 26ms","timestamp":"2026-08-03 16:38:16"}
{"level":"info","message":"GET /api/catalogos/categorias 304 - 30ms","timestamp":"2026-08-03 16:38:16"}
{"level":"info","message":"[SOCKET] Conexión establecida: superadmin (Superadmin Sistema IECM) [ID: GGCAD3D0Q7oV42caAAAK]","timestamp":"2026-08-03 16:38:16"}
{"level":"info","message":"GET /api/superadmin/usuarios 200 - 39ms","timestamp":"2026-08-03 16:38:16"}
{"level":"info","message":"GET /api/superadmin/convocatorias 304 - 7ms","timestamp":"2026-08-03 16:38:19"}
{"level":"info","message":"GET /api/superadmin/categorias/1 304 - 5ms","timestamp":"2026-08-03 16:38:19"}
{"level":"info","message":"GET /api/superadmin/requisitos-archivos/1 304 - 6ms","timestamp":"2026-08-03 16:38:19"}
{"level":"info","message":"PATCH /api/superadmin/requisitos-archivos/1/status 200 - 10ms","timestamp":"2026-08-03 16:38:25"}
{"level":"info","message":"GET /api/superadmin/requisitos-archivos/1 200 - 5ms","timestamp":"2026-08-03 16:38:25"}
{"level":"info","message":"[SOCKET] Conexión cerrada: alan [ID: fnnsBesfBpIZR7IwAAAD]","timestamp":"2026-08-03 16:38:29"}
{"level":"info","message":"GET /api/catalogos/tema 200 - 5ms","timestamp":"2026-08-03 16:38:29"}
{"level":"info","message":"GET /api/catalogos/tema 200 - 4ms","timestamp":"2026-08-03 16:38:29"}
{"level":"info","message":"GET /api/catalogos/convocatoria-activa 200 - 6ms","timestamp":"2026-08-03 16:38:29"}
{"level":"info","message":"GET /api/notificaciones 200 - 12ms","timestamp":"2026-08-03 16:38:30"}
{"level":"info","message":"GET /api/catalogos/alcaldias 200 - 8ms","timestamp":"2026-08-03 16:38:30"}
{"level":"info","message":"GET /api/catalogos/categorias 200 - 13ms","timestamp":"2026-08-03 16:38:30"}
{"level":"info","message":"GET /api/catalogos/te-enteraste 200 - 10ms","timestamp":"2026-08-03 16:38:30"}
{"level":"info","message":"GET /api/catalogos/manifestaciones 200 - 8ms","timestamp":"2026-08-03 16:38:30"}
{"level":"info","message":"[SOCKET] Conexión establecida: alan (Alan Escudero Alvarez) [ID: iHryvBtql_5KeBQ8AAAN]","timestamp":"2026-08-03 16:38:30"}
{"level":"info","message":"GET /api/participante/mi-registro 200 - 9ms","timestamp":"2026-08-03 16:38:30"}
{"level":"info","message":"GET /api/catalogos/requisitos-archivos 200 - 3ms","timestamp":"2026-08-03 16:38:30"}
{"level":"info","message":"GET /api/participante/mis-archivos 304 - 6ms","timestamp":"2026-08-03 16:38:30"}
{"level":"info","message":"PATCH /api/superadmin/requisitos-archivos/1/status 200 - 8ms","timestamp":"2026-08-03 16:38:35"}
{"level":"info","message":"GET /api/superadmin/requisitos-archivos/1 200 - 4ms","timestamp":"2026-08-03 16:38:35"}
{"level":"info","message":"[SOCKET] Conexión cerrada: alan [ID: iHryvBtql_5KeBQ8AAAN]","timestamp":"2026-08-03 16:38:37"}
{"level":"info","message":"GET /api/catalogos/tema 200 - 4ms","timestamp":"2026-08-03 16:38:37"}
{"level":"info","message":"GET /api/catalogos/convocatoria-activa 200 - 9ms","timestamp":"2026-08-03 16:38:37"}
{"level":"info","message":"GET /api/catalogos/tema 200 - 7ms","timestamp":"2026-08-03 16:38:37"}
{"level":"info","message":"GET /api/notificaciones 200 - 13ms","timestamp":"2026-08-03 16:38:37"}
{"level":"info","message":"GET /api/catalogos/alcaldias 200 - 6ms","timestamp":"2026-08-03 16:38:37"}
{"level":"info","message":"GET /api/catalogos/te-enteraste 200 - 6ms","timestamp":"2026-08-03 16:38:37"}
{"level":"info","message":"GET /api/catalogos/categorias 200 - 13ms","timestamp":"2026-08-03 16:38:37"}
{"level":"info","message":"GET /api/catalogos/manifestaciones 200 - 4ms","timestamp":"2026-08-03 16:38:37"}
{"level":"info","message":"[SOCKET] Conexión establecida: alan (Alan Escudero Alvarez) [ID: TJFL2v7jeTLaW1ELAAAQ]","timestamp":"2026-08-03 16:38:37"}
{"level":"info","message":"GET /api/participante/mi-registro 304 - 9ms","timestamp":"2026-08-03 16:38:37"}
{"level":"info","message":"GET /api/catalogos/requisitos-archivos 200 - 4ms","timestamp":"2026-08-03 16:38:37"}
{"level":"info","message":"GET /api/participante/mis-archivos 304 - 6ms","timestamp":"2026-08-03 16:38:37"}
{"level":"info","message":"GET /api/documentos/b4a2dd94-51f7-464a-ad7f-81515fa68b3d.pdf?token=eyJhbGciOiJIUzI1NiIsInR5cCI6IkpXVCJ9.eyJpZF91c3VhcmlvIjo5LCJ1c3VhcmlvIjoiYWxhbiIsImlkX3RpcG91c3VhcmlvIjoxLCJzZXNzaW9uX2lkIjoiOGE2NTZlMDQtNjdiMC00NDZkLWFhOTItYmM5ZGZmMmM3MGQ4IiwiaWF0IjoxNzg1Nzg5MzM2LCJleHAiOjE3ODU4MTgxMzZ9.cex9vcnRLEIneZTen7HhlsBzU14DsmLug1QbZobrh4g 200 - 5ms","timestamp":"2026-08-03 16:38:42"}
{"level":"info","message":"GET /api/documentos/b4a2dd94-51f7-464a-ad7f-81515fa68b3d.pdf?token=eyJhbGciOiJIUzI1NiIsInR5cCI6IkpXVCJ9.eyJpZF91c3VhcmlvIjo5LCJ1c3VhcmlvIjoiYWxhbiIsImlkX3RpcG91c3VhcmlvIjoxLCJzZXNzaW9uX2lkIjoiOGE2NTZlMDQtNjdiMC00NDZkLWFhOTItYmM5ZGZmMmM3MGQ4IiwiaWF0IjoxNzg1Nzg5MzM2LCJleHAiOjE3ODU4MTgxMzZ9.cex9vcnRLEIneZTen7HhlsBzU14DsmLug1QbZobrh4g 206 - 4ms","timestamp":"2026-08-03 16:38:42"}
{"level":"info","message":"GET /api/documentos/b4a2dd94-51f7-464a-ad7f-81515fa68b3d.pdf?token=eyJhbGciOiJIUzI1NiIsInR5cCI6IkpXVCJ9.eyJpZF91c3VhcmlvIjo5LCJ1c3VhcmlvIjoiYWxhbiIsImlkX3RpcG91c3VhcmlvIjoxLCJzZXNzaW9uX2lkIjoiOGE2NTZlMDQtNjdiMC00NDZkLWFhOTItYmM5ZGZmMmM3MGQ4IiwiaWF0IjoxNzg1Nzg5MzM2LCJleHAiOjE3ODU4MTgxMzZ9.cex9vcnRLEIneZTen7HhlsBzU14DsmLug1QbZobrh4g 200 - 4ms","timestamp":"2026-08-03 16:38:42"}
{"level":"info","message":"GET /api/documentos/b4a2dd94-51f7-464a-ad7f-81515fa68b3d.pdf?token=eyJhbGciOiJIUzI1NiIsInR5cCI6IkpXVCJ9.eyJpZF91c3VhcmlvIjo5LCJ1c3VhcmlvIjoiYWxhbiIsImlkX3RpcG91c3VhcmlvIjoxLCJzZXNzaW9uX2lkIjoiOGE2NTZlMDQtNjdiMC00NDZkLWFhOTItYmM5ZGZmMmM3MGQ4IiwiaWF0IjoxNzg1Nzg5MzM2LCJleHAiOjE3ODU4MTgxMzZ9.cex9vcnRLEIneZTen7HhlsBzU14DsmLug1QbZobrh4g 304 - 3ms","timestamp":"2026-08-03 16:38:58"}
{"level":"info","message":"GET /api/documentos/b4a2dd94-51f7-464a-ad7f-81515fa68b3d.pdf?token=eyJhbGciOiJIUzI1NiIsInR5cCI6IkpXVCJ9.eyJpZF91c3VhcmlvIjo5LCJ1c3VhcmlvIjoiYWxhbiIsImlkX3RpcG91c3VhcmlvIjoxLCJzZXNzaW9uX2lkIjoiOGE2NTZlMDQtNjdiMC00NDZkLWFhOTItYmM5ZGZmMmM3MGQ4IiwiaWF0IjoxNzg1Nzg5MzM2LCJleHAiOjE3ODU4MTgxMzZ9.cex9vcnRLEIneZTen7HhlsBzU14DsmLug1QbZobrh4g 206 - 3ms","timestamp":"2026-08-03 16:38:58"}
{"level":"info","message":"GET /api/documentos/b4a2dd94-51f7-464a-ad7f-81515fa68b3d.pdf?token=eyJhbGciOiJIUzI1NiIsInR5cCI6IkpXVCJ9.eyJpZF91c3VhcmlvIjo5LCJ1c3VhcmlvIjoiYWxhbiIsImlkX3RpcG91c3VhcmlvIjoxLCJzZXNzaW9uX2lkIjoiOGE2NTZlMDQtNjdiMC00NDZkLWFhOTItYmM5ZGZmMmM3MGQ4IiwiaWF0IjoxNzg1Nzg5MzM2LCJleHAiOjE3ODU4MTgxMzZ9.cex9vcnRLEIneZTen7HhlsBzU14DsmLug1QbZobrh4g 200 - 3ms","timestamp":"2026-08-03 16:38:58"}
{"level":"info","message":"[SOCKET] Forzando cierre de conexión para usuario ID: 1","timestamp":"2026-08-03 16:39:05"}
{"level":"info","message":"[SOCKET] Conexión cerrada: superadmin [ID: GGCAD3D0Q7oV42caAAAK]","timestamp":"2026-08-03 16:39:05"}
{"level":"info","message":"POST /api/auth/logout 200 - 11ms","timestamp":"2026-08-03 16:39:05"}
{"level":"info","message":"GET /api/catalogos/convocatoria-activa 304 - 3ms","timestamp":"2026-08-03 16:39:06"}
{"level":"info","message":"GET /api/catalogos/categorias 304 - 7ms","timestamp":"2026-08-03 16:39:06"}
{"level":"info","message":"POST /api/auth/login 200 - 73ms","timestamp":"2026-08-03 16:39:44"}
{"level":"info","message":"[SOCKET] Conexión establecida: validador (Validador Valdes IECM) [ID: 7oUTTBooVh5GP0ZEAAAS]","timestamp":"2026-08-03 16:39:44"}
{"level":"info","message":"[SOCKET] Conexión cerrada: validador [ID: 7oUTTBooVh5GP0ZEAAAS]","timestamp":"2026-08-03 16:39:46"}
{"level":"info","message":"GET /api/catalogos/convocatoria-activa 304 - 5ms","timestamp":"2026-08-03 16:39:46"}
{"level":"info","message":"GET /api/catalogos/tema 304 - 10ms","timestamp":"2026-08-03 16:39:46"}
{"level":"info","message":"GET /api/notificaciones 304 - 15ms","timestamp":"2026-08-03 16:39:46"}
{"level":"info","message":"GET /api/catalogos/categorias 304 - 16ms","timestamp":"2026-08-03 16:39:46"}
{"level":"info","message":"[SOCKET] Conexión establecida: validador (Validador Valdes IECM) [ID: 6ztkqG8d435btagcAAAU]","timestamp":"2026-08-03 16:39:46"}
{"level":"info","message":"GET /api/admin/participantes 200 - 23ms","timestamp":"2026-08-03 16:39:46"}
{"level":"info","message":"GET /api/admin/participante-archivos/5 304 - 8ms","timestamp":"2026-08-03 16:39:50"}
{"level":"info","message":"[SOCKET] Conexión cerrada: alan [ID: TJFL2v7jeTLaW1ELAAAQ]","timestamp":"2026-08-03 16:41:19"}
{"level":"info","message":"GET /api/catalogos/tema 304 - 5ms","timestamp":"2026-08-03 16:41:19"}
{"level":"info","message":"GET /api/notificaciones 401 - 10ms","timestamp":"2026-08-03 16:41:19"}
{"level":"info","message":"GET /api/catalogos/convocatoria-activa 304 - 11ms","timestamp":"2026-08-03 16:41:19"}
{"level":"info","message":"GET /api/catalogos/alcaldias 304 - 8ms","timestamp":"2026-08-03 16:41:19"}
{"level":"info","message":"GET /api/catalogos/categorias 304 - 22ms","timestamp":"2026-08-03 16:41:19"}
{"level":"info","message":"GET /api/catalogos/te-enteraste 304 - 13ms","timestamp":"2026-08-03 16:41:19"}
{"level":"info","message":"GET /api/catalogos/manifestaciones 304 - 18ms","timestamp":"2026-08-03 16:41:19"}
{"level":"info","message":"GET /api/catalogos/tema 304 - 17ms","timestamp":"2026-08-03 16:41:19"}
{"level":"info","message":"GET /api/participante/mi-registro 401 - 1ms","timestamp":"2026-08-03 16:41:19"}
{"level":"info","message":"GET /api/catalogos/requisitos-archivos 304 - 6ms","timestamp":"2026-08-03 16:41:19"}
{"level":"info","message":"GET /api/participante/mis-archivos 401 - 1ms","timestamp":"2026-08-03 16:41:19"}
{"level":"info","message":"GET /api/catalogos/convocatoria-activa 304 - 2ms","timestamp":"2026-08-03 16:41:19"}
{"level":"info","message":"GET /api/catalogos/categorias 304 - 4ms","timestamp":"2026-08-03 16:41:19"}
{"level":"info","message":"GET /api/catalogos/categorias 304 - 7ms","timestamp":"2026-08-03 16:41:23"}
{"level":"info","message":"POST /api/auth/registro 201 - 92ms","timestamp":"2026-08-03 16:42:13"}
{"level":"info","message":"GET /api/catalogos/convocatoria-activa 304 - 5ms","timestamp":"2026-08-03 16:42:14"}
{"level":"info","message":"GET /api/catalogos/categorias 304 - 8ms","timestamp":"2026-08-03 16:42:14"}
{"level":"info","message":"POST /api/auth/login 401 - 70ms","timestamp":"2026-08-03 16:42:20"}
{"level":"info","message":"POST /api/auth/login 200 - 80ms","timestamp":"2026-08-03 16:42:28"}
{"level":"info","message":"[SOCKET] Conexión establecida: alan (Alan Escudero Alvarez) [ID: IREztv-I6KFkMkCEAAAZ]","timestamp":"2026-08-03 16:42:28"}
{"level":"info","message":"[SOCKET] Conexión cerrada: alan [ID: IREztv-I6KFkMkCEAAAZ]","timestamp":"2026-08-03 16:42:29"}
{"level":"info","message":"GET /api/catalogos/tema 304 - 4ms","timestamp":"2026-08-03 16:42:29"}
{"level":"info","message":"GET /api/catalogos/convocatoria-activa 304 - 7ms","timestamp":"2026-08-03 16:42:29"}
{"level":"info","message":"GET /api/notificaciones 304 - 16ms","timestamp":"2026-08-03 16:42:29"}
{"level":"info","message":"GET /api/catalogos/alcaldias 304 - 11ms","timestamp":"2026-08-03 16:42:29"}
{"level":"info","message":"GET /api/catalogos/te-enteraste 304 - 15ms","timestamp":"2026-08-03 16:42:29"}
{"level":"info","message":"GET /api/catalogos/categorias 304 - 21ms","timestamp":"2026-08-03 16:42:29"}
{"level":"info","message":"GET /api/catalogos/manifestaciones 304 - 8ms","timestamp":"2026-08-03 16:42:29"}
{"level":"info","message":"[SOCKET] Conexión establecida: alan (Alan Escudero Alvarez) [ID: msejKGuQrPWf45g6AAAb]","timestamp":"2026-08-03 16:42:29"}
{"level":"info","message":"GET /api/participante/mi-registro 200 - 9ms","timestamp":"2026-08-03 16:42:29"}
{"level":"info","message":"GET /api/catalogos/requisitos-archivos 304 - 4ms","timestamp":"2026-08-03 16:42:29"}
{"level":"info","message":"GET /api/participante/mis-archivos 200 - 5ms","timestamp":"2026-08-03 16:42:30"}
{"level":"info","message":"[SOCKET] Conexión cerrada: validador [ID: 6ztkqG8d435btagcAAAU]","timestamp":"2026-08-03 16:42:38"}
{"level":"info","message":"GET /api/catalogos/tema 304 - 5ms","timestamp":"2026-08-03 16:42:38"}
{"level":"info","message":"GET /api/catalogos/convocatoria-activa 304 - 11ms","timestamp":"2026-08-03 16:42:38"}
{"level":"info","message":"GET /api/notificaciones 304 - 19ms","timestamp":"2026-08-03 16:42:38"}
{"level":"info","message":"GET /api/admin/participantes 200 - 25ms","timestamp":"2026-08-03 16:42:38"}
{"level":"info","message":"GET /api/catalogos/tema 304 - 8ms","timestamp":"2026-08-03 16:42:38"}
{"level":"info","message":"GET /api/catalogos/categorias 304 - 17ms","timestamp":"2026-08-03 16:42:38"}
{"level":"info","message":"[SOCKET] Conexión establecida: validador (Validador Valdes IECM) [ID: W94LX4uFma5aa74zAAAe]","timestamp":"2026-08-03 16:42:38"}
{"level":"info","message":"GET /api/admin/participante-archivos/6 200 - 4ms","timestamp":"2026-08-03 16:42:41"}
{"level":"info","message":"POST /api/participante/subir-archivo-requisito 200 - 24ms","timestamp":"2026-08-03 16:42:46"}
{"level":"info","message":"GET /api/catalogos/requisitos-archivos 304 - 6ms","timestamp":"2026-08-03 16:42:46"}
{"level":"info","message":"GET /api/participante/mis-archivos 200 - 10ms","timestamp":"2026-08-03 16:42:46"}
{"level":"info","message":"[SOCKET] Conexión cerrada: validador [ID: W94LX4uFma5aa74zAAAe]","timestamp":"2026-08-03 16:42:50"}
{"level":"info","message":"GET /api/catalogos/tema 304 - 4ms","timestamp":"2026-08-03 16:42:50"}
{"level":"info","message":"GET /api/catalogos/convocatoria-activa 304 - 7ms","timestamp":"2026-08-03 16:42:50"}
{"level":"info","message":"GET /api/notificaciones 304 - 18ms","timestamp":"2026-08-03 16:42:50"}
{"level":"info","message":"GET /api/catalogos/tema 304 - 12ms","timestamp":"2026-08-03 16:42:50"}
{"level":"info","message":"GET /api/admin/participantes 200 - 25ms","timestamp":"2026-08-03 16:42:50"}
{"level":"info","message":"GET /api/catalogos/categorias 304 - 25ms","timestamp":"2026-08-03 16:42:50"}
{"level":"info","message":"[SOCKET] Conexión establecida: validador (Validador Valdes IECM) [ID: Qq98tRkATkjLXSolAAAh]","timestamp":"2026-08-03 16:42:50"}
{"level":"info","message":"GET /api/admin/participante-archivos/6 200 - 6ms","timestamp":"2026-08-03 16:42:51"}
{"level":"info","message":"[SOCKET] Conexión cerrada: alan [ID: msejKGuQrPWf45g6AAAb]","timestamp":"2026-08-03 16:44:21"}
{"level":"info","message":"GET /api/catalogos/tema 304 - 3ms","timestamp":"2026-08-03 16:44:21"}
{"level":"info","message":"GET /api/catalogos/convocatoria-activa 304 - 6ms","timestamp":"2026-08-03 16:44:21"}
{"level":"info","message":"GET /api/catalogos/alcaldias 304 - 9ms","timestamp":"2026-08-03 16:44:21"}
{"level":"info","message":"GET /api/notificaciones 304 - 14ms","timestamp":"2026-08-03 16:44:21"}
{"level":"info","message":"GET /api/catalogos/te-enteraste 304 - 10ms","timestamp":"2026-08-03 16:44:21"}
{"level":"info","message":"GET /api/catalogos/manifestaciones 304 - 8ms","timestamp":"2026-08-03 16:44:21"}
{"level":"info","message":"GET /api/catalogos/categorias 304 - 15ms","timestamp":"2026-08-03 16:44:21"}
{"level":"info","message":"GET /api/catalogos/tema 304 - 8ms","timestamp":"2026-08-03 16:44:21"}
{"level":"info","message":"[SOCKET] Conexión establecida: alan (Alan Escudero Alvarez) [ID: 4wYQIi-WSUn4MJW9AAAk]","timestamp":"2026-08-03 16:44:21"}
{"level":"info","message":"GET /api/participante/mi-registro 200 - 8ms","timestamp":"2026-08-03 16:44:21"}
{"level":"info","message":"GET /api/catalogos/requisitos-archivos 304 - 5ms","timestamp":"2026-08-03 16:44:21"}
{"level":"info","message":"GET /api/participante/mis-archivos 304 - 5ms","timestamp":"2026-08-03 16:44:21"}
{"level":"info","message":"[SOCKET] Conexión cerrada: alan [ID: 4wYQIi-WSUn4MJW9AAAk]","timestamp":"2026-08-03 16:44:28"}
{"level":"info","message":"GET /api/catalogos/tema 304 - 4ms","timestamp":"2026-08-03 16:44:28"}
{"level":"info","message":"GET /api/notificaciones 304 - 8ms","timestamp":"2026-08-03 16:44:28"}
{"level":"info","message":"GET /api/catalogos/convocatoria-activa 304 - 7ms","timestamp":"2026-08-03 16:44:28"}
{"level":"info","message":"GET /api/catalogos/alcaldias 304 - 11ms","timestamp":"2026-08-03 16:44:28"}
{"level":"info","message":"GET /api/catalogos/categorias 304 - 13ms","timestamp":"2026-08-03 16:44:28"}
{"level":"info","message":"GET /api/catalogos/te-enteraste 304 - 9ms","timestamp":"2026-08-03 16:44:28"}
{"level":"info","message":"GET /api/catalogos/manifestaciones 304 - 6ms","timestamp":"2026-08-03 16:44:28"}
{"level":"info","message":"[SOCKET] Conexión establecida: alan (Alan Escudero Alvarez) [ID: _3GDY00d6YovcXvEAAAm]","timestamp":"2026-08-03 16:44:28"}
{"level":"info","message":"GET /api/participante/mi-registro 304 - 8ms","timestamp":"2026-08-03 16:44:28"}
{"level":"info","message":"GET /api/catalogos/requisitos-archivos 304 - 4ms","timestamp":"2026-08-03 16:44:28"}
{"level":"info","message":"GET /api/participante/mis-archivos 304 - 5ms","timestamp":"2026-08-03 16:44:28"}
{"level":"info","message":"GET /api/documentos/8d5ff16e-062f-464f-99c1-c5f4f7249494.pdf?token=eyJhbGciOiJIUzI1NiIsInR5cCI6IkpXVCJ9.eyJpZF91c3VhcmlvIjoxMCwidXN1YXJpbyI6ImFsYW4iLCJpZF90aXBvdXN1YXJpbyI6MSwic2Vzc2lvbl9pZCI6ImViNWJiMTc4LTEzNDktNDBjYy1hZDZlLTRmYjliNDAyOTI5YyIsImlhdCI6MTc4NTc5Njk0OCwiZXhwIjoxNzg1ODI1NzQ4fQ.JzpqgRgALlD4BQjIcoNp2h645TcOF1G5dUN1yqxU30A 200 - 4ms","timestamp":"2026-08-03 16:44:42"}
{"level":"info","message":"GET /api/documentos/8d5ff16e-062f-464f-99c1-c5f4f7249494.pdf?token=eyJhbGciOiJIUzI1NiIsInR5cCI6IkpXVCJ9.eyJpZF91c3VhcmlvIjoxMCwidXN1YXJpbyI6ImFsYW4iLCJpZF90aXBvdXN1YXJpbyI6MSwic2Vzc2lvbl9pZCI6ImViNWJiMTc4LTEzNDktNDBjYy1hZDZlLTRmYjliNDAyOTI5YyIsImlhdCI6MTc4NTc5Njk0OCwiZXhwIjoxNzg1ODI1NzQ4fQ.JzpqgRgALlD4BQjIcoNp2h645TcOF1G5dUN1yqxU30A 206 - 4ms","timestamp":"2026-08-03 16:44:42"}
{"level":"info","message":"GET /api/documentos/8d5ff16e-062f-464f-99c1-c5f4f7249494.pdf?token=eyJhbGciOiJIUzI1NiIsInR5cCI6IkpXVCJ9.eyJpZF91c3VhcmlvIjoxMCwidXN1YXJpbyI6ImFsYW4iLCJpZF90aXBvdXN1YXJpbyI6MSwic2Vzc2lvbl9pZCI6ImViNWJiMTc4LTEzNDktNDBjYy1hZDZlLTRmYjliNDAyOTI5YyIsImlhdCI6MTc4NTc5Njk0OCwiZXhwIjoxNzg1ODI1NzQ4fQ.JzpqgRgALlD4BQjIcoNp2h645TcOF1G5dUN1yqxU30A 200 - 4ms","timestamp":"2026-08-03 16:44:42"}
{"level":"info","message":"[SOCKET] Conexión cerrada: validador [ID: Qq98tRkATkjLXSolAAAh]","timestamp":"2026-08-03 16:45:48"}
{"level":"info","message":"[SOCKET] Conexión cerrada: alan [ID: _3GDY00d6YovcXvEAAAm]","timestamp":"2026-08-03 16:45:49"}
{"level":"info","message":"GET /api/catalogos/tema 304 - 2ms","timestamp":"2026-08-03 16:46:50"}
{"level":"info","message":"GET /api/notificaciones 304 - 6ms","timestamp":"2026-08-03 16:46:50"}
{"level":"info","message":"GET /api/catalogos/tema 304 - 5ms","timestamp":"2026-08-03 16:46:50"}
{"level":"info","message":"GET /api/catalogos/convocatoria-activa 304 - 5ms","timestamp":"2026-08-03 16:46:50"}
{"level":"info","message":"GET /api/admin/participantes 304 - 15ms","timestamp":"2026-08-03 16:46:50"}
{"level":"info","message":"GET /api/catalogos/categorias 304 - 13ms","timestamp":"2026-08-03 16:46:50"}
{"level":"info","message":"[SOCKET] Conexión establecida: validador (Validador Valdes IECM) [ID: JCE-H5-cDbX68pZTAAAp]","timestamp":"2026-08-03 16:46:50"}
{"level":"info","message":"GET /api/catalogos/tema 304 - 3ms","timestamp":"2026-08-03 16:46:50"}
{"level":"info","message":"GET /api/catalogos/convocatoria-activa 304 - 2ms","timestamp":"2026-08-03 16:46:50"}
{"level":"info","message":"GET /api/catalogos/te-enteraste 304 - 3ms","timestamp":"2026-08-03 16:46:50"}
{"level":"info","message":"GET /api/catalogos/tema 304 - 4ms","timestamp":"2026-08-03 16:46:50"}
{"level":"info","message":"GET /api/catalogos/alcaldias 304 - 6ms","timestamp":"2026-08-03 16:46:50"}
{"level":"info","message":"GET /api/notificaciones 304 - 10ms","timestamp":"2026-08-03 16:46:50"}
{"level":"info","message":"GET /api/catalogos/categorias 304 - 10ms","timestamp":"2026-08-03 16:46:50"}
{"level":"info","message":"GET /api/catalogos/manifestaciones 304 - 3ms","timestamp":"2026-08-03 16:46:50"}
{"level":"info","message":"[SOCKET] Conexión establecida: alan (Alan Escudero Alvarez) [ID: KUTcW3XaoDR9XBekAAAs]","timestamp":"2026-08-03 16:46:50"}
{"level":"info","message":"GET /api/participante/mi-registro 304 - 8ms","timestamp":"2026-08-03 16:46:50"}
{"level":"info","message":"GET /api/catalogos/requisitos-archivos 304 - 5ms","timestamp":"2026-08-03 16:46:50"}
{"level":"info","message":"GET /api/participante/mis-archivos 304 - 5ms","timestamp":"2026-08-03 16:46:50"}
{"level":"info","message":"[SOCKET] Conexión establecida: validador (Validador Valdes IECM) [ID: Z6dW4vpZZwoptFjmAAAC]","timestamp":"2026-08-03 16:47:00"}
{"level":"info","message":"[SOCKET] Conexión establecida: alan (Alan Escudero Alvarez) [ID: s-SZIakHNG2dDmV7AAAD]","timestamp":"2026-08-03 16:47:00"}
{"level":"info","message":"GET /api/admin/participante-archivos/6 304 - 10ms","timestamp":"2026-08-03 16:47:44"}
{"level":"info","message":"[SOCKET] Conexión establecida: alan (Alan Escudero Alvarez) [ID: yiNTRWty00-P4Gb8AAAB]","timestamp":"2026-08-03 16:48:37"}
{"level":"info","message":"[SOCKET] Conexión establecida: validador (Validador Valdes IECM) [ID: InROoasllL9f-JaFAAAD]","timestamp":"2026-08-03 16:48:38"}
{"level":"info","message":"[SOCKET] Conexión establecida: alan (Alan Escudero Alvarez) [ID: L_PhEbPk2TN6Y8CSAAAB]","timestamp":"2026-08-03 16:49:08"}
{"level":"info","message":"[SOCKET] Conexión establecida: validador (Validador Valdes IECM) [ID: 0aQb0Sv2qXPySn4QAAAD]","timestamp":"2026-08-03 16:49:09"}
{"level":"info","message":"[SOCKET] Conexión cerrada: alan [ID: L_PhEbPk2TN6Y8CSAAAB]","timestamp":"2026-08-03 16:49:24"}
{"level":"info","message":"GET /api/catalogos/tema 304 - 16ms","timestamp":"2026-08-03 16:49:24"}
{"level":"info","message":"GET /api/catalogos/convocatoria-activa 304 - 20ms","timestamp":"2026-08-03 16:49:24"}
{"level":"info","message":"GET /api/catalogos/alcaldias 304 - 25ms","timestamp":"2026-08-03 16:49:24"}
{"level":"info","message":"GET /api/catalogos/te-enteraste 304 - 29ms","timestamp":"2026-08-03 16:49:24"}
{"level":"info","message":"GET /api/notificaciones 304 - 46ms","timestamp":"2026-08-03 16:49:24"}
{"level":"info","message":"GET /api/catalogos/manifestaciones 304 - 27ms","timestamp":"2026-08-03 16:49:24"}
{"level":"info","message":"GET /api/catalogos/categorias 304 - 37ms","timestamp":"2026-08-03 16:49:24"}
{"level":"info","message":"[SOCKET] Conexión establecida: alan (Alan Escudero Alvarez) [ID: K9SyGi-sQUL0Cr7YAAAG]","timestamp":"2026-08-03 16:49:24"}
{"level":"info","message":"GET /api/catalogos/tema 304 - 5ms","timestamp":"2026-08-03 16:49:24"}
{"level":"info","message":"GET /api/participante/mi-registro 200 - 12ms","timestamp":"2026-08-03 16:49:24"}
{"level":"info","message":"GET /api/catalogos/requisitos-archivos 304 - 5ms","timestamp":"2026-08-03 16:49:24"}
{"level":"info","message":"GET /api/participante/mis-archivos 304 - 14ms","timestamp":"2026-08-03 16:49:24"}
{"level":"info","message":"[SOCKET] Conexión establecida: validador (Validador Valdes IECM) [ID: ZMPULiTuZNiaxfFcAAAB]","timestamp":"2026-08-03 16:50:45"}
{"level":"info","message":"[SOCKET] Conexión establecida: alan (Alan Escudero Alvarez) [ID: Uql5tP_-7U0rD_cFAAAD]","timestamp":"2026-08-03 16:50:45"}
{"level":"info","message":"[SOCKET] Conexión cerrada: alan [ID: Uql5tP_-7U0rD_cFAAAD]","timestamp":"2026-08-03 16:51:28"}
{"level":"info","message":"GET /api/catalogos/tema 304 - 17ms","timestamp":"2026-08-03 16:51:28"}
{"level":"info","message":"GET /api/catalogos/alcaldias 304 - 21ms","timestamp":"2026-08-03 16:51:28"}
{"level":"info","message":"GET /api/catalogos/convocatoria-activa 304 - 26ms","timestamp":"2026-08-03 16:51:28"}
{"level":"info","message":"GET /api/notificaciones 304 - 42ms","timestamp":"2026-08-03 16:51:28"}
{"level":"info","message":"GET /api/catalogos/te-enteraste 304 - 36ms","timestamp":"2026-08-03 16:51:28"}
{"level":"info","message":"GET /api/catalogos/manifestaciones 304 - 14ms","timestamp":"2026-08-03 16:51:28"}
{"level":"info","message":"[SOCKET] Conexión establecida: alan (Alan Escudero Alvarez) [ID: J9kzmsJWClMOCLeWAAAF]","timestamp":"2026-08-03 16:51:28"}
{"level":"info","message":"GET /api/catalogos/categorias 304 - 43ms","timestamp":"2026-08-03 16:51:28"}
{"level":"info","message":"GET /api/participante/mi-registro 304 - 11ms","timestamp":"2026-08-03 16:51:28"}
{"level":"info","message":"GET /api/catalogos/requisitos-archivos 304 - 5ms","timestamp":"2026-08-03 16:51:28"}
{"level":"info","message":"GET /api/participante/mis-archivos 304 - 7ms","timestamp":"2026-08-03 16:51:28"}
{"level":"info","message":"[SOCKET] Conexión cerrada: alan [ID: J9kzmsJWClMOCLeWAAAF]","timestamp":"2026-08-03 16:51:30"}
{"level":"info","message":"GET /api/catalogos/tema 304 - 3ms","timestamp":"2026-08-03 16:51:30"}
{"level":"info","message":"GET /api/notificaciones 304 - 13ms","timestamp":"2026-08-03 16:51:30"}
{"level":"info","message":"GET /api/catalogos/convocatoria-activa 304 - 9ms","timestamp":"2026-08-03 16:51:30"}
{"level":"info","message":"GET /api/catalogos/alcaldias 304 - 10ms","timestamp":"2026-08-03 16:51:30"}
{"level":"info","message":"GET /api/catalogos/te-enteraste 304 - 9ms","timestamp":"2026-08-03 16:51:30"}
{"level":"info","message":"GET /api/catalogos/manifestaciones 304 - 11ms","timestamp":"2026-08-03 16:51:30"}
{"level":"info","message":"GET /api/catalogos/categorias 304 - 18ms","timestamp":"2026-08-03 16:51:30"}
{"level":"info","message":"GET /api/catalogos/tema 304 - 6ms","timestamp":"2026-08-03 16:51:30"}
{"level":"info","message":"[SOCKET] Conexión establecida: alan (Alan Escudero Alvarez) [ID: XVX_DqqGR0iVsUE4AAAI]","timestamp":"2026-08-03 16:51:30"}
{"level":"info","message":"GET /api/participante/mi-registro 304 - 10ms","timestamp":"2026-08-03 16:51:30"}
{"level":"info","message":"GET /api/catalogos/requisitos-archivos 304 - 6ms","timestamp":"2026-08-03 16:51:30"}
{"level":"info","message":"GET /api/participante/mis-archivos 304 - 7ms","timestamp":"2026-08-03 16:51:30"}
{"level":"info","message":"[SOCKET] Conexión cerrada: validador [ID: ZMPULiTuZNiaxfFcAAAB]","timestamp":"2026-08-03 16:51:37"}
{"level":"info","message":"GET /api/catalogos/tema 304 - 8ms","timestamp":"2026-08-03 16:51:37"}
{"level":"info","message":"GET /api/catalogos/convocatoria-activa 304 - 8ms","timestamp":"2026-08-03 16:51:37"}
{"level":"info","message":"GET /api/notificaciones 304 - 21ms","timestamp":"2026-08-03 16:51:37"}
{"level":"info","message":"[SOCKET] Conexión establecida: validador (Validador Valdes IECM) [ID: Qr8FQ3zftxcqGAvvAAAL]","timestamp":"2026-08-03 16:51:37"}
{"level":"info","message":"GET /api/admin/participantes 200 - 25ms","timestamp":"2026-08-03 16:51:37"}
{"level":"info","message":"GET /api/catalogos/categorias 304 - 16ms","timestamp":"2026-08-03 16:51:37"}
{"level":"info","message":"GET /api/catalogos/tema 304 - 2ms","timestamp":"2026-08-03 16:51:37"}
{"level":"info","message":"[SOCKET] Conexión cerrada: validador [ID: Qr8FQ3zftxcqGAvvAAAL]","timestamp":"2026-08-03 16:51:38"}
{"level":"info","message":"GET /api/catalogos/tema 304 - 4ms","timestamp":"2026-08-03 16:51:38"}
{"level":"info","message":"GET /api/catalogos/convocatoria-activa 304 - 6ms","timestamp":"2026-08-03 16:51:38"}
{"level":"info","message":"GET /api/notificaciones 304 - 14ms","timestamp":"2026-08-03 16:51:38"}
{"level":"info","message":"GET /api/admin/participantes 304 - 22ms","timestamp":"2026-08-03 16:51:38"}
{"level":"info","message":"GET /api/catalogos/tema 304 - 9ms","timestamp":"2026-08-03 16:51:38"}
{"level":"info","message":"[SOCKET] Conexión establecida: validador (Validador Valdes IECM) [ID: eTW_vE71iYkp0v--AAAO]","timestamp":"2026-08-03 16:51:38"}
{"level":"info","message":"GET /api/catalogos/categorias 304 - 22ms","timestamp":"2026-08-03 16:51:38"}
{"level":"info","message":"GET /api/admin/participante-archivos/6 304 - 8ms","timestamp":"2026-08-03 16:51:39"}
{"level":"info","message":"[SOCKET] Forzando cierre de conexión para usuario ID: 7","timestamp":"2026-08-03 16:53:08"}
{"level":"info","message":"[SOCKET] Conexión cerrada: validador [ID: eTW_vE71iYkp0v--AAAO]","timestamp":"2026-08-03 16:53:08"}
{"level":"info","message":"POST /api/auth/logout 200 - 11ms","timestamp":"2026-08-03 16:53:08"}
{"level":"info","message":"GET /api/catalogos/convocatoria-activa 304 - 2ms","timestamp":"2026-08-03 16:53:08"}
{"level":"info","message":"GET /api/catalogos/categorias 304 - 4ms","timestamp":"2026-08-03 16:53:08"}
{"level":"info","message":"POST /api/auth/login 200 - 67ms","timestamp":"2026-08-03 16:53:14"}
{"level":"info","message":"[SOCKET] Conexión establecida: superadmin (Superadmin Sistema IECM) [ID: WEsLC_8FWU3PA3KEAAAQ]","timestamp":"2026-08-03 16:53:14"}
{"level":"info","message":"[SOCKET] Conexión cerrada: superadmin [ID: WEsLC_8FWU3PA3KEAAAQ]","timestamp":"2026-08-03 16:53:16"}
{"level":"info","message":"GET /api/catalogos/convocatoria-activa 304 - 4ms","timestamp":"2026-08-03 16:53:16"}
{"level":"info","message":"GET /api/catalogos/tema 304 - 8ms","timestamp":"2026-08-03 16:53:16"}
{"level":"info","message":"GET /api/notificaciones 304 - 11ms","timestamp":"2026-08-03 16:53:16"}
{"level":"info","message":"GET /api/catalogos/categorias 304 - 12ms","timestamp":"2026-08-03 16:53:16"}
{"level":"info","message":"[SOCKET] Conexión establecida: superadmin (Superadmin Sistema IECM) [ID: Y1YIgjl1ksRHnqlfAAAS]","timestamp":"2026-08-03 16:53:16"}
{"level":"info","message":"GET /api/superadmin/usuarios 200 - 17ms","timestamp":"2026-08-03 16:53:16"}
{"level":"info","message":"GET /api/superadmin/convocatorias 304 - 4ms","timestamp":"2026-08-03 16:53:20"}
{"level":"info","message":"GET /api/superadmin/categorias/1 304 - 5ms","timestamp":"2026-08-03 16:53:20"}
{"level":"info","message":"GET /api/superadmin/requisitos-archivos/1 304 - 5ms","timestamp":"2026-08-03 16:53:20"}
{"level":"info","message":"[SOCKET] Conexión establecida: alan (Alan Escudero Alvarez) [ID: ztTtvR4gZ-2r2SJvAAAB]","timestamp":"2026-08-03 16:57:03"}
{"level":"info","message":"[SOCKET] Conexión establecida: superadmin (Superadmin Sistema IECM) [ID: zY0yk7jWPU_xTyQOAAAD]","timestamp":"2026-08-03 16:57:05"}
{"level":"info","message":"[SOCKET] Conexión cerrada: superadmin [ID: zY0yk7jWPU_xTyQOAAAD]","timestamp":"2026-08-03 16:57:35"}
{"level":"info","message":"GET /api/catalogos/tema 200 - 10ms","timestamp":"2026-08-03 16:57:35"}
{"level":"info","message":"GET /api/catalogos/tema 200 - 19ms","timestamp":"2026-08-03 16:57:35"}
{"level":"info","message":"GET /api/catalogos/convocatoria-activa 200 - 29ms","timestamp":"2026-08-03 16:57:35"}
{"level":"info","message":"GET /api/superadmin/convocatorias 200 - 47ms","timestamp":"2026-08-03 16:57:35"}
{"level":"info","message":"[SOCKET] Conexión establecida: superadmin (Superadmin Sistema IECM) [ID: --h0Um38k-MTqYzEAAAG]","timestamp":"2026-08-03 16:57:35"}
{"level":"info","message":"GET /api/notificaciones 200 - 44ms","timestamp":"2026-08-03 16:57:35"}
{"level":"info","message":"GET /api/catalogos/categorias 200 - 44ms","timestamp":"2026-08-03 16:57:35"}
{"level":"info","message":"GET /api/superadmin/categorias/1 304 - 8ms","timestamp":"2026-08-03 16:57:35"}
{"level":"info","message":"GET /api/superadmin/requisitos-archivos/1 304 - 6ms","timestamp":"2026-08-03 16:57:35"}
{"level":"info","message":"GET /api/superadmin/convocatorias 304 - 6ms","timestamp":"2026-08-03 16:58:03"}
{"level":"info","message":"GET /api/superadmin/estadisticas?id_convocatoria=1 304 - 14ms","timestamp":"2026-08-03 16:58:03"}
{"level":"info","message":"[SOCKET] Forzando cierre de conexión para usuario ID: 1","timestamp":"2026-08-03 16:58:06"}
{"level":"info","message":"[SOCKET] Conexión cerrada: superadmin [ID: --h0Um38k-MTqYzEAAAG]","timestamp":"2026-08-03 16:58:06"}
{"level":"info","message":"POST /api/auth/logout 200 - 14ms","timestamp":"2026-08-03 16:58:06"}
{"level":"info","message":"GET /api/catalogos/convocatoria-activa 304 - 4ms","timestamp":"2026-08-03 16:58:06"}
{"level":"info","message":"GET /api/catalogos/categorias 304 - 7ms","timestamp":"2026-08-03 16:58:06"}
{"level":"info","message":"POST /api/auth/login 200 - 77ms","timestamp":"2026-08-03 16:58:12"}
{"level":"info","message":"[SOCKET] Conexión establecida: validador (Validador Valdes IECM) [ID: nAEbATxn6OPD4EuhAAAI]","timestamp":"2026-08-03 16:58:12"}
{"level":"info","message":"[SOCKET] Conexión cerrada: validador [ID: nAEbATxn6OPD4EuhAAAI]","timestamp":"2026-08-03 16:58:14"}
{"level":"info","message":"GET /api/notificaciones 304 - 12ms","timestamp":"2026-08-03 16:58:14"}
{"level":"info","message":"GET /api/catalogos/convocatoria-activa 304 - 7ms","timestamp":"2026-08-03 16:58:14"}
{"level":"info","message":"GET /api/catalogos/tema 304 - 14ms","timestamp":"2026-08-03 16:58:14"}
{"level":"info","message":"[SOCKET] Conexión establecida: validador (Validador Valdes IECM) [ID: 8nMtKUSlQg9cRc57AAAK]","timestamp":"2026-08-03 16:58:14"}
{"level":"info","message":"GET /api/admin/participantes 304 - 29ms","timestamp":"2026-08-03 16:58:14"}
{"level":"info","message":"GET /api/catalogos/categorias 304 - 23ms","timestamp":"2026-08-03 16:58:14"}
{"level":"info","message":"GET /api/admin/participante-archivos/6 304 - 9ms","timestamp":"2026-08-03 16:58:17"}
{"level":"info","message":"GET /api/documentos/8d5ff16e-062f-464f-99c1-c5f4f7249494.pdf?token=eyJhbGciOiJIUzI1NiIsInR5cCI6IkpXVCJ9.eyJpZF91c3VhcmlvIjo3LCJ1c3VhcmlvIjoidmFsaWRhZG9yIiwiaWRfdGlwb3VzdWFyaW8iOjIsInNlc3Npb25faWQiOiIxMTc5ZTkyYy04YmViLTQ3NWEtOTFkOS05ODA0NDMyMDNkZGEiLCJpYXQiOjE3ODU3OTc4OTIsImV4cCI6MTc4NTgyNjY5Mn0.XSHSLBwdtzN1e9DNKnVoa5HwWlUp0y7KltxDmP8MKUA 200 - 9ms","timestamp":"2026-08-03 16:58:19"}
{"level":"info","message":"POST /api/participante/subir-archivo-requisito 200 - 20ms","timestamp":"2026-08-03 16:58:30"}
{"level":"info","message":"GET /api/catalogos/requisitos-archivos 304 - 6ms","timestamp":"2026-08-03 16:58:30"}
{"level":"info","message":"GET /api/participante/mis-archivos 200 - 8ms","timestamp":"2026-08-03 16:58:30"}
{"level":"info","message":"GET /api/admin/participante-archivos/6 200 - 8ms","timestamp":"2026-08-03 16:58:34"}
{"level":"info","message":"GET /api/documentos/39473bd3-ae3f-4785-9a01-8934c5e781bc.pdf?token=eyJhbGciOiJIUzI1NiIsInR5cCI6IkpXVCJ9.eyJpZF91c3VhcmlvIjo3LCJ1c3VhcmlvIjoidmFsaWRhZG9yIiwiaWRfdGlwb3VzdWFyaW8iOjIsInNlc3Npb25faWQiOiIxMTc5ZTkyYy04YmViLTQ3NWEtOTFkOS05ODA0NDMyMDNkZGEiLCJpYXQiOjE3ODU3OTc4OTIsImV4cCI6MTc4NTgyNjY5Mn0.XSHSLBwdtzN1e9DNKnVoa5HwWlUp0y7KltxDmP8MKUA 200 - 9ms","timestamp":"2026-08-03 16:58:35"}
{"level":"info","message":"[SOCKET] Conexión establecida: validador (Validador Valdes IECM) [ID: PfVPZVDxzB4bcPDxAAAB]","timestamp":"2026-08-03 16:59:59"}
{"level":"info","message":"[SOCKET] Conexión establecida: alan (Alan Escudero Alvarez) [ID: cJM_nNDdkGhTdbPPAAAD]","timestamp":"2026-08-03 17:00:01"}
{"level":"info","message":"[SOCKET] Conexión establecida: alan (Alan Escudero Alvarez) [ID: jVJULogX4gtGXxU5AAAB]","timestamp":"2026-08-03 17:00:52"}
{"level":"info","message":"[SOCKET] Conexión establecida: validador (Validador Valdes IECM) [ID: EfYKlqOIs4Yn7ozJAAAD]","timestamp":"2026-08-03 17:00:53"}
{"level":"info","message":"[SOCKET] Conexión cerrada: alan [ID: jVJULogX4gtGXxU5AAAB]","timestamp":"2026-08-03 17:03:29"}
{"level":"info","message":"GET /api/catalogos/tema 304 - 12ms","timestamp":"2026-08-03 17:03:29"}
{"level":"info","message":"GET /api/catalogos/convocatoria-activa 304 - 18ms","timestamp":"2026-08-03 17:03:29"}
{"level":"info","message":"GET /api/catalogos/alcaldias 304 - 35ms","timestamp":"2026-08-03 17:03:29"}
{"level":"info","message":"GET /api/catalogos/te-enteraste 304 - 31ms","timestamp":"2026-08-03 17:03:29"}
{"level":"info","message":"GET /api/catalogos/manifestaciones 304 - 22ms","timestamp":"2026-08-03 17:03:29"}
{"level":"info","message":"GET /api/notificaciones 304 - 45ms","timestamp":"2026-08-03 17:03:29"}
{"level":"info","message":"[SOCKET] Conexión establecida: alan (Alan Escudero Alvarez) [ID: K5vIcppufzeC9I7DAAAF]","timestamp":"2026-08-03 17:03:29"}
{"level":"info","message":"GET /api/catalogos/categorias 304 - 49ms","timestamp":"2026-08-03 17:03:29"}
{"level":"info","message":"GET /api/participante/mi-registro 304 - 11ms","timestamp":"2026-08-03 17:03:29"}
{"level":"info","message":"GET /api/catalogos/requisitos-archivos 304 - 5ms","timestamp":"2026-08-03 17:03:29"}
{"level":"info","message":"GET /api/participante/mis-archivos 304 - 8ms","timestamp":"2026-08-03 17:03:29"}
{"level":"info","message":"[SOCKET] Conexión establecida: alan (Alan Escudero Alvarez) [ID: _3BhL5m-qjJrL5IoAAAB]","timestamp":"2026-08-03 17:05:23"}
{"level":"info","message":"[SOCKET] Conexión establecida: validador (Validador Valdes IECM) [ID: xZfWiTkgX5m-KlxXAAAD]","timestamp":"2026-08-03 17:05:23"}
{"level":"info","message":"[SOCKET] Conexión establecida: validador (Validador Valdes IECM) [ID: cAFLLyu8N6t16ySUAAAB]","timestamp":"2026-08-03 17:05:36"}
{"level":"info","message":"[SOCKET] Conexión establecida: alan (Alan Escudero Alvarez) [ID: R4ThOjx96SZ3yeUeAAAD]","timestamp":"2026-08-03 17:05:37"}
{"level":"info","message":"[SOCKET] Conexión establecida: validador (Validador Valdes IECM) [ID: t-_Au1qwKUXRU4lNAAAB]","timestamp":"2026-08-03 17:05:47"}
{"level":"info","message":"[SOCKET] Conexión establecida: alan (Alan Escudero Alvarez) [ID: pQyLBPo3fdGmCG38AAAD]","timestamp":"2026-08-03 17:05:47"}
{"level":"info","message":"[SOCKET] Conexión establecida: alan (Alan Escudero Alvarez) [ID: IoRyIe7XulHM_AvQAAAB]","timestamp":"2026-08-03 17:05:52"}
{"level":"info","message":"[SOCKET] Conexión establecida: validador (Validador Valdes IECM) [ID: qOU-7hmaOyI4NDvDAAAD]","timestamp":"2026-08-03 17:05:54"}
{"level":"info","message":"POST /api/participante/completar-registro 200 - 85ms","timestamp":"2026-08-03 17:07:26"}
{"level":"info","message":"GET /api/participante/mi-registro 200 - 20ms","timestamp":"2026-08-03 17:07:28"}
{"level":"info","message":"[SOCKET] Conexión establecida: alan (Alan Escudero Alvarez) [ID: AQMuBU3POLwOvTt1AAAB]","timestamp":"2026-08-03 17:11:39"}
{"level":"info","message":"[SOCKET] Conexión establecida: validador (Validador Valdes IECM) [ID: qHX5oz2HGhl29TRxAAAD]","timestamp":"2026-08-03 17:11:41"}
{"level":"info","message":"[SOCKET] Conexión cerrada: validador [ID: qHX5oz2HGhl29TRxAAAD]","timestamp":"2026-08-03 17:12:09"}
{"level":"info","message":"GET /api/catalogos/tema 304 - 8ms","timestamp":"2026-08-03 17:12:09"}
{"level":"info","message":"GET /api/notificaciones 304 - 20ms","timestamp":"2026-08-03 17:12:09"}
{"level":"info","message":"GET /api/catalogos/convocatoria-activa 304 - 25ms","timestamp":"2026-08-03 17:12:09"}
{"level":"info","message":"GET /api/catalogos/tema 304 - 33ms","timestamp":"2026-08-03 17:12:09"}
{"level":"info","message":"[SOCKET] Conexión establecida: validador (Validador Valdes IECM) [ID: edADqlmSRFMaveDRAAAG]","timestamp":"2026-08-03 17:12:09"}
{"level":"info","message":"GET /api/catalogos/categorias 304 - 40ms","timestamp":"2026-08-03 17:12:09"}
{"level":"info","message":"GET /api/admin/participantes 200 - 51ms","timestamp":"2026-08-03 17:12:09"}
{"level":"info","message":"GET /api/admin/participante-archivos/6 304 - 11ms","timestamp":"2026-08-03 17:12:16"}
{"level":"info","message":"GET /api/documentos/Alan_Escudero_Alvarez_TEMERARIOS_2026-08-03.pdf?token=eyJhbGciOiJIUzI1NiIsInR5cCI6IkpXVCJ9.eyJpZF91c3VhcmlvIjo3LCJ1c3VhcmlvIjoidmFsaWRhZG9yIiwiaWRfdGlwb3VzdWFyaW8iOjIsInNlc3Npb25faWQiOiIxMTc5ZTkyYy04YmViLTQ3NWEtOTFkOS05ODA0NDMyMDNkZGEiLCJpYXQiOjE3ODU3OTc4OTIsImV4cCI6MTc4NTgyNjY5Mn0.XSHSLBwdtzN1e9DNKnVoa5HwWlUp0y7KltxDmP8MKUA 200 - 19ms","timestamp":"2026-08-03 17:12:20"}
{"level":"info","message":"[SOCKET] Conexión establecida: alan (Alan Escudero Alvarez) [ID: ql4sR1XUwNdriAkoAAAB]","timestamp":"2026-08-03 17:12:20"}
{"level":"info","message":"[SOCKET] Conexión establecida: validador (Validador Valdes IECM) [ID: 92m13WJ9jRqU35hVAAAD]","timestamp":"2026-08-03 17:12:23"}
{"level":"info","message":"[SOCKET] Conexión establecida: alan (Alan Escudero Alvarez) [ID: bc5Y80CiTmhmF4lnAAAB]","timestamp":"2026-08-03 17:13:14"}
{"level":"info","message":"[SOCKET] Conexión establecida: validador (Validador Valdes IECM) [ID: J_c3j8Kp9tTU-rrbAAAD]","timestamp":"2026-08-03 17:13:15"}
{"level":"info","message":"GET /api/admin/participantes 304 - 16ms","timestamp":"2026-08-03 17:13:52"}
{"level":"info","message":"[SOCKET] Conexión establecida: validador (Validador Valdes IECM) [ID: GGbJ0d0uX7_BBjckAAAB]","timestamp":"2026-08-03 17:14:03"}
{"level":"info","message":"[SOCKET] Conexión establecida: alan (Alan Escudero Alvarez) [ID: 1qOSBMuJl17jUGgmAAAD]","timestamp":"2026-08-03 17:14:04"}
{"level":"info","message":"[SOCKET] Conexión establecida: alan (Alan Escudero Alvarez) [ID: M2KrR8P8rC5cwFgIAAAB]","timestamp":"2026-08-03 17:14:38"}
{"level":"info","message":"[SOCKET] Conexión establecida: validador (Validador Valdes IECM) [ID: 5tUr5FtXCxUWIFcOAAAD]","timestamp":"2026-08-03 17:14:39"}
{"level":"info","message":"[SOCKET] Conexión establecida: validador (Validador Valdes IECM) [ID: OvHqGGLqiJ-og7slAAAB]","timestamp":"2026-08-03 17:14:47"}
{"level":"info","message":"[SOCKET] Conexión establecida: alan (Alan Escudero Alvarez) [ID: OUofubJ0M718KKHDAAAD]","timestamp":"2026-08-03 17:14:49"}
{"level":"info","message":"[SOCKET] Conexión establecida: alan (Alan Escudero Alvarez) [ID: gY2dMh_Hj1mkqPCBAAAB]","timestamp":"2026-08-03 17:19:19"}
{"level":"info","message":"[SOCKET] Conexión establecida: validador (Validador Valdes IECM) [ID: vfxTCYSOssfVHpNUAAAD]","timestamp":"2026-08-03 17:19:21"}
{"level":"info","message":"GET /api/admin/participante-archivos/6 304 - 9ms","timestamp":"2026-08-03 17:19:47"}
{"level":"info","message":"GET /api/admin/participantes 304 - 10ms","timestamp":"2026-08-03 17:19:58"}
{"level":"info","message":"[SOCKET] Conexión establecida: validador (Validador Valdes IECM) [ID: -PmD6KR3IpRNavwTAAAB]","timestamp":"2026-08-03 17:20:09"}
{"level":"info","message":"[SOCKET] Conexión establecida: alan (Alan Escudero Alvarez) [ID: bVmfNQsfCXqTm0gYAAAD]","timestamp":"2026-08-03 17:20:10"}
{"level":"info","message":"[SOCKET] Conexión establecida: alan (Alan Escudero Alvarez) [ID: f0aul3jLf8fh4FPAAAAB]","timestamp":"2026-08-03 17:23:40"}
{"level":"info","message":"[SOCKET] Conexión establecida: validador (Validador Valdes IECM) [ID: 7Hp3uMYcsVsf_0KBAAAD]","timestamp":"2026-08-03 17:23:41"}
{"level":"info","message":"[SOCKET] Conexión establecida: alan (Alan Escudero Alvarez) [ID: MqrTnwmp-XXKTEz-AAAB]","timestamp":"2026-08-03 17:24:24"}
{"level":"info","message":"[SOCKET] Conexión establecida: validador (Validador Valdes IECM) [ID: CsllbfOv1N9Z7WHJAAAD]","timestamp":"2026-08-03 17:24:25"}
{"level":"info","message":"[SOCKET] Conexión establecida: alan (Alan Escudero Alvarez) [ID: XH_s5eesko_kA0IXAAAB]","timestamp":"2026-08-03 17:25:49"}
{"level":"info","message":"[SOCKET] Conexión establecida: validador (Validador Valdes IECM) [ID: IeQV5LL9nH4m1DXjAAAD]","timestamp":"2026-08-03 17:25:49"}
{"level":"info","message":"GET /api/admin/participantes 304 - 16ms","timestamp":"2026-08-03 17:26:01"}
{"level":"info","message":"[SOCKET] Conexión establecida: alan (Alan Escudero Alvarez) [ID: Ah15thaWcR1puhGaAAAB]","timestamp":"2026-08-03 17:26:17"}
{"level":"info","message":"[SOCKET] Conexión establecida: validador (Validador Valdes IECM) [ID: WdnBcQwqmKBffsdLAAAD]","timestamp":"2026-08-03 17:26:17"}
{"level":"info","message":"[SOCKET] Forzando cierre de conexión para usuario ID: 7","timestamp":"2026-08-03 17:26:21"}
{"level":"info","message":"[SOCKET] Conexión cerrada: validador [ID: WdnBcQwqmKBffsdLAAAD]","timestamp":"2026-08-03 17:26:21"}
{"level":"info","message":"POST /api/auth/logout 200 - 13ms","timestamp":"2026-08-03 17:26:21"}
{"level":"info","message":"GET /api/catalogos/convocatoria-activa 304 - 3ms","timestamp":"2026-08-03 17:26:21"}
{"level":"info","message":"GET /api/catalogos/categorias 304 - 7ms","timestamp":"2026-08-03 17:26:21"}
{"level":"info","message":"POST /api/auth/login 200 - 64ms","timestamp":"2026-08-03 17:26:27"}
{"level":"info","message":"[SOCKET] Conexión establecida: superadmin (Superadmin Sistema IECM) [ID: Zt6ojz09ZmAtHj4SAAAF]","timestamp":"2026-08-03 17:26:27"}
{"level":"info","message":"[SOCKET] Conexión cerrada: superadmin [ID: Zt6ojz09ZmAtHj4SAAAF]","timestamp":"2026-08-03 17:26:29"}
{"level":"info","message":"GET /api/catalogos/convocatoria-activa 304 - 6ms","timestamp":"2026-08-03 17:26:29"}
{"level":"info","message":"GET /api/notificaciones 304 - 14ms","timestamp":"2026-08-03 17:26:29"}
{"level":"info","message":"GET /api/catalogos/tema 304 - 13ms","timestamp":"2026-08-03 17:26:29"}
{"level":"info","message":"GET /api/catalogos/categorias 304 - 22ms","timestamp":"2026-08-03 17:26:29"}
{"level":"info","message":"[SOCKET] Conexión establecida: superadmin (Superadmin Sistema IECM) [ID: 7jC-MvEAFgNcWOnDAAAH]","timestamp":"2026-08-03 17:26:29"}
{"level":"info","message":"GET /api/superadmin/usuarios 200 - 31ms","timestamp":"2026-08-03 17:26:29"}
{"level":"info","message":"GET /api/superadmin/usuarios 304 - 6ms","timestamp":"2026-08-03 17:26:33"}
{"level":"info","message":"GET /api/superadmin/usuarios 304 - 7ms","timestamp":"2026-08-03 17:26:37"}
{"level":"info","message":"GET /api/superadmin/usuarios 304 - 7ms","timestamp":"2026-08-03 17:26:41"}
{"level":"info","message":"GET /api/superadmin/usuarios 304 - 8ms","timestamp":"2026-08-03 17:26:45"}
{"level":"info","message":"GET /api/superadmin/usuarios 304 - 8ms","timestamp":"2026-08-03 17:26:49"}
{"level":"info","message":"GET /api/superadmin/usuarios 304 - 7ms","timestamp":"2026-08-03 17:26:53"}
{"level":"info","message":"GET /api/superadmin/usuarios 304 - 8ms","timestamp":"2026-08-03 17:26:57"}
{"level":"info","message":"GET /api/superadmin/usuarios 304 - 14ms","timestamp":"2026-08-03 17:27:01"}
{"level":"info","message":"PUT /api/superadmin/usuarios/8 200 - 72ms","timestamp":"2026-08-03 17:27:01"}
{"level":"info","message":"GET /api/superadmin/usuarios 304 - 7ms","timestamp":"2026-08-03 17:27:01"}
{"level":"info","message":"[SOCKET] Forzando cierre de conexión para usuario ID: 1","timestamp":"2026-08-03 17:27:05"}
{"level":"info","message":"[SOCKET] Conexión cerrada: superadmin [ID: 7jC-MvEAFgNcWOnDAAAH]","timestamp":"2026-08-03 17:27:05"}
{"level":"info","message":"POST /api/auth/logout 200 - 66ms","timestamp":"2026-08-03 17:27:05"}
{"level":"info","message":"GET /api/catalogos/convocatoria-activa 304 - 2ms","timestamp":"2026-08-03 17:27:05"}
{"level":"info","message":"GET /api/catalogos/categorias 304 - 2ms","timestamp":"2026-08-03 17:27:05"}
{"level":"info","message":"POST /api/auth/login 200 - 63ms","timestamp":"2026-08-03 17:27:12"}
{"level":"info","message":"[SOCKET] Conexión establecida: juez1 (Juez de Ensayo Jurado IECM) [ID: eNFFwu74WeLMj8wuAAAJ]","timestamp":"2026-08-03 17:27:12"}
{"level":"info","message":"[SOCKET] Conexión cerrada: juez1 [ID: eNFFwu74WeLMj8wuAAAJ]","timestamp":"2026-08-03 17:27:14"}
{"level":"info","message":"GET /api/catalogos/tema 304 - 4ms","timestamp":"2026-08-03 17:27:14"}
{"level":"info","message":"GET /api/catalogos/convocatoria-activa 304 - 5ms","timestamp":"2026-08-03 17:27:14"}
{"level":"info","message":"GET /api/notificaciones 304 - 12ms","timestamp":"2026-08-03 17:27:14"}
{"level":"info","message":"[SOCKET] Conexión establecida: juez1 (Juez de Ensayo Jurado IECM) [ID: EvCYPbh5KLGfoNxEAAAL]","timestamp":"2026-08-03 17:27:14"}
{"level":"info","message":"GET /api/catalogos/categorias 304 - 16ms","timestamp":"2026-08-03 17:27:14"}
{"level":"info","message":"GET /api/juez/ensayos 200 - 27ms","timestamp":"2026-08-03 17:27:14"}
{"level":"info","message":"POST /api/juez/calificar 200 - 23ms","timestamp":"2026-08-03 17:27:56"}
{"level":"info","message":"GET /api/juez/ensayos 200 - 22ms","timestamp":"2026-08-03 17:27:56"}
{"level":"info","message":"[SOCKET] Forzando cierre de conexión para usuario ID: 8","timestamp":"2026-08-03 17:28:10"}
{"level":"info","message":"[SOCKET] Conexión cerrada: juez1 [ID: EvCYPbh5KLGfoNxEAAAL]","timestamp":"2026-08-03 17:28:10"}
{"level":"info","message":"POST /api/auth/logout 200 - 7ms","timestamp":"2026-08-03 17:28:10"}
{"level":"info","message":"GET /api/catalogos/convocatoria-activa 304 - 3ms","timestamp":"2026-08-03 17:28:10"}
{"level":"info","message":"GET /api/catalogos/categorias 304 - 5ms","timestamp":"2026-08-03 17:28:10"}
{"level":"info","message":"POST /api/auth/login 200 - 55ms","timestamp":"2026-08-03 17:28:16"}
{"level":"info","message":"[SOCKET] Conexión establecida: validador (Validador Valdes IECM) [ID: bjAlPUp479eOAFNGAAAN]","timestamp":"2026-08-03 17:28:16"}
{"level":"info","message":"[SOCKET] Conexión cerrada: validador [ID: bjAlPUp479eOAFNGAAAN]","timestamp":"2026-08-03 17:28:18"}
{"level":"info","message":"GET /api/notificaciones 304 - 4ms","timestamp":"2026-08-03 17:28:18"}
{"level":"info","message":"GET /api/catalogos/convocatoria-activa 304 - 3ms","timestamp":"2026-08-03 17:28:18"}
{"level":"info","message":"GET /api/catalogos/tema 304 - 5ms","timestamp":"2026-08-03 17:28:18"}
{"level":"info","message":"GET /api/catalogos/categorias 304 - 5ms","timestamp":"2026-08-03 17:28:18"}
{"level":"info","message":"GET /api/admin/participantes 304 - 9ms","timestamp":"2026-08-03 17:28:18"}
{"level":"info","message":"[SOCKET] Conexión establecida: validador (Validador Valdes IECM) [ID: GrQaZqgzQn0OnSFTAAAP]","timestamp":"2026-08-03 17:28:18"}
{"level":"info","message":"[SOCKET] Forzando cierre de conexión para usuario ID: 7","timestamp":"2026-08-03 17:31:07"}
{"level":"info","message":"[SOCKET] Conexión cerrada: validador [ID: GrQaZqgzQn0OnSFTAAAP]","timestamp":"2026-08-03 17:31:07"}
{"level":"info","message":"POST /api/auth/logout 200 - 8ms","timestamp":"2026-08-03 17:31:07"}
{"level":"info","message":"GET /api/catalogos/convocatoria-activa 304 - 3ms","timestamp":"2026-08-03 17:31:07"}
{"level":"info","message":"GET /api/catalogos/categorias 304 - 4ms","timestamp":"2026-08-03 17:31:07"}
{"level":"info","message":"POST /api/auth/login 200 - 57ms","timestamp":"2026-08-03 17:31:13"}
{"level":"info","message":"[SOCKET] Conexión establecida: superadmin (Superadmin Sistema IECM) [ID: gfZfmzVy8Dm9kxN6AAAR]","timestamp":"2026-08-03 17:31:13"}
{"level":"info","message":"[SOCKET] Conexión cerrada: superadmin [ID: gfZfmzVy8Dm9kxN6AAAR]","timestamp":"2026-08-03 17:31:15"}
{"level":"info","message":"GET /api/catalogos/convocatoria-activa 304 - 4ms","timestamp":"2026-08-03 17:31:15"}
{"level":"info","message":"GET /api/notificaciones 304 - 8ms","timestamp":"2026-08-03 17:31:15"}
{"level":"info","message":"GET /api/catalogos/tema 304 - 8ms","timestamp":"2026-08-03 17:31:15"}
{"level":"info","message":"[SOCKET] Conexión establecida: superadmin (Superadmin Sistema IECM) [ID: KM2yHaNpQ9zk685sAAAT]","timestamp":"2026-08-03 17:31:15"}
{"level":"info","message":"GET /api/catalogos/categorias 304 - 13ms","timestamp":"2026-08-03 17:31:15"}
{"level":"info","message":"GET /api/superadmin/usuarios 200 - 21ms","timestamp":"2026-08-03 17:31:15"}
{"level":"info","message":"GET /api/superadmin/usuarios 304 - 7ms","timestamp":"2026-08-03 17:31:19"}
{"level":"info","message":"GET /api/superadmin/usuarios 304 - 7ms","timestamp":"2026-08-03 17:31:23"}
{"level":"info","message":"GET /api/superadmin/usuarios 200 - 23ms","timestamp":"2026-08-03 17:31:27"}
{"level":"info","message":"[SOCKET] Conexión establecida: alan (Alan Escudero Alvarez) [ID: TvfKXGuX6hQumEPZAAAB]","timestamp":"2026-08-03 17:31:28"}
{"level":"info","message":"[SOCKET] Conexión establecida: superadmin (Superadmin Sistema IECM) [ID: W0tr_kTIfl22RF7KAAAD]","timestamp":"2026-08-03 17:31:29"}
{"level":"info","message":"GET /api/superadmin/convocatorias 304 - 5ms","timestamp":"2026-08-03 17:31:31"}
{"level":"info","message":"GET /api/superadmin/estadisticas?id_convocatoria=1 200 - 21ms","timestamp":"2026-08-03 17:31:31"}
{"level":"info","message":"[SOCKET] Conexión establecida: alan (Alan Escudero Alvarez) [ID: 0xu1m9LuqGIpHGUGAAAB]","timestamp":"2026-08-03 17:31:47"}
{"level":"info","message":"[SOCKET] Conexión establecida: superadmin (Superadmin Sistema IECM) [ID: QiN2oLQAXgnqa_lBAAAD]","timestamp":"2026-08-03 17:31:47"}
{"level":"info","message":"GET /api/superadmin/usuarios 200 - 15ms","timestamp":"2026-08-03 17:31:48"}
{"level":"info","message":"GET /api/superadmin/convocatorias 304 - 5ms","timestamp":"2026-08-03 17:31:50"}
{"level":"info","message":"GET /api/superadmin/categorias/1 304 - 7ms","timestamp":"2026-08-03 17:31:50"}
{"level":"info","message":"GET /api/superadmin/requisitos-archivos/1 304 - 7ms","timestamp":"2026-08-03 17:31:50"}
{"level":"info","message":"[SOCKET] Forzando cierre de conexión para usuario ID: 1","timestamp":"2026-08-03 17:32:00"}
{"level":"info","message":"[SOCKET] Conexión cerrada: superadmin [ID: QiN2oLQAXgnqa_lBAAAD]","timestamp":"2026-08-03 17:32:00"}
{"level":"info","message":"POST /api/auth/logout 200 - 11ms","timestamp":"2026-08-03 17:32:00"}
{"level":"info","message":"GET /api/catalogos/convocatoria-activa 304 - 4ms","timestamp":"2026-08-03 17:32:00"}
{"level":"info","message":"GET /api/catalogos/categorias 304 - 5ms","timestamp":"2026-08-03 17:32:00"}
{"level":"info","message":"POST /api/auth/login 200 - 62ms","timestamp":"2026-08-03 17:32:08"}
{"level":"info","message":"[SOCKET] Conexión establecida: validador (Validador Valdes IECM) [ID: 7GT_d1yvFxZ35QIHAAAF]","timestamp":"2026-08-03 17:32:08"}
{"level":"info","message":"[SOCKET] Conexión cerrada: validador [ID: 7GT_d1yvFxZ35QIHAAAF]","timestamp":"2026-08-03 17:32:10"}
{"level":"info","message":"GET /api/catalogos/convocatoria-activa 304 - 5ms","timestamp":"2026-08-03 17:32:10"}
{"level":"info","message":"GET /api/catalogos/tema 304 - 10ms","timestamp":"2026-08-03 17:32:10"}
{"level":"info","message":"GET /api/notificaciones 304 - 15ms","timestamp":"2026-08-03 17:32:10"}
{"level":"info","message":"GET /api/catalogos/categorias 304 - 14ms","timestamp":"2026-08-03 17:32:10"}
{"level":"info","message":"[SOCKET] Conexión establecida: validador (Validador Valdes IECM) [ID: NxS6AaGblMk_rBYhAAAH]","timestamp":"2026-08-03 17:32:10"}
{"level":"info","message":"GET /api/admin/participantes 500 - 29ms","timestamp":"2026-08-03 17:32:10"}
{"level":"info","message":"GET /api/admin/participantes 500 - 9ms","timestamp":"2026-08-03 17:32:15"}
{"level":"info","message":"[SOCKET] Conexión cerrada: validador [ID: NxS6AaGblMk_rBYhAAAH]","timestamp":"2026-08-03 17:32:17"}
{"level":"info","message":"GET /api/catalogos/tema 200 - 3ms","timestamp":"2026-08-03 17:32:17"}
{"level":"info","message":"GET /api/catalogos/tema 200 - 8ms","timestamp":"2026-08-03 17:32:17"}
{"level":"info","message":"GET /api/catalogos/convocatoria-activa 200 - 12ms","timestamp":"2026-08-03 17:32:17"}
{"level":"info","message":"GET /api/notificaciones 200 - 23ms","timestamp":"2026-08-03 17:32:17"}
{"level":"info","message":"[SOCKET] Conexión establecida: validador (Validador Valdes IECM) [ID: iyAKgYLp9kMR1l_BAAAK]","timestamp":"2026-08-03 17:32:17"}
{"level":"info","message":"GET /api/catalogos/categorias 200 - 22ms","timestamp":"2026-08-03 17:32:17"}
{"level":"info","message":"GET /api/admin/participantes 500 - 33ms","timestamp":"2026-08-03 17:32:17"}
{"level":"info","message":"[SOCKET] Forzando cierre de conexión para usuario ID: 7","timestamp":"2026-08-03 17:32:35"}
{"level":"info","message":"[SOCKET] Conexión cerrada: validador [ID: iyAKgYLp9kMR1l_BAAAK]","timestamp":"2026-08-03 17:32:35"}
{"level":"info","message":"POST /api/auth/logout 200 - 10ms","timestamp":"2026-08-03 17:32:35"}
{"level":"info","message":"GET /api/catalogos/convocatoria-activa 304 - 2ms","timestamp":"2026-08-03 17:32:36"}
{"level":"info","message":"GET /api/catalogos/categorias 304 - 3ms","timestamp":"2026-08-03 17:32:36"}
{"level":"info","message":"[SOCKET] Conexión establecida: alan (Alan Escudero Alvarez) [ID: HURSeBTIwPZ-TppxAAAB]","timestamp":"2026-08-03 17:32:48"}
{"level":"info","message":"POST /api/auth/login 200 - 74ms","timestamp":"2026-08-03 17:32:53"}
{"level":"info","message":"[SOCKET] Conexión establecida: validador (Validador Valdes IECM) [ID: kBn36KwUrVDKUz7xAAAD]","timestamp":"2026-08-03 17:32:53"}
{"level":"info","message":"[SOCKET] Conexión cerrada: validador [ID: kBn36KwUrVDKUz7xAAAD]","timestamp":"2026-08-03 17:32:55"}
{"level":"info","message":"GET /api/catalogos/convocatoria-activa 304 - 13ms","timestamp":"2026-08-03 17:32:55"}
{"level":"info","message":"GET /api/catalogos/tema 304 - 31ms","timestamp":"2026-08-03 17:32:55"}
{"level":"info","message":"GET /api/notificaciones 304 - 35ms","timestamp":"2026-08-03 17:32:55"}
{"level":"info","message":"[SOCKET] Conexión establecida: validador (Validador Valdes IECM) [ID: MigwMpb0H2xfL7X-AAAF]","timestamp":"2026-08-03 17:32:55"}
{"level":"info","message":"GET /api/catalogos/categorias 304 - 39ms","timestamp":"2026-08-03 17:32:55"}
{"level":"info","message":"GET /api/admin/participantes 500 - 46ms","timestamp":"2026-08-03 17:32:55"}
{"level":"info","message":"[SOCKET] Conexión establecida: validador (Validador Valdes IECM) [ID: gOa7jcKUmEZ20rviAAAB]","timestamp":"2026-08-03 17:33:43"}
{"level":"info","message":"[SOCKET] Conexión establecida: alan (Alan Escudero Alvarez) [ID: FM7roSe-lHWuhwRhAAAD]","timestamp":"2026-08-03 17:33:43"}
{"level":"info","message":"[SOCKET] Conexión establecida: validador (Validador Valdes IECM) [ID: uiLEBEP7fzl6u9-GAAAB]","timestamp":"2026-08-03 17:34:03"}
{"level":"info","message":"[SOCKET] Conexión establecida: alan (Alan Escudero Alvarez) [ID: ShDKczEP9Vftlcs0AAAD]","timestamp":"2026-08-03 17:34:04"}
{"level":"info","message":"[SOCKET] Conexión cerrada: validador [ID: uiLEBEP7fzl6u9-GAAAB]","timestamp":"2026-08-03 17:34:05"}
{"level":"info","message":"[SOCKET] Conexión cerrada: alan [ID: ShDKczEP9Vftlcs0AAAD]","timestamp":"2026-08-03 17:34:05"}
{"level":"info","message":"GET /api/catalogos/tema 304 - 5ms","timestamp":"2026-08-03 17:34:05"}
{"level":"info","message":"GET /api/catalogos/convocatoria-activa 304 - 17ms","timestamp":"2026-08-03 17:34:05"}
{"level":"info","message":"GET /api/catalogos/tema 304 - 20ms","timestamp":"2026-08-03 17:34:05"}
{"level":"info","message":"GET /api/catalogos/categorias 304 - 30ms","timestamp":"2026-08-03 17:34:05"}
{"level":"info","message":"GET /api/notificaciones 304 - 29ms","timestamp":"2026-08-03 17:34:05"}
{"level":"info","message":"[SOCKET] Conexión establecida: validador (Validador Valdes IECM) [ID: GcKUZuLR6MXxRrqhAAAG]","timestamp":"2026-08-03 17:34:05"}
{"level":"info","message":"GET /api/admin/participantes 200 - 47ms","timestamp":"2026-08-03 17:34:05"}
{"level":"info","message":"GET /api/catalogos/tema 304 - 3ms","timestamp":"2026-08-03 17:34:05"}
{"level":"info","message":"GET /api/catalogos/convocatoria-activa 304 - 4ms","timestamp":"2026-08-03 17:34:05"}
{"level":"info","message":"GET /api/catalogos/alcaldias 304 - 7ms","timestamp":"2026-08-03 17:34:05"}
{"level":"info","message":"GET /api/notificaciones 304 - 11ms","timestamp":"2026-08-03 17:34:05"}
{"level":"info","message":"GET /api/catalogos/categorias 304 - 9ms","timestamp":"2026-08-03 17:34:05"}
{"level":"info","message":"GET /api/catalogos/te-enteraste 304 - 5ms","timestamp":"2026-08-03 17:34:05"}
{"level":"info","message":"GET /api/catalogos/manifestaciones 304 - 5ms","timestamp":"2026-08-03 17:34:05"}
{"level":"info","message":"GET /api/catalogos/tema 304 - 5ms","timestamp":"2026-08-03 17:34:05"}
{"level":"info","message":"[SOCKET] Conexión establecida: alan (Alan Escudero Alvarez) [ID: pO5a1CGRwwANXlMuAAAJ]","timestamp":"2026-08-03 17:34:05"}
{"level":"info","message":"GET /api/participante/mi-registro 304 - 8ms","timestamp":"2026-08-03 17:34:05"}
{"level":"info","message":"GET /api/catalogos/requisitos-archivos 304 - 4ms","timestamp":"2026-08-03 17:34:05"}
{"level":"info","message":"GET /api/participante/mis-archivos 304 - 6ms","timestamp":"2026-08-03 17:34:05"}
{"level":"info","message":"GET /api/admin/participante-archivos/6 304 - 7ms","timestamp":"2026-08-03 17:34:23"}
{"level":"info","message":"[SOCKET] Conexión establecida: validador (Validador Valdes IECM) [ID: 1HFGRMmtGDaU2DiKAAAB]","timestamp":"2026-08-03 17:37:45"}
{"level":"info","message":"[SOCKET] Conexión establecida: alan (Alan Escudero Alvarez) [ID: GW_HzaYkIynU4dA9AAAD]","timestamp":"2026-08-03 17:37:46"}
{"level":"info","message":"[SOCKET] Conexión establecida: alan (Alan Escudero Alvarez) [ID: Ez7iDAEBT0u_HvXYAAAB]","timestamp":"2026-08-03 17:37:55"}
{"level":"info","message":"[SOCKET] Conexión establecida: validador (Validador Valdes IECM) [ID: wWYrR0D7B81VtQxXAAAD]","timestamp":"2026-08-03 17:37:55"}
{"level":"info","message":"[SOCKET] Conexión establecida: alan (Alan Escudero Alvarez) [ID: e_O-ZKhTDG804zQNAAAB]","timestamp":"2026-08-03 17:38:06"}
{"level":"info","message":"[SOCKET] Conexión establecida: validador (Validador Valdes IECM) [ID: oAbPKryksNyfLHJNAAAD]","timestamp":"2026-08-03 17:38:08"}
{"level":"info","message":"[SOCKET] Conexión cerrada: validador [ID: oAbPKryksNyfLHJNAAAD]","timestamp":"2026-08-03 17:38:30"}
{"level":"info","message":"GET /api/catalogos/tema 200 - 5ms","timestamp":"2026-08-03 17:38:30"}
{"level":"info","message":"GET /api/catalogos/convocatoria-activa 200 - 16ms","timestamp":"2026-08-03 17:38:30"}
{"level":"info","message":"GET /api/catalogos/tema 200 - 23ms","timestamp":"2026-08-03 17:38:30"}
{"level":"info","message":"GET /api/notificaciones 200 - 39ms","timestamp":"2026-08-03 17:38:30"}
{"level":"info","message":"[SOCKET] Conexión establecida: validador (Validador Valdes IECM) [ID: CfeTrEseSH0A3s86AAAG]","timestamp":"2026-08-03 17:38:30"}
{"level":"info","message":"GET /api/catalogos/categorias 200 - 37ms","timestamp":"2026-08-03 17:38:30"}
{"level":"info","message":"GET /api/admin/participantes 200 - 54ms","timestamp":"2026-08-03 17:38:30"}
{"level":"info","message":"GET /api/admin/participante-archivos/6 304 - 8ms","timestamp":"2026-08-03 17:38:38"}
{"level":"info","message":"POST /api/admin/observaciones/6 200 - 61ms","timestamp":"2026-08-03 17:39:00"}
{"level":"info","message":"GET /api/admin/participantes 200 - 15ms","timestamp":"2026-08-03 17:39:00"}
{"level":"info","message":"[SOCKET] Conexión cerrada: alan [ID: e_O-ZKhTDG804zQNAAAB]","timestamp":"2026-08-03 17:39:09"}
{"level":"info","message":"GET /api/catalogos/tema 304 - 3ms","timestamp":"2026-08-03 17:39:09"}
{"level":"info","message":"GET /api/catalogos/tema 304 - 5ms","timestamp":"2026-08-03 17:39:10"}
{"level":"info","message":"GET /api/notificaciones 304 - 13ms","timestamp":"2026-08-03 17:39:10"}
{"level":"info","message":"GET /api/catalogos/te-enteraste 304 - 8ms","timestamp":"2026-08-03 17:39:10"}
{"level":"info","message":"GET /api/catalogos/convocatoria-activa 304 - 10ms","timestamp":"2026-08-03 17:39:10"}
{"level":"info","message":"GET /api/catalogos/alcaldias 304 - 17ms","timestamp":"2026-08-03 17:39:10"}
{"level":"info","message":"GET /api/catalogos/manifestaciones 304 - 13ms","timestamp":"2026-08-03 17:39:10"}
{"level":"info","message":"GET /api/catalogos/categorias 304 - 26ms","timestamp":"2026-08-03 17:39:10"}
{"level":"info","message":"[SOCKET] Conexión establecida: alan (Alan Escudero Alvarez) [ID: QulyvyMGmYOAvpayAAAJ]","timestamp":"2026-08-03 17:39:10"}
{"level":"info","message":"GET /api/participante/mi-registro 200 - 13ms","timestamp":"2026-08-03 17:39:10"}
{"level":"info","message":"GET /api/catalogos/requisitos-archivos 304 - 4ms","timestamp":"2026-08-03 17:39:10"}
{"level":"info","message":"GET /api/participante/mis-archivos 304 - 8ms","timestamp":"2026-08-03 17:39:10"}
{"level":"info","message":"GET /api/notificaciones 304 - 9ms","timestamp":"2026-08-03 17:39:13"}
{"level":"info","message":"[SOCKET] Conexión establecida: validador (Validador Valdes IECM) [ID: rdYBLCLvVGZGGC9-AAAB]","timestamp":"2026-08-03 17:41:15"}
{"level":"info","message":"[SOCKET] Conexión establecida: alan (Alan Escudero Alvarez) [ID: hvu3-mY_AmNUdM2NAAAD]","timestamp":"2026-08-03 17:41:17"}
{"level":"info","message":"[SOCKET] Conexión establecida: validador (Validador Valdes IECM) [ID: 2TDvwiU4_35lKFwOAAAB]","timestamp":"2026-08-03 17:41:22"}
{"level":"info","message":"[SOCKET] Conexión establecida: alan (Alan Escudero Alvarez) [ID: OrJ8by11aZq0UiyWAAAD]","timestamp":"2026-08-03 17:41:23"}
{"level":"info","message":"[SOCKET] Conexión establecida: validador (Validador Valdes IECM) [ID: XS4-7JUmL1Gsie-xAAAB]","timestamp":"2026-08-03 17:42:01"}
{"level":"info","message":"[SOCKET] Conexión establecida: alan (Alan Escudero Alvarez) [ID: BynTD-9VqBUKpDYiAAAD]","timestamp":"2026-08-03 17:42:04"}
{"level":"info","message":"[SOCKET] Conexión establecida: validador (Validador Valdes IECM) [ID: mO_XvNcpzTbIXjEOAAAB]","timestamp":"2026-08-03 17:42:16"}
{"level":"info","message":"[SOCKET] Conexión establecida: alan (Alan Escudero Alvarez) [ID: fmcBfL3G6D_VnjNvAAAD]","timestamp":"2026-08-03 17:42:16"}
{"level":"info","message":"[SOCKET] Conexión establecida: alan (Alan Escudero Alvarez) [ID: sWCKEd0NDR_KCJEcAAAB]","timestamp":"2026-08-03 17:42:50"}
{"level":"info","message":"[SOCKET] Conexión establecida: validador (Validador Valdes IECM) [ID: fNCU-JcGTAOZGMasAAAD]","timestamp":"2026-08-03 17:42:51"}
{"level":"info","message":"[SOCKET] Conexión establecida: alan (Alan Escudero Alvarez) [ID: 0jccy-iMsUmIZOWUAAAB]","timestamp":"2026-08-03 17:43:03"}
{"level":"info","message":"[SOCKET] Conexión establecida: validador (Validador Valdes IECM) [ID: TiX4iLh6FvtabTtuAAAD]","timestamp":"2026-08-03 17:43:04"}
{"level":"info","message":"[SOCKET] Conexión cerrada: alan [ID: 0jccy-iMsUmIZOWUAAAB]","timestamp":"2026-08-03 17:43:26"}
{"level":"info","message":"GET /api/catalogos/tema 304 - 8ms","timestamp":"2026-08-03 17:43:26"}
{"level":"info","message":"GET /api/catalogos/convocatoria-activa 304 - 14ms","timestamp":"2026-08-03 17:43:26"}
{"level":"info","message":"GET /api/notificaciones 200 - 36ms","timestamp":"2026-08-03 17:43:26"}
{"level":"info","message":"GET /api/catalogos/tema 304 - 32ms","timestamp":"2026-08-03 17:43:26"}
{"level":"info","message":"GET /api/catalogos/alcaldias 304 - 37ms","timestamp":"2026-08-03 17:43:26"}
{"level":"info","message":"GET /api/catalogos/te-enteraste 304 - 42ms","timestamp":"2026-08-03 17:43:26"}
{"level":"info","message":"GET /api/catalogos/categorias 304 - 52ms","timestamp":"2026-08-03 17:43:26"}
{"level":"info","message":"GET /api/catalogos/manifestaciones 304 - 30ms","timestamp":"2026-08-03 17:43:26"}
{"level":"info","message":"[SOCKET] Conexión establecida: alan (Alan Escudero Alvarez) [ID: h4GiyMwRQllU-OOzAAAG]","timestamp":"2026-08-03 17:43:26"}
{"level":"info","message":"GET /api/participante/mi-registro 304 - 13ms","timestamp":"2026-08-03 17:43:26"}
{"level":"info","message":"GET /api/catalogos/requisitos-archivos 304 - 6ms","timestamp":"2026-08-03 17:43:26"}
{"level":"info","message":"GET /api/participante/mis-archivos 304 - 7ms","timestamp":"2026-08-03 17:43:27"}
{"level":"info","message":"GET /api/notificaciones 304 - 9ms","timestamp":"2026-08-03 17:43:29"}
{"level":"info","message":"DELETE /api/participante/eliminar-archivo-requisito/1 200 - 27ms","timestamp":"2026-08-03 17:44:19"}
{"level":"info","message":"GET /api/catalogos/requisitos-archivos 304 - 11ms","timestamp":"2026-08-03 17:44:19"}
{"level":"info","message":"GET /api/participante/mis-archivos 200 - 10ms","timestamp":"2026-08-03 17:44:19"}
{"level":"info","message":"POST /api/participante/subir-archivo-requisito 200 - 35ms","timestamp":"2026-08-03 17:44:24"}
{"level":"info","message":"GET /api/catalogos/requisitos-archivos 304 - 5ms","timestamp":"2026-08-03 17:44:24"}
{"level":"info","message":"GET /api/participante/mis-archivos 200 - 8ms","timestamp":"2026-08-03 17:44:24"}
{"level":"info","message":"POST /api/participante/completar-registro 200 - 30ms","timestamp":"2026-08-03 17:44:31"}
{"level":"info","message":"GET /api/participante/mi-registro 200 - 10ms","timestamp":"2026-08-03 17:44:32"}
{"level":"info","message":"[SOCKET] Conexión cerrada: validador [ID: TiX4iLh6FvtabTtuAAAD]","timestamp":"2026-08-03 17:44:49"}
{"level":"info","message":"GET /api/catalogos/tema 304 - 4ms","timestamp":"2026-08-03 17:44:49"}
{"level":"info","message":"GET /api/catalogos/tema 304 - 11ms","timestamp":"2026-08-03 17:44:49"}
{"level":"info","message":"GET /api/catalogos/convocatoria-activa 304 - 13ms","timestamp":"2026-08-03 17:44:49"}
{"level":"info","message":"GET /api/notificaciones 304 - 22ms","timestamp":"2026-08-03 17:44:49"}
{"level":"info","message":"GET /api/catalogos/categorias 304 - 33ms","timestamp":"2026-08-03 17:44:49"}
{"level":"info","message":"[SOCKET] Conexión establecida: validador (Validador Valdes IECM) [ID: TPuK_YATm3ODpTZ5AAAJ]","timestamp":"2026-08-03 17:44:49"}
{"level":"info","message":"GET /api/admin/participantes 200 - 47ms","timestamp":"2026-08-03 17:44:49"}
{"level":"info","message":"GET /api/admin/participante-archivos/6 200 - 6ms","timestamp":"2026-08-03 17:44:52"}
{"level":"info","message":"POST /api/admin/validar/6 200 - 69ms","timestamp":"2026-08-03 17:45:07"}
{"level":"info","message":"GET /api/admin/participantes 200 - 14ms","timestamp":"2026-08-03 17:45:07"}
{"level":"info","message":"[SOCKET] Conexión cerrada: alan [ID: h4GiyMwRQllU-OOzAAAG]","timestamp":"2026-08-03 17:45:12"}
{"level":"info","message":"GET /api/catalogos/tema 304 - 6ms","timestamp":"2026-08-03 17:45:12"}
{"level":"info","message":"GET /api/catalogos/convocatoria-activa 304 - 7ms","timestamp":"2026-08-03 17:45:12"}
{"level":"info","message":"GET /api/notificaciones 200 - 11ms","timestamp":"2026-08-03 17:45:12"}
{"level":"info","message":"GET /api/catalogos/categorias 304 - 13ms","timestamp":"2026-08-03 17:45:12"}
{"level":"info","message":"GET /api/catalogos/alcaldias 304 - 4ms","timestamp":"2026-08-03 17:45:12"}
{"level":"info","message":"GET /api/catalogos/te-enteraste 304 - 10ms","timestamp":"2026-08-03 17:45:12"}
{"level":"info","message":"GET /api/catalogos/manifestaciones 304 - 5ms","timestamp":"2026-08-03 17:45:12"}
{"level":"info","message":"[SOCKET] Conexión establecida: alan (Alan Escudero Alvarez) [ID: _cg9zXY4AkVQMWA4AAAM]","timestamp":"2026-08-03 17:45:12"}
{"level":"info","message":"GET /api/catalogos/tema 304 - 6ms","timestamp":"2026-08-03 17:45:12"}
{"level":"info","message":"GET /api/participante/mi-registro 200 - 9ms","timestamp":"2026-08-03 17:45:12"}
{"level":"info","message":"GET /api/catalogos/requisitos-archivos 304 - 5ms","timestamp":"2026-08-03 17:45:12"}
{"level":"info","message":"GET /api/participante/mis-archivos 304 - 6ms","timestamp":"2026-08-03 17:45:12"}
{"level":"info","message":"GET /api/notificaciones 304 - 9ms","timestamp":"2026-08-03 17:45:13"}
{"level":"info","message":"[SOCKET] Conexión cerrada: validador [ID: TPuK_YATm3ODpTZ5AAAJ]","timestamp":"2026-08-03 17:46:09"}
{"level":"info","message":"[SOCKET] Conexión cerrada: alan [ID: _cg9zXY4AkVQMWA4AAAM]","timestamp":"2026-08-03 17:46:09"}
{"level":"info","message":"GET /api/notificaciones 304 - 5ms","timestamp":"2026-08-03 17:46:09"}
{"level":"info","message":"GET /api/notificaciones 304 - 3ms","timestamp":"2026-08-03 17:46:09"}
{"level":"info","message":"[SOCKET] Conexión establecida: validador (Validador Valdes IECM) [ID: 7V0Yhrl0L180nLe8AAAP]","timestamp":"2026-08-03 17:46:09"}
{"level":"info","message":"[SOCKET] Conexión establecida: alan (Alan Escudero Alvarez) [ID: Zrc_BlM43WJjgxogAAAQ]","timestamp":"2026-08-03 17:46:10"}
{"level":"info","message":"[SOCKET] Forzando cierre de conexión para usuario ID: 10","timestamp":"2026-08-03 17:46:17"}
{"level":"info","message":"[SOCKET] Conexión cerrada: alan [ID: Zrc_BlM43WJjgxogAAAQ]","timestamp":"2026-08-03 17:46:17"}
{"level":"info","message":"POST /api/auth/logout 200 - 18ms","timestamp":"2026-08-03 17:46:17"}
{"level":"info","message":"GET /api/catalogos/convocatoria-activa 304 - 5ms","timestamp":"2026-08-03 17:46:17"}
{"level":"info","message":"GET /api/catalogos/categorias 304 - 10ms","timestamp":"2026-08-03 17:46:17"}
{"level":"info","message":"POST /api/auth/login 401 - 66ms","timestamp":"2026-08-03 17:46:27"}
{"level":"info","message":"[SOCKET] Conexión cerrada: validador [ID: 7V0Yhrl0L180nLe8AAAP]","timestamp":"2026-08-03 17:46:30"}
{"level":"info","message":"GET /api/notificaciones 304 - 4ms","timestamp":"2026-08-03 17:46:30"}
{"level":"info","message":"[SOCKET] Conexión establecida: validador (Validador Valdes IECM) [ID: c6IqxUMXugTtfKq1AAAS]","timestamp":"2026-08-03 17:46:30"}
{"level":"info","message":"[SOCKET] Forzando cierre de conexión para usuario ID: 7","timestamp":"2026-08-03 17:46:31"}
{"level":"info","message":"[SOCKET] Conexión cerrada: validador [ID: c6IqxUMXugTtfKq1AAAS]","timestamp":"2026-08-03 17:46:31"}
{"level":"info","message":"POST /api/auth/logout 200 - 16ms","timestamp":"2026-08-03 17:46:31"}
{"level":"info","message":"GET /api/catalogos/convocatoria-activa 304 - 3ms","timestamp":"2026-08-03 17:46:31"}
{"level":"info","message":"GET /api/catalogos/categorias 304 - 5ms","timestamp":"2026-08-03 17:46:31"}
{"level":"info","message":"POST /api/auth/login 200 - 81ms","timestamp":"2026-08-03 17:46:35"}
{"level":"info","message":"[SOCKET] Conexión establecida: superadmin (Superadmin Sistema IECM) [ID: iieMEGpmmdV0c7l9AAAU]","timestamp":"2026-08-03 17:46:35"}
{"level":"info","message":"[SOCKET] Conexión cerrada: superadmin [ID: iieMEGpmmdV0c7l9AAAU]","timestamp":"2026-08-03 17:46:37"}
{"level":"info","message":"GET /api/catalogos/convocatoria-activa 304 - 5ms","timestamp":"2026-08-03 17:46:37"}
{"level":"info","message":"GET /api/catalogos/tema 304 - 8ms","timestamp":"2026-08-03 17:46:37"}
{"level":"info","message":"GET /api/notificaciones 304 - 16ms","timestamp":"2026-08-03 17:46:37"}
{"level":"info","message":"GET /api/catalogos/categorias 304 - 17ms","timestamp":"2026-08-03 17:46:37"}
{"level":"info","message":"[SOCKET] Conexión establecida: superadmin (Superadmin Sistema IECM) [ID: IrICVob_ZO1afgqkAAAW]","timestamp":"2026-08-03 17:46:37"}
{"level":"info","message":"GET /api/superadmin/usuarios 200 - 29ms","timestamp":"2026-08-03 17:46:37"}
{"level":"info","message":"GET /api/superadmin/usuarios 200 - 48ms","timestamp":"2026-08-03 17:46:41"}
{"level":"info","message":"[SOCKET] Conexión establecida: superadmin (Superadmin Sistema IECM) [ID: Fr9SmEX2STT5JPMxAAAB]","timestamp":"2026-08-03 17:46:44"}
{"level":"info","message":"GET /api/superadmin/usuarios 200 - 13ms","timestamp":"2026-08-03 17:46:45"}
{"level":"info","message":"GET /api/superadmin/usuarios 304 - 15ms","timestamp":"2026-08-03 17:46:49"}
{"level":"info","message":"GET /api/superadmin/usuarios 304 - 8ms","timestamp":"2026-08-03 17:46:53"}
{"level":"info","message":"PUT /api/superadmin/usuarios/6 200 - 108ms","timestamp":"2026-08-03 17:46:55"}
{"level":"info","message":"GET /api/superadmin/usuarios 304 - 8ms","timestamp":"2026-08-03 17:46:55"}
{"level":"info","message":"GET /api/superadmin/usuarios 304 - 8ms","timestamp":"2026-08-03 17:46:57"}
{"level":"info","message":"[SOCKET] Forzando cierre de conexión para usuario ID: 1","timestamp":"2026-08-03 17:46:58"}
{"level":"info","message":"[SOCKET] Conexión cerrada: superadmin [ID: Fr9SmEX2STT5JPMxAAAB]","timestamp":"2026-08-03 17:46:58"}
{"level":"info","message":"POST /api/auth/logout 200 - 21ms","timestamp":"2026-08-03 17:46:58"}
{"level":"info","message":"GET /api/catalogos/convocatoria-activa 304 - 7ms","timestamp":"2026-08-03 17:46:59"}
{"level":"info","message":"GET /api/catalogos/categorias 304 - 16ms","timestamp":"2026-08-03 17:46:59"}
{"level":"info","message":"POST /api/auth/login 200 - 74ms","timestamp":"2026-08-03 17:47:07"}
{"level":"info","message":"[SOCKET] Conexión establecida: Leslie (Leslie Landa Garcia) [ID: NCCPQyjzTwYl4KEIAAAD]","timestamp":"2026-08-03 17:47:07"}
{"level":"info","message":"[SOCKET] Conexión cerrada: Leslie [ID: NCCPQyjzTwYl4KEIAAAD]","timestamp":"2026-08-03 17:47:09"}
{"level":"info","message":"GET /api/catalogos/tema 304 - 6ms","timestamp":"2026-08-03 17:47:09"}
{"level":"info","message":"GET /api/notificaciones 304 - 9ms","timestamp":"2026-08-03 17:47:09"}
{"level":"info","message":"GET /api/catalogos/convocatoria-activa 304 - 10ms","timestamp":"2026-08-03 17:47:09"}
{"level":"info","message":"GET /api/catalogos/alcaldias 304 - 15ms","timestamp":"2026-08-03 17:47:09"}
{"level":"info","message":"GET /api/catalogos/te-enteraste 304 - 13ms","timestamp":"2026-08-03 17:47:09"}
{"level":"info","message":"GET /api/catalogos/categorias 304 - 26ms","timestamp":"2026-08-03 17:47:09"}
{"level":"info","message":"GET /api/catalogos/manifestaciones 304 - 8ms","timestamp":"2026-08-03 17:47:09"}
{"level":"info","message":"[SOCKET] Conexión establecida: Leslie (Leslie Landa Garcia) [ID: sCq-U8pV1wZ7wPcVAAAF]","timestamp":"2026-08-03 17:47:09"}
{"level":"info","message":"GET /api/participante/mi-registro 200 - 9ms","timestamp":"2026-08-03 17:47:09"}
{"level":"info","message":"GET /api/catalogos/requisitos-archivos 200 - 6ms","timestamp":"2026-08-03 17:47:09"}
{"level":"info","message":"GET /api/participante/mis-archivos 200 - 7ms","timestamp":"2026-08-03 17:47:09"}
{"level":"info","message":"[SOCKET] Forzando cierre de conexión para usuario ID: 6","timestamp":"2026-08-03 17:47:13"}
{"level":"info","message":"[SOCKET] Conexión cerrada: Leslie [ID: sCq-U8pV1wZ7wPcVAAAF]","timestamp":"2026-08-03 17:47:13"}
{"level":"info","message":"POST /api/auth/logout 200 - 9ms","timestamp":"2026-08-03 17:47:13"}
{"level":"info","message":"GET /api/catalogos/convocatoria-activa 304 - 5ms","timestamp":"2026-08-03 17:47:14"}
{"level":"info","message":"GET /api/catalogos/categorias 304 - 10ms","timestamp":"2026-08-03 17:47:14"}
{"level":"info","message":"POST /api/auth/login 200 - 76ms","timestamp":"2026-08-03 17:47:19"}
{"level":"info","message":"[SOCKET] Conexión establecida: validador (Validador Valdes IECM) [ID: fSfczhU-zBjFkLyOAAAH]","timestamp":"2026-08-03 17:47:19"}
{"level":"info","message":"[SOCKET] Conexión cerrada: validador [ID: fSfczhU-zBjFkLyOAAAH]","timestamp":"2026-08-03 17:47:21"}
{"level":"info","message":"GET /api/catalogos/convocatoria-activa 304 - 7ms","timestamp":"2026-08-03 17:47:21"}
{"level":"info","message":"GET /api/catalogos/tema 304 - 8ms","timestamp":"2026-08-03 17:47:21"}
{"level":"info","message":"GET /api/notificaciones 304 - 16ms","timestamp":"2026-08-03 17:47:21"}
{"level":"info","message":"GET /api/catalogos/categorias 304 - 17ms","timestamp":"2026-08-03 17:47:21"}
{"level":"info","message":"[SOCKET] Conexión establecida: validador (Validador Valdes IECM) [ID: unc0-jjxscWR6vBNAAAJ]","timestamp":"2026-08-03 17:47:21"}
{"level":"info","message":"GET /api/admin/participantes 304 - 33ms","timestamp":"2026-08-03 17:47:21"}
{"level":"info","message":"POST /api/auth/login 200 - 80ms","timestamp":"2026-08-03 17:47:25"}
{"level":"info","message":"[SOCKET] Conexión establecida: Leslie (Leslie Landa Garcia) [ID: m5-_7IBQDFdRnHnwAAAL]","timestamp":"2026-08-03 17:47:25"}
{"level":"info","message":"[SOCKET] Conexión cerrada: Leslie [ID: m5-_7IBQDFdRnHnwAAAL]","timestamp":"2026-08-03 17:47:26"}
{"level":"info","message":"GET /api/catalogos/tema 304 - 5ms","timestamp":"2026-08-03 17:47:26"}
{"level":"info","message":"GET /api/catalogos/convocatoria-activa 304 - 8ms","timestamp":"2026-08-03 17:47:26"}
{"level":"info","message":"GET /api/notificaciones 200 - 13ms","timestamp":"2026-08-03 17:47:26"}
{"level":"info","message":"GET /api/catalogos/alcaldias 304 - 10ms","timestamp":"2026-08-03 17:47:26"}
{"level":"info","message":"GET /api/catalogos/te-enteraste 304 - 9ms","timestamp":"2026-08-03 17:47:26"}
{"level":"info","message":"GET /api/catalogos/categorias 304 - 19ms","timestamp":"2026-08-03 17:47:26"}
{"level":"info","message":"GET /api/catalogos/manifestaciones 304 - 9ms","timestamp":"2026-08-03 17:47:26"}
{"level":"info","message":"[SOCKET] Conexión establecida: Leslie (Leslie Landa Garcia) [ID: mKQ-h-zKhjQ4ZHX5AAAN]","timestamp":"2026-08-03 17:47:26"}
{"level":"info","message":"GET /api/participante/mi-registro 200 - 10ms","timestamp":"2026-08-03 17:47:26"}
{"level":"info","message":"GET /api/catalogos/requisitos-archivos 304 - 4ms","timestamp":"2026-08-03 17:47:27"}
{"level":"info","message":"GET /api/participante/mis-archivos 200 - 6ms","timestamp":"2026-08-03 17:47:27"}
{"level":"info","message":"GET /api/admin/participante-archivos/4 304 - 7ms","timestamp":"2026-08-03 17:47:32"}
{"level":"info","message":"[SOCKET] Conexión cerrada: Leslie [ID: mKQ-h-zKhjQ4ZHX5AAAN]","timestamp":"2026-08-03 17:47:45"}
{"level":"info","message":"GET /api/catalogos/tema 200 - 2ms","timestamp":"2026-08-03 17:47:45"}
{"level":"info","message":"GET /api/catalogos/tema 200 - 7ms","timestamp":"2026-08-03 17:47:45"}
{"level":"info","message":"GET /api/notificaciones 200 - 12ms","timestamp":"2026-08-03 17:47:45"}
{"level":"info","message":"GET /api/catalogos/convocatoria-activa 200 - 8ms","timestamp":"2026-08-03 17:47:45"}
{"level":"info","message":"GET /api/catalogos/alcaldias 200 - 8ms","timestamp":"2026-08-03 17:47:45"}
{"level":"info","message":"GET /api/catalogos/categorias 200 - 12ms","timestamp":"2026-08-03 17:47:45"}
{"level":"info","message":"GET /api/catalogos/te-enteraste 200 - 6ms","timestamp":"2026-08-03 17:47:45"}
{"level":"info","message":"GET /api/catalogos/manifestaciones 200 - 5ms","timestamp":"2026-08-03 17:47:45"}
{"level":"info","message":"[SOCKET] Conexión establecida: Leslie (Leslie Landa Garcia) [ID: F9CB6EGsw6z9InanAAAQ]","timestamp":"2026-08-03 17:47:45"}
{"level":"info","message":"GET /api/participante/mi-registro 304 - 9ms","timestamp":"2026-08-03 17:47:45"}
{"level":"info","message":"GET /api/catalogos/requisitos-archivos 304 - 4ms","timestamp":"2026-08-03 17:47:45"}
{"level":"info","message":"GET /api/participante/mis-archivos 304 - 6ms","timestamp":"2026-08-03 17:47:45"}
{"level":"info","message":"[SOCKET] Conexión cerrada: validador [ID: unc0-jjxscWR6vBNAAAJ]","timestamp":"2026-08-03 17:47:52"}
{"level":"info","message":"GET /api/catalogos/tema 200 - 5ms","timestamp":"2026-08-03 17:47:53"}
{"level":"info","message":"GET /api/catalogos/convocatoria-activa 200 - 10ms","timestamp":"2026-08-03 17:47:53"}
{"level":"info","message":"GET /api/notificaciones 200 - 18ms","timestamp":"2026-08-03 17:47:53"}
{"level":"info","message":"GET /api/catalogos/categorias 200 - 17ms","timestamp":"2026-08-03 17:47:53"}
{"level":"info","message":"GET /api/catalogos/tema 200 - 14ms","timestamp":"2026-08-03 17:47:53"}
{"level":"info","message":"[SOCKET] Conexión establecida: validador (Validador Valdes IECM) [ID: zWFs6VXYqKNnlIavAAAT]","timestamp":"2026-08-03 17:47:53"}
{"level":"info","message":"GET /api/admin/participantes 200 - 47ms","timestamp":"2026-08-03 17:47:53"}
{"level":"info","message":"GET /api/admin/participante-archivos/4 304 - 6ms","timestamp":"2026-08-03 17:47:55"}
{"level":"info","message":"POST /api/admin/observaciones/4 200 - 110ms","timestamp":"2026-08-03 17:48:02"}
{"level":"info","message":"GET /api/admin/participantes 200 - 10ms","timestamp":"2026-08-03 17:48:02"}
{"level":"info","message":"[SOCKET] Conexión cerrada: Leslie [ID: F9CB6EGsw6z9InanAAAQ]","timestamp":"2026-08-03 17:48:05"}
{"level":"info","message":"GET /api/catalogos/tema 304 - 2ms","timestamp":"2026-08-03 17:48:06"}
{"level":"info","message":"GET /api/catalogos/convocatoria-activa 304 - 8ms","timestamp":"2026-08-03 17:48:06"}
{"level":"info","message":"GET /api/catalogos/alcaldias 304 - 10ms","timestamp":"2026-08-03 17:48:06"}
{"level":"info","message":"GET /api/notificaciones 200 - 17ms","timestamp":"2026-08-03 17:48:06"}
{"level":"info","message":"GET /api/catalogos/te-enteraste 304 - 14ms","timestamp":"2026-08-03 17:48:06"}
{"level":"info","message":"GET /api/catalogos/categorias 304 - 18ms","timestamp":"2026-08-03 17:48:06"}
{"level":"info","message":"GET /api/catalogos/manifestaciones 304 - 9ms","timestamp":"2026-08-03 17:48:06"}
{"level":"info","message":"GET /api/catalogos/tema 304 - 7ms","timestamp":"2026-08-03 17:48:06"}
{"level":"info","message":"[SOCKET] Conexión establecida: Leslie (Leslie Landa Garcia) [ID: eUi7B5piH7u0lERqAAAW]","timestamp":"2026-08-03 17:48:06"}
{"level":"info","message":"GET /api/participante/mi-registro 200 - 10ms","timestamp":"2026-08-03 17:48:06"}
{"level":"info","message":"GET /api/catalogos/requisitos-archivos 304 - 4ms","timestamp":"2026-08-03 17:48:06"}
{"level":"info","message":"GET /api/participante/mis-archivos 304 - 6ms","timestamp":"2026-08-03 17:48:06"}
{"level":"info","message":"GET /api/notificaciones 304 - 4ms","timestamp":"2026-08-03 17:48:08"}
{"level":"info","message":"POST /api/notificaciones/marcar-leida 200 - 17ms","timestamp":"2026-08-03 17:48:10"}
{"level":"info","message":"POST /api/participante/subir-archivo-requisito 200 - 39ms","timestamp":"2026-08-03 17:48:18"}
{"level":"info","message":"GET /api/catalogos/requisitos-archivos 304 - 5ms","timestamp":"2026-08-03 17:48:18"}
{"level":"info","message":"GET /api/participante/mis-archivos 200 - 7ms","timestamp":"2026-08-03 17:48:18"}
{"level":"info","message":"POST /api/participante/completar-registro 200 - 42ms","timestamp":"2026-08-03 17:48:22"}
{"level":"info","message":"GET /api/participante/mi-registro 200 - 9ms","timestamp":"2026-08-03 17:48:23"}
{"level":"info","message":"[SOCKET] Conexión cerrada: validador [ID: zWFs6VXYqKNnlIavAAAT]","timestamp":"2026-08-03 17:48:26"}
{"level":"info","message":"GET /api/catalogos/tema 304 - 4ms","timestamp":"2026-08-03 17:48:26"}
{"level":"info","message":"GET /api/catalogos/convocatoria-activa 304 - 8ms","timestamp":"2026-08-03 17:48:26"}
{"level":"info","message":"GET /api/catalogos/tema 304 - 7ms","timestamp":"2026-08-03 17:48:26"}
{"level":"info","message":"GET /api/notificaciones 304 - 18ms","timestamp":"2026-08-03 17:48:26"}
{"level":"info","message":"GET /api/catalogos/categorias 304 - 19ms","timestamp":"2026-08-03 17:48:26"}
{"level":"info","message":"[SOCKET] Conexión establecida: validador (Validador Valdes IECM) [ID: OLRLyvOvfEgqGn9KAAAZ]","timestamp":"2026-08-03 17:48:26"}
{"level":"info","message":"GET /api/admin/participantes 200 - 34ms","timestamp":"2026-08-03 17:48:26"}
{"level":"info","message":"GET /api/admin/participante-archivos/4 200 - 6ms","timestamp":"2026-08-03 17:48:30"}
{"level":"info","message":"POST /api/admin/validar/4 200 - 40ms","timestamp":"2026-08-03 17:48:37"}
{"level":"info","message":"GET /api/admin/participantes 200 - 12ms","timestamp":"2026-08-03 17:48:37"}
{"level":"info","message":"[SOCKET] Conexión cerrada: Leslie [ID: eUi7B5piH7u0lERqAAAW]","timestamp":"2026-08-03 17:48:42"}
{"level":"info","message":"GET /api/catalogos/tema 304 - 2ms","timestamp":"2026-08-03 17:48:42"}
{"level":"info","message":"GET /api/catalogos/convocatoria-activa 304 - 5ms","timestamp":"2026-08-03 17:48:42"}
{"level":"info","message":"GET /api/catalogos/alcaldias 304 - 7ms","timestamp":"2026-08-03 17:48:42"}
{"level":"info","message":"GET /api/notificaciones 200 - 10ms","timestamp":"2026-08-03 17:48:42"}
{"level":"info","message":"GET /api/catalogos/te-enteraste 304 - 6ms","timestamp":"2026-08-03 17:48:42"}
{"level":"info","message":"GET /api/catalogos/categorias 304 - 13ms","timestamp":"2026-08-03 17:48:42"}
{"level":"info","message":"GET /api/catalogos/manifestaciones 304 - 8ms","timestamp":"2026-08-03 17:48:42"}
{"level":"info","message":"GET /api/catalogos/tema 304 - 8ms","timestamp":"2026-08-03 17:48:42"}
{"level":"info","message":"[SOCKET] Conexión establecida: Leslie (Leslie Landa Garcia) [ID: tGijaKzJdKi42tSsAAAc]","timestamp":"2026-08-03 17:48:42"}
{"level":"info","message":"GET /api/participante/mi-registro 200 - 8ms","timestamp":"2026-08-03 17:48:42"}
{"level":"info","message":"GET /api/catalogos/requisitos-archivos 304 - 5ms","timestamp":"2026-08-03 17:48:42"}
{"level":"info","message":"GET /api/participante/mis-archivos 304 - 5ms","timestamp":"2026-08-03 17:48:42"}
{"level":"info","message":"GET /api/notificaciones 304 - 8ms","timestamp":"2026-08-03 17:48:46"}
{"level":"info","message":"POST /api/notificaciones/marcar-leida 200 - 13ms","timestamp":"2026-08-03 17:48:58"}
{"level":"info","message":"GET /api/documentos/descargar-acuse 200 - 10ms","timestamp":"2026-08-03 17:49:03"}
{"level":"info","message":"GET /api/documentos/obtener-acuse?token=eyJhbGciOiJIUzI1NiIsInR5cCI6IkpXVCJ9.eyJpZF9wYXJ0aWNpcGFudGUiOjQsImlkX3VzdWFyaW8iOjYsImp0aSI6ImY3ZDhhNDAwLWY2MjUtNGQxNi04ZGI5LWM2YzNjNTJjYzA0ZiIsImlhdCI6MTc4NTgwMDk0MywiZXhwIjoxNzg1ODAxODQzfQ.UFT8Mp3053ks4QzGQlSVG6q6B7Q37oFEstZheKAQY5Q 200 - 88ms","timestamp":"2026-08-03 17:49:03"}
{"level":"info","message":"GET /api/participante/mi-registro 200 - 10ms","timestamp":"2026-08-03 17:49:05"}
{"level":"info","message":"[SOCKET] Forzando cierre de conexión para usuario ID: 7","timestamp":"2026-08-03 17:49:37"}
{"level":"info","message":"[SOCKET] Conexión cerrada: validador [ID: OLRLyvOvfEgqGn9KAAAZ]","timestamp":"2026-08-03 17:49:37"}
{"level":"info","message":"POST /api/auth/logout 200 - 10ms","timestamp":"2026-08-03 17:49:37"}
{"level":"info","message":"GET /api/catalogos/convocatoria-activa 304 - 4ms","timestamp":"2026-08-03 17:49:37"}
{"level":"info","message":"GET /api/catalogos/categorias 304 - 7ms","timestamp":"2026-08-03 17:49:37"}
{"level":"info","message":"POST /api/auth/login 401 - 66ms","timestamp":"2026-08-03 17:49:49"}
{"level":"info","message":"POST /api/auth/login 401 - 65ms","timestamp":"2026-08-03 17:49:53"}
{"level":"info","message":"POST /api/auth/login 200 - 77ms","timestamp":"2026-08-03 17:50:00"}
{"level":"info","message":"[SOCKET] Conexión establecida: superadmin (Superadmin Sistema IECM) [ID: s-AtYdoEQ0jS4EC9AAAe]","timestamp":"2026-08-03 17:50:00"}
{"level":"info","message":"[SOCKET] Conexión cerrada: superadmin [ID: s-AtYdoEQ0jS4EC9AAAe]","timestamp":"2026-08-03 17:50:02"}
{"level":"info","message":"GET /api/catalogos/convocatoria-activa 304 - 7ms","timestamp":"2026-08-03 17:50:02"}
{"level":"info","message":"GET /api/catalogos/tema 304 - 10ms","timestamp":"2026-08-03 17:50:02"}
{"level":"info","message":"GET /api/notificaciones 304 - 18ms","timestamp":"2026-08-03 17:50:02"}
{"level":"info","message":"[SOCKET] Conexión establecida: superadmin (Superadmin Sistema IECM) [ID: jjZa073uRDGTibycAAAg]","timestamp":"2026-08-03 17:50:02"}
{"level":"info","message":"GET /api/catalogos/categorias 304 - 22ms","timestamp":"2026-08-03 17:50:02"}
{"level":"info","message":"GET /api/superadmin/usuarios 200 - 30ms","timestamp":"2026-08-03 17:50:02"}
{"level":"info","message":"GET /api/superadmin/convocatorias 304 - 5ms","timestamp":"2026-08-03 17:50:05"}
{"level":"info","message":"GET /api/superadmin/estadisticas?id_convocatoria=1 200 - 11ms","timestamp":"2026-08-03 17:50:05"}
{"level":"info","message":"[SOCKET] Conexión establecida: Leslie (Leslie Landa Garcia) [ID: nxKVfWOQsx1a7BtxAAAB]","timestamp":"2026-08-03 17:51:19"}
{"level":"info","message":"[SOCKET] Conexión establecida: superadmin (Superadmin Sistema IECM) [ID: KNwNqqvEvUEsrRViAAAD]","timestamp":"2026-08-03 17:51:19"}
{"level":"info","message":"[SOCKET] Conexión establecida: Leslie (Leslie Landa Garcia) [ID: 3DhQxSFE1evhTgBrAAAB]","timestamp":"2026-08-03 17:51:39"}
{"level":"info","message":"[SOCKET] Conexión establecida: superadmin (Superadmin Sistema IECM) [ID: cE3orP00vwrYKISqAAAD]","timestamp":"2026-08-03 17:51:40"}
{"level":"info","message":"[SOCKET] Conexión establecida: Leslie (Leslie Landa Garcia) [ID: HGoVndSHNGogMXWdAAAB]","timestamp":"2026-08-03 17:52:28"}
{"level":"info","message":"[SOCKET] Conexión establecida: superadmin (Superadmin Sistema IECM) [ID: boRvBGj-mXQO5J_XAAAD]","timestamp":"2026-08-03 17:52:29"}
{"level":"info","message":"GET /api/superadmin/convocatorias 304 - 6ms","timestamp":"2026-08-03 17:52:57"}
{"level":"info","message":"GET /api/superadmin/estadisticas?id_convocatoria=1 304 - 9ms","timestamp":"2026-08-03 17:52:57"}
{"level":"info","message":"[SOCKET] Conexión establecida: superadmin (Superadmin Sistema IECM) [ID: sywxdHd7M9qpptheAAAB]","timestamp":"2026-08-03 17:53:06"}
{"level":"info","message":"[SOCKET] Conexión establecida: Leslie (Leslie Landa Garcia) [ID: v3WOlkLoUbn7-FG8AAAD]","timestamp":"2026-08-03 17:53:06"}
{"level":"info","message":"GET /api/superadmin/convocatorias 304 - 8ms","timestamp":"2026-08-03 17:53:46"}
{"level":"info","message":"GET /api/superadmin/estadisticas?id_convocatoria=1 304 - 17ms","timestamp":"2026-08-03 17:53:46"}
{"level":"info","message":"GET /api/superadmin/usuarios 304 - 8ms","timestamp":"2026-08-03 17:54:08"}
{"level":"info","message":"GET /api/superadmin/usuarios 304 - 8ms","timestamp":"2026-08-03 17:54:11"}
{"level":"info","message":"GET /api/superadmin/usuarios 304 - 7ms","timestamp":"2026-08-03 17:54:15"}
{"level":"info","message":"GET /api/superadmin/usuarios 304 - 8ms","timestamp":"2026-08-03 17:54:19"}
{"level":"info","message":"GET /api/superadmin/convocatorias 304 - 6ms","timestamp":"2026-08-03 17:54:20"}
{"level":"info","message":"GET /api/superadmin/estadisticas?id_convocatoria=1 304 - 9ms","timestamp":"2026-08-03 17:54:20"}
{"level":"info","message":"GET /api/superadmin/convocatorias 304 - 4ms","timestamp":"2026-08-03 17:55:03"}
{"level":"info","message":"GET /api/superadmin/estadisticas?id_convocatoria=1 304 - 11ms","timestamp":"2026-08-03 17:55:03"}
{"level":"info","message":"[SOCKET] Forzando cierre de conexión para usuario ID: 1","timestamp":"2026-08-03 17:56:04"}
{"level":"info","message":"[SOCKET] Conexión cerrada: superadmin [ID: sywxdHd7M9qpptheAAAB]","timestamp":"2026-08-03 17:56:04"}
{"level":"info","message":"POST /api/auth/logout 200 - 13ms","timestamp":"2026-08-03 17:56:04"}
{"level":"info","message":"GET /api/catalogos/convocatoria-activa 304 - 2ms","timestamp":"2026-08-03 17:56:04"}
{"level":"info","message":"GET /api/catalogos/categorias 304 - 5ms","timestamp":"2026-08-03 17:56:04"}
{"level":"info","message":"GET /api/catalogos/convocatoria-activa 304 - 3ms","timestamp":"2026-08-03 17:56:06"}
{"level":"info","message":"GET /api/catalogos/categorias 304 - 4ms","timestamp":"2026-08-03 17:56:06"}
{"level":"info","message":"GET /api/catalogos/convocatoria-activa 304 - 3ms","timestamp":"2026-08-03 17:56:21"}
{"level":"info","message":"GET /api/catalogos/categorias 304 - 5ms","timestamp":"2026-08-03 17:56:21"}
{"level":"info","message":"POST /api/auth/login 200 - 65ms","timestamp":"2026-08-03 17:56:27"}
{"level":"info","message":"[SOCKET] Conexión establecida: superadmin (Superadmin Sistema IECM) [ID: NC2xrCayLmF458LpAAAF]","timestamp":"2026-08-03 17:56:27"}
{"level":"info","message":"[SOCKET] Conexión cerrada: superadmin [ID: NC2xrCayLmF458LpAAAF]","timestamp":"2026-08-03 17:56:28"}
{"level":"info","message":"GET /api/catalogos/convocatoria-activa 304 - 8ms","timestamp":"2026-08-03 17:56:28"}
{"level":"info","message":"GET /api/catalogos/tema 304 - 17ms","timestamp":"2026-08-03 17:56:29"}
{"level":"info","message":"GET /api/notificaciones 304 - 26ms","timestamp":"2026-08-03 17:56:29"}
{"level":"info","message":"GET /api/catalogos/categorias 304 - 30ms","timestamp":"2026-08-03 17:56:29"}
{"level":"info","message":"[SOCKET] Conexión establecida: superadmin (Superadmin Sistema IECM) [ID: E2G87eLSqwfyp_E3AAAH]","timestamp":"2026-08-03 17:56:29"}
{"level":"info","message":"GET /api/superadmin/usuarios 304 - 42ms","timestamp":"2026-08-03 17:56:29"}
{"level":"info","message":"GET /api/superadmin/usuarios 304 - 10ms","timestamp":"2026-08-03 17:56:32"}
{"level":"info","message":"GET /api/superadmin/usuarios 304 - 10ms","timestamp":"2026-08-03 17:56:36"}
{"level":"info","message":"GET /api/superadmin/usuarios 304 - 9ms","timestamp":"2026-08-03 17:56:40"}
{"level":"info","message":"[SOCKET] Forzando cierre de conexión para usuario ID: 6","timestamp":"2026-08-03 17:56:42"}
{"level":"info","message":"[SOCKET] Conexión cerrada: Leslie [ID: v3WOlkLoUbn7-FG8AAAD]","timestamp":"2026-08-03 17:56:42"}
{"level":"info","message":"POST /api/auth/logout 200 - 15ms","timestamp":"2026-08-03 17:56:42"}
{"level":"info","message":"GET /api/catalogos/convocatoria-activa 304 - 7ms","timestamp":"2026-08-03 17:56:43"}
{"level":"info","message":"GET /api/catalogos/categorias 304 - 10ms","timestamp":"2026-08-03 17:56:43"}
{"level":"info","message":"GET /api/superadmin/usuarios 200 - 8ms","timestamp":"2026-08-03 17:56:44"}
{"level":"info","message":"GET /api/superadmin/usuarios 304 - 16ms","timestamp":"2026-08-03 17:56:48"}
{"level":"info","message":"GET /api/superadmin/usuarios 304 - 10ms","timestamp":"2026-08-03 17:56:52"}
{"level":"info","message":"PUT /api/superadmin/usuarios/2 200 - 89ms","timestamp":"2026-08-03 17:56:53"}
{"level":"info","message":"GET /api/superadmin/usuarios 304 - 12ms","timestamp":"2026-08-03 17:56:53"}
{"level":"info","message":"GET /api/superadmin/usuarios 304 - 11ms","timestamp":"2026-08-03 17:56:56"}
{"level":"info","message":"GET /api/superadmin/usuarios 304 - 7ms","timestamp":"2026-08-03 17:57:00"}
{"level":"info","message":"POST /api/auth/login 200 - 73ms","timestamp":"2026-08-03 17:57:02"}
{"level":"info","message":"[SOCKET] Conexión establecida: Bruno (Giovanni Bruno Corona Landa) [ID: JPqZjvkDB048WCz6AAAJ]","timestamp":"2026-08-03 17:57:02"}
{"level":"info","message":"[SOCKET] Conexión cerrada: Bruno [ID: JPqZjvkDB048WCz6AAAJ]","timestamp":"2026-08-03 17:57:04"}
{"level":"info","message":"GET /api/catalogos/tema 304 - 7ms","timestamp":"2026-08-03 17:57:04"}
{"level":"info","message":"GET /api/catalogos/convocatoria-activa 304 - 9ms","timestamp":"2026-08-03 17:57:04"}
{"level":"info","message":"GET /api/notificaciones 200 - 19ms","timestamp":"2026-08-03 17:57:04"}
{"level":"info","message":"GET /api/catalogos/alcaldias 304 - 15ms","timestamp":"2026-08-03 17:57:04"}
{"level":"info","message":"GET /api/catalogos/te-enteraste 304 - 13ms","timestamp":"2026-08-03 17:57:04"}
{"level":"info","message":"GET /api/catalogos/categorias 304 - 26ms","timestamp":"2026-08-03 17:57:04"}
{"level":"info","message":"GET /api/catalogos/manifestaciones 304 - 14ms","timestamp":"2026-08-03 17:57:04"}
{"level":"info","message":"[SOCKET] Conexión establecida: Bruno (Giovanni Bruno Corona Landa) [ID: 5EtK3DT8BLDGwIdlAAAL]","timestamp":"2026-08-03 17:57:04"}
{"level":"info","message":"GET /api/participante/mi-registro 200 - 10ms","timestamp":"2026-08-03 17:57:04"}
{"level":"info","message":"GET /api/catalogos/requisitos-archivos 304 - 5ms","timestamp":"2026-08-03 17:57:04"}
{"level":"info","message":"GET /api/participante/mis-archivos 200 - 8ms","timestamp":"2026-08-03 17:57:04"}
{"level":"info","message":"GET /api/superadmin/usuarios 200 - 8ms","timestamp":"2026-08-03 17:57:04"}
{"level":"info","message":"GET /api/superadmin/usuarios 304 - 7ms","timestamp":"2026-08-03 17:57:08"}
{"level":"info","message":"GET /api/superadmin/convocatorias 304 - 5ms","timestamp":"2026-08-03 17:57:12"}
{"level":"info","message":"GET /api/superadmin/categorias/1 304 - 6ms","timestamp":"2026-08-03 17:57:12"}
{"level":"info","message":"GET /api/superadmin/requisitos-archivos/1 304 - 5ms","timestamp":"2026-08-03 17:57:12"}
{"level":"info","message":"PATCH /api/superadmin/requisitos-archivos/2/status 200 - 10ms","timestamp":"2026-08-03 17:57:22"}
{"level":"info","message":"GET /api/superadmin/requisitos-archivos/1 200 - 5ms","timestamp":"2026-08-03 17:57:22"}
{"level":"info","message":"[SOCKET] Conexión cerrada: Bruno [ID: 5EtK3DT8BLDGwIdlAAAL]","timestamp":"2026-08-03 17:57:24"}
{"level":"info","message":"GET /api/catalogos/tema 304 - 2ms","timestamp":"2026-08-03 17:57:24"}
{"level":"info","message":"GET /api/catalogos/convocatoria-activa 304 - 5ms","timestamp":"2026-08-03 17:57:24"}
{"level":"info","message":"GET /api/notificaciones 304 - 13ms","timestamp":"2026-08-03 17:57:24"}
{"level":"info","message":"GET /api/catalogos/tema 304 - 6ms","timestamp":"2026-08-03 17:57:24"}
{"level":"info","message":"GET /api/catalogos/alcaldias 304 - 8ms","timestamp":"2026-08-03 17:57:24"}
{"level":"info","message":"GET /api/catalogos/categorias 304 - 14ms","timestamp":"2026-08-03 17:57:24"}
{"level":"info","message":"GET /api/catalogos/te-enteraste 304 - 8ms","timestamp":"2026-08-03 17:57:24"}
{"level":"info","message":"GET /api/catalogos/manifestaciones 304 - 11ms","timestamp":"2026-08-03 17:57:24"}
{"level":"info","message":"[SOCKET] Conexión establecida: Bruno (Giovanni Bruno Corona Landa) [ID: lcC_Dx11zv1MuG7WAAAO]","timestamp":"2026-08-03 17:57:24"}
{"level":"info","message":"GET /api/participante/mi-registro 304 - 8ms","timestamp":"2026-08-03 17:57:24"}
{"level":"info","message":"GET /api/catalogos/requisitos-archivos 200 - 3ms","timestamp":"2026-08-03 17:57:24"}
{"level":"info","message":"GET /api/participante/mis-archivos 304 - 5ms","timestamp":"2026-08-03 17:57:24"}
{"level":"info","message":"PATCH /api/superadmin/requisitos-archivos/2/status 200 - 12ms","timestamp":"2026-08-03 17:57:35"}
{"level":"info","message":"GET /api/superadmin/requisitos-archivos/1 200 - 8ms","timestamp":"2026-08-03 17:57:35"}
{"level":"info","message":"[SOCKET] Conexión cerrada: Bruno [ID: lcC_Dx11zv1MuG7WAAAO]","timestamp":"2026-08-03 17:57:40"}
{"level":"info","message":"GET /api/catalogos/tema 304 - 7ms","timestamp":"2026-08-03 17:57:40"}
{"level":"info","message":"GET /api/catalogos/convocatoria-activa 304 - 5ms","timestamp":"2026-08-03 17:57:40"}
{"level":"info","message":"GET /api/notificaciones 304 - 10ms","timestamp":"2026-08-03 17:57:40"}
{"level":"info","message":"GET /api/catalogos/alcaldias 304 - 6ms","timestamp":"2026-08-03 17:57:40"}
{"level":"info","message":"GET /api/catalogos/categorias 304 - 11ms","timestamp":"2026-08-03 17:57:40"}
{"level":"info","message":"GET /api/catalogos/te-enteraste 304 - 5ms","timestamp":"2026-08-03 17:57:40"}
{"level":"info","message":"GET /api/catalogos/manifestaciones 304 - 7ms","timestamp":"2026-08-03 17:57:40"}
{"level":"info","message":"GET /api/catalogos/tema 304 - 6ms","timestamp":"2026-08-03 17:57:40"}
{"level":"info","message":"[SOCKET] Conexión establecida: Bruno (Giovanni Bruno Corona Landa) [ID: noyP5aRwQRxyYtqdAAAR]","timestamp":"2026-08-03 17:57:40"}
{"level":"info","message":"GET /api/participante/mi-registro 304 - 9ms","timestamp":"2026-08-03 17:57:40"}
{"level":"info","message":"GET /api/catalogos/requisitos-archivos 200 - 4ms","timestamp":"2026-08-03 17:57:40"}
{"level":"info","message":"GET /api/participante/mis-archivos 304 - 7ms","timestamp":"2026-08-03 17:57:40"}
{"level":"info","message":"GET /api/superadmin/convocatorias 304 - 7ms","timestamp":"2026-08-03 17:57:51"}
{"level":"info","message":"GET /api/superadmin/estadisticas?id_convocatoria=1 304 - 16ms","timestamp":"2026-08-03 17:57:51"}
{"level":"info","message":"GET /api/notificaciones 304 - 6ms","timestamp":"2026-08-03 17:58:18"}
{"level":"info","message":"GET /api/notificaciones 304 - 8ms","timestamp":"2026-08-03 17:58:20"}
{"level":"info","message":"[SOCKET] Forzando cierre de conexión para usuario ID: 2","timestamp":"2026-08-03 17:59:08"}
{"level":"info","message":"[SOCKET] Conexión cerrada: Bruno [ID: noyP5aRwQRxyYtqdAAAR]","timestamp":"2026-08-03 17:59:08"}
{"level":"info","message":"POST /api/auth/logout 200 - 19ms","timestamp":"2026-08-03 17:59:08"}
{"level":"info","message":"GET /api/catalogos/convocatoria-activa 304 - 3ms","timestamp":"2026-08-03 17:59:08"}
{"level":"info","message":"GET /api/catalogos/categorias 304 - 4ms","timestamp":"2026-08-03 17:59:08"}
{"level":"info","message":"[SOCKET] Forzando cierre de conexión para usuario ID: 1","timestamp":"2026-08-03 17:59:11"}
{"level":"info","message":"[SOCKET] Conexión cerrada: superadmin [ID: E2G87eLSqwfyp_E3AAAH]","timestamp":"2026-08-03 17:59:11"}
{"level":"info","message":"POST /api/auth/logout 200 - 12ms","timestamp":"2026-08-03 17:59:11"}
{"level":"info","message":"GET /api/catalogos/convocatoria-activa 304 - 3ms","timestamp":"2026-08-03 17:59:11"}
{"level":"info","message":"GET /api/catalogos/categorias 304 - 5ms","timestamp":"2026-08-03 17:59:11"}
{"level":"info","message":"GET /api/catalogos/tema 304 - 10ms","timestamp":"2026-08-04 11:45:22"}
{"level":"info","message":"GET /api/catalogos/convocatoria-activa 304 - 22ms","timestamp":"2026-08-04 11:45:22"}
{"level":"info","message":"GET /api/catalogos/categorias 304 - 28ms","timestamp":"2026-08-04 11:45:22"}
{"level":"info","message":"POST /api/auth/login 200 - 65ms","timestamp":"2026-08-04 11:59:37"}
{"level":"info","message":"[SOCKET] Conexión establecida: superadmin (Superadmin Sistema IECM) [ID: NZ3Z20cAGyzbMV4WAAAB]","timestamp":"2026-08-04 11:59:37"}
{"level":"info","message":"[SOCKET] Conexión cerrada: superadmin [ID: NZ3Z20cAGyzbMV4WAAAB]","timestamp":"2026-08-04 11:59:39"}
{"level":"info","message":"GET /api/catalogos/convocatoria-activa 304 - 5ms","timestamp":"2026-08-04 11:59:39"}
{"level":"info","message":"GET /api/catalogos/tema 304 - 8ms","timestamp":"2026-08-04 11:59:39"}
{"level":"info","message":"GET /api/catalogos/categorias 304 - 14ms","timestamp":"2026-08-04 11:59:39"}
{"level":"info","message":"GET /api/notificaciones 304 - 23ms","timestamp":"2026-08-04 11:59:39"}
{"level":"info","message":"[SOCKET] Conexión establecida: superadmin (Superadmin Sistema IECM) [ID: gHQbYCFLg9mKtsfXAAAD]","timestamp":"2026-08-04 11:59:39"}
{"level":"info","message":"GET /api/superadmin/usuarios 200 - 29ms","timestamp":"2026-08-04 11:59:39"}
{"level":"info","message":"GET /api/superadmin/usuarios 304 - 7ms","timestamp":"2026-08-04 11:59:43"}
{"level":"info","message":"GET /api/superadmin/usuarios 304 - 6ms","timestamp":"2026-08-04 11:59:47"}
{"level":"info","message":"GET /api/superadmin/usuarios 304 - 10ms","timestamp":"2026-08-04 12:08:09"}
{"level":"info","message":"GET /api/superadmin/usuarios 304 - 6ms","timestamp":"2026-08-04 12:08:13"}
{"level":"info","message":"GET /api/superadmin/usuarios 304 - 7ms","timestamp":"2026-08-04 12:08:17"}
{"level":"info","message":"GET /api/superadmin/usuarios 304 - 7ms","timestamp":"2026-08-04 12:08:21"}
{"level":"info","message":"GET /api/superadmin/usuarios 304 - 7ms","timestamp":"2026-08-04 12:08:25"}
{"level":"info","message":"GET /api/superadmin/usuarios 304 - 6ms","timestamp":"2026-08-04 12:08:29"}
{"level":"info","message":"GET /api/superadmin/usuarios 304 - 6ms","timestamp":"2026-08-04 12:08:33"}
{"level":"info","message":"GET /api/superadmin/usuarios 304 - 6ms","timestamp":"2026-08-04 12:08:37"}
{"level":"info","message":"GET /api/superadmin/usuarios 304 - 6ms","timestamp":"2026-08-04 12:08:41"}
{"level":"info","message":"GET /api/superadmin/usuarios 304 - 7ms","timestamp":"2026-08-04 12:08:45"}
{"level":"info","message":"GET /api/superadmin/usuarios 304 - 7ms","timestamp":"2026-08-04 12:08:49"}
{"level":"info","message":"GET /api/superadmin/usuarios 304 - 5ms","timestamp":"2026-08-04 12:08:53"}
{"level":"info","message":"GET /api/superadmin/usuarios 304 - 6ms","timestamp":"2026-08-04 12:08:57"}
{"level":"info","message":"GET /api/superadmin/usuarios 304 - 6ms","timestamp":"2026-08-04 12:09:01"}
{"level":"info","message":"GET /api/superadmin/usuarios 304 - 7ms","timestamp":"2026-08-04 12:09:05"}
{"level":"info","message":"GET /api/superadmin/usuarios 304 - 8ms","timestamp":"2026-08-04 12:09:09"}
{"level":"info","message":"GET /api/superadmin/usuarios 304 - 10ms","timestamp":"2026-08-04 12:09:13"}
{"level":"info","message":"GET /api/superadmin/usuarios 304 - 5ms","timestamp":"2026-08-04 12:09:17"}
{"level":"info","message":"GET /api/superadmin/usuarios 304 - 8ms","timestamp":"2026-08-04 12:09:21"}
{"level":"info","message":"GET /api/superadmin/usuarios 304 - 6ms","timestamp":"2026-08-04 12:09:25"}
{"level":"info","message":"GET /api/superadmin/usuarios 304 - 9ms","timestamp":"2026-08-04 12:09:29"}
{"level":"info","message":"GET /api/superadmin/usuarios 304 - 6ms","timestamp":"2026-08-04 12:09:33"}
{"level":"info","message":"GET /api/superadmin/usuarios 304 - 6ms","timestamp":"2026-08-04 12:09:37"}
{"level":"info","message":"GET /api/superadmin/usuarios 304 - 7ms","timestamp":"2026-08-04 12:09:41"}
{"level":"info","message":"GET /api/superadmin/usuarios 304 - 6ms","timestamp":"2026-08-04 12:09:45"}
{"level":"info","message":"GET /api/superadmin/usuarios 304 - 5ms","timestamp":"2026-08-04 12:09:49"}
{"level":"info","message":"GET /api/superadmin/usuarios 304 - 6ms","timestamp":"2026-08-04 12:09:53"}
{"level":"info","message":"GET /api/superadmin/usuarios 304 - 7ms","timestamp":"2026-08-04 12:10:12"}
{"level":"info","message":"GET /api/superadmin/usuarios 304 - 7ms","timestamp":"2026-08-04 12:11:12"}
{"level":"info","message":"GET /api/superadmin/usuarios 304 - 7ms","timestamp":"2026-08-04 12:12:12"}
{"level":"info","message":"GET /api/superadmin/usuarios 304 - 7ms","timestamp":"2026-08-04 12:13:12"}
{"level":"info","message":"GET /api/superadmin/usuarios 304 - 8ms","timestamp":"2026-08-04 12:14:12"}
{"level":"info","message":"GET /api/superadmin/usuarios 304 - 6ms","timestamp":"2026-08-04 12:15:12"}
{"level":"info","message":"GET /api/superadmin/usuarios 304 - 6ms","timestamp":"2026-08-04 12:16:12"}
{"level":"info","message":"GET /api/superadmin/usuarios 304 - 7ms","timestamp":"2026-08-04 12:17:12"}
{"level":"info","message":"GET /api/superadmin/usuarios 304 - 6ms","timestamp":"2026-08-04 12:18:12"}
{"level":"info","message":"GET /api/superadmin/usuarios 304 - 7ms","timestamp":"2026-08-04 12:19:12"}
{"level":"info","message":"GET /api/superadmin/usuarios 304 - 7ms","timestamp":"2026-08-04 12:20:12"}
{"level":"info","message":"GET /api/superadmin/usuarios 304 - 8ms","timestamp":"2026-08-04 12:21:12"}
{"level":"info","message":"GET /api/superadmin/usuarios 304 - 8ms","timestamp":"2026-08-04 12:22:12"}
{"level":"info","message":"GET /api/superadmin/usuarios 304 - 7ms","timestamp":"2026-08-04 12:23:12"}
{"level":"info","message":"GET /api/superadmin/usuarios 304 - 8ms","timestamp":"2026-08-04 12:24:12"}
{"level":"info","message":"GET /api/superadmin/usuarios 304 - 7ms","timestamp":"2026-08-04 12:25:12"}
{"level":"info","message":"GET /api/superadmin/usuarios 304 - 6ms","timestamp":"2026-08-04 12:26:12"}
{"level":"info","message":"GET /api/superadmin/usuarios 304 - 7ms","timestamp":"2026-08-04 12:27:12"}
{"level":"info","message":"GET /api/superadmin/usuarios 304 - 7ms","timestamp":"2026-08-04 12:28:12"}
{"level":"info","message":"GET /api/superadmin/usuarios 304 - 7ms","timestamp":"2026-08-04 12:29:12"}
{"level":"info","message":"GET /api/superadmin/usuarios 304 - 7ms","timestamp":"2026-08-04 12:30:12"}
{"level":"info","message":"GET /api/superadmin/usuarios 304 - 7ms","timestamp":"2026-08-04 12:31:12"}
{"level":"info","message":"GET /api/superadmin/usuarios 304 - 8ms","timestamp":"2026-08-04 12:32:12"}
{"level":"info","message":"GET /api/superadmin/usuarios 304 - 8ms","timestamp":"2026-08-04 12:33:12"}
{"level":"info","message":"GET /api/superadmin/usuarios 304 - 7ms","timestamp":"2026-08-04 12:34:12"}
{"level":"info","message":"GET /api/superadmin/usuarios 304 - 11ms","timestamp":"2026-08-04 12:35:12"}
{"level":"info","message":"GET /api/superadmin/usuarios 304 - 10ms","timestamp":"2026-08-04 12:36:12"}
{"level":"info","message":"GET /api/superadmin/usuarios 304 - 7ms","timestamp":"2026-08-04 12:37:12"}
{"level":"info","message":"GET /api/superadmin/usuarios 304 - 6ms","timestamp":"2026-08-04 12:38:12"}
{"level":"info","message":"GET /api/superadmin/usuarios 304 - 8ms","timestamp":"2026-08-04 12:39:12"}
{"level":"info","message":"GET /api/superadmin/usuarios 304 - 7ms","timestamp":"2026-08-04 12:40:12"}
{"level":"info","message":"GET /api/superadmin/usuarios 304 - 6ms","timestamp":"2026-08-04 12:41:12"}
{"level":"info","message":"GET /api/superadmin/usuarios 304 - 7ms","timestamp":"2026-08-04 12:42:12"}
{"level":"info","message":"GET /api/superadmin/usuarios 304 - 6ms","timestamp":"2026-08-04 12:43:12"}
{"level":"info","message":"GET /api/superadmin/usuarios 304 - 6ms","timestamp":"2026-08-04 12:44:12"}
{"level":"info","message":"GET /api/superadmin/usuarios 304 - 6ms","timestamp":"2026-08-04 12:45:12"}
{"level":"info","message":"GET /api/superadmin/usuarios 304 - 6ms","timestamp":"2026-08-04 12:46:12"}
{"level":"info","message":"GET /api/superadmin/usuarios 304 - 6ms","timestamp":"2026-08-04 12:47:12"}
{"level":"info","message":"GET /api/superadmin/usuarios 304 - 6ms","timestamp":"2026-08-04 12:48:12"}
{"level":"info","message":"GET /api/superadmin/usuarios 304 - 7ms","timestamp":"2026-08-04 12:49:12"}
{"level":"info","message":"GET /api/superadmin/usuarios 304 - 7ms","timestamp":"2026-08-04 12:50:12"}
{"level":"info","message":"GET /api/superadmin/usuarios 304 - 6ms","timestamp":"2026-08-04 12:51:12"}
{"level":"info","message":"GET /api/superadmin/usuarios 304 - 6ms","timestamp":"2026-08-04 12:52:12"}
{"level":"info","message":"GET /api/superadmin/usuarios 304 - 6ms","timestamp":"2026-08-04 12:53:12"}
{"level":"info","message":"GET /api/superadmin/usuarios 304 - 6ms","timestamp":"2026-08-04 12:54:12"}
{"level":"info","message":"GET /api/superadmin/usuarios 304 - 5ms","timestamp":"2026-08-04 12:55:12"}
{"level":"info","message":"GET /api/superadmin/usuarios 304 - 7ms","timestamp":"2026-08-04 12:56:12"}
{"level":"info","message":"GET /api/superadmin/usuarios 304 - 7ms","timestamp":"2026-08-04 12:57:12"}
{"level":"info","message":"GET /api/superadmin/usuarios 304 - 8ms","timestamp":"2026-08-04 12:58:12"}
{"level":"info","message":"GET /api/superadmin/usuarios 304 - 6ms","timestamp":"2026-08-04 12:59:12"}
{"level":"info","message":"GET /api/superadmin/usuarios 304 - 6ms","timestamp":"2026-08-04 13:00:12"}
{"level":"info","message":"GET /api/superadmin/usuarios 304 - 7ms","timestamp":"2026-08-04 13:01:12"}
{"level":"info","message":"GET /api/superadmin/usuarios 304 - 7ms","timestamp":"2026-08-04 13:02:12"}
{"level":"info","message":"GET /api/superadmin/usuarios 304 - 7ms","timestamp":"2026-08-04 13:03:12"}
{"level":"info","message":"GET /api/superadmin/usuarios 304 - 6ms","timestamp":"2026-08-04 13:04:12"}
{"level":"info","message":"GET /api/superadmin/usuarios 304 - 7ms","timestamp":"2026-08-04 13:05:12"}
{"level":"info","message":"GET /api/superadmin/usuarios 304 - 6ms","timestamp":"2026-08-04 13:06:12"}
{"level":"info","message":"GET /api/superadmin/usuarios 304 - 6ms","timestamp":"2026-08-04 13:07:12"}
{"level":"info","message":"GET /api/superadmin/usuarios 304 - 6ms","timestamp":"2026-08-04 13:08:12"}
{"level":"info","message":"GET /api/superadmin/usuarios 304 - 6ms","timestamp":"2026-08-04 13:09:12"}
{"level":"info","message":"GET /api/superadmin/usuarios 304 - 6ms","timestamp":"2026-08-04 13:10:12"}
{"level":"info","message":"GET /api/superadmin/usuarios 304 - 7ms","timestamp":"2026-08-04 13:11:12"}
{"level":"info","message":"GET /api/superadmin/usuarios 304 - 9ms","timestamp":"2026-08-04 13:12:12"}
{"level":"info","message":"GET /api/superadmin/usuarios 304 - 10ms","timestamp":"2026-08-04 13:13:12"}
{"level":"info","message":"GET /api/superadmin/usuarios 304 - 5ms","timestamp":"2026-08-04 13:14:12"}
{"level":"info","message":"GET /api/superadmin/usuarios 304 - 6ms","timestamp":"2026-08-04 13:15:12"}
{"level":"info","message":"GET /api/superadmin/usuarios 304 - 6ms","timestamp":"2026-08-04 13:16:12"}
{"level":"info","message":"GET /api/superadmin/usuarios 304 - 5ms","timestamp":"2026-08-04 13:16:23"}
{"level":"info","message":"GET /api/superadmin/usuarios 304 - 7ms","timestamp":"2026-08-04 13:16:25"}
{"level":"info","message":"GET /api/catalogos/tema 304 - 5ms","timestamp":"2026-08-04 13:16:27"}
{"level":"info","message":"[SOCKET] Conexión cerrada: superadmin [ID: gHQbYCFLg9mKtsfXAAAD]","timestamp":"2026-08-04 13:16:27"}
{"level":"info","message":"[SOCKET] Conexión establecida: superadmin (Superadmin Sistema IECM) [ID: DLZqcZHDnFw2tZOwAAAF]","timestamp":"2026-08-04 13:16:27"}
{"level":"info","message":"[SOCKET] Conexión cerrada: superadmin [ID: DLZqcZHDnFw2tZOwAAAF]","timestamp":"2026-08-04 13:16:27"}
{"level":"info","message":"GET /api/notificaciones 401 - 1ms","timestamp":"2026-08-04 13:16:27"}
{"level":"info","message":"GET /api/superadmin/usuarios 401 - 1ms","timestamp":"2026-08-04 13:16:27"}
{"level":"info","message":"GET /api/catalogos/convocatoria-activa 304 - 7ms","timestamp":"2026-08-04 13:16:27"}
{"level":"info","message":"GET /api/catalogos/tema 304 - 12ms","timestamp":"2026-08-04 13:16:27"}
{"level":"info","message":"[SOCKET] Conexión establecida: superadmin (Superadmin Sistema IECM) [ID: 7l4SMhzKQ0ZwkiavAAAH]","timestamp":"2026-08-04 13:16:27"}
{"level":"info","message":"GET /api/catalogos/categorias 304 - 18ms","timestamp":"2026-08-04 13:16:27"}
{"level":"info","message":"[SOCKET] Conexión cerrada: superadmin [ID: 7l4SMhzKQ0ZwkiavAAAH]","timestamp":"2026-08-04 13:16:27"}
{"level":"info","message":"GET /api/catalogos/convocatoria-activa 304 - 2ms","timestamp":"2026-08-04 13:16:27"}
{"level":"info","message":"GET /api/catalogos/categorias 304 - 5ms","timestamp":"2026-08-04 13:16:27"}
{"level":"info","message":"GET /api/catalogos/convocatoria-activa 304 - 42ms","timestamp":"2026-08-04 13:29:26"}
{"level":"info","message":"GET /api/catalogos/categorias 304 - 46ms","timestamp":"2026-08-04 13:29:26"}
{"level":"info","message":"GET /api/catalogos/tema 304 - 7ms","timestamp":"2026-08-04 13:58:23"}
{"level":"info","message":"GET /api/catalogos/convocatoria-activa 304 - 26ms","timestamp":"2026-08-04 13:58:23"}
{"level":"info","message":"GET /api/catalogos/categorias 304 - 30ms","timestamp":"2026-08-04 13:58:23"}
{"level":"info","message":"GET /api/catalogos/tema 304 - 7ms","timestamp":"2026-08-04 14:22:18"}
{"level":"info","message":"GET /api/catalogos/convocatoria-activa 304 - 12ms","timestamp":"2026-08-04 14:22:18"}
{"level":"info","message":"GET /api/catalogos/categorias 304 - 15ms","timestamp":"2026-08-04 14:22:18"}
{"level":"info","message":"GET /api/catalogos/tema 304 - 15ms","timestamp":"2026-08-04 14:23:49"}
{"level":"info","message":"GET /api/catalogos/convocatoria-activa 304 - 34ms","timestamp":"2026-08-04 14:23:49"}
{"level":"info","message":"GET /api/catalogos/categorias 304 - 40ms","timestamp":"2026-08-04 14:23:49"}
{"level":"info","message":"GET /api/catalogos/tema 304 - 9ms","timestamp":"2026-08-04 14:32:45"}
{"level":"info","message":"GET /api/catalogos/convocatoria-activa 304 - 21ms","timestamp":"2026-08-04 14:32:45"}
{"level":"info","message":"GET /api/catalogos/categorias 304 - 24ms","timestamp":"2026-08-04 14:32:45"}
{"level":"info","message":"GET /api/catalogos/tema 304 - 14ms","timestamp":"2026-08-04 14:46:15"}
{"level":"info","message":"GET /api/catalogos/convocatoria-activa 304 - 36ms","timestamp":"2026-08-04 14:46:15"}
{"level":"info","message":"GET /api/catalogos/categorias 304 - 42ms","timestamp":"2026-08-04 14:46:15"}
{"level":"info","message":"GET /api/catalogos/convocatoria-activa 304 - 3ms","timestamp":"2026-08-04 14:46:20"}
{"level":"info","message":"GET /api/catalogos/categorias 304 - 4ms","timestamp":"2026-08-04 14:46:20"}
{"level":"info","message":"GET /api/catalogos/categorias 304 - 15ms","timestamp":"2026-08-04 14:49:13"}
{"level":"info","message":"GET /api/catalogos/convocatoria-activa 304 - 4ms","timestamp":"2026-08-04 14:52:04"}
{"level":"info","message":"GET /api/catalogos/categorias 304 - 7ms","timestamp":"2026-08-04 14:52:04"}
{"level":"info","message":"GET /api/catalogos/convocatoria-activa 304 - 2ms","timestamp":"2026-08-04 14:52:06"}
{"level":"info","message":"GET /api/catalogos/categorias 304 - 4ms","timestamp":"2026-08-04 14:52:06"}
{"level":"info","message":"GET /api/catalogos/tema 304 - 5ms","timestamp":"2026-08-04 14:53:26"}
{"level":"info","message":"GET /api/catalogos/convocatoria-activa 304 - 2ms","timestamp":"2026-08-04 14:53:26"}
{"level":"info","message":"GET /api/catalogos/categorias 304 - 4ms","timestamp":"2026-08-04 14:53:26"}
{"level":"info","message":"GET /api/catalogos/convocatoria-activa 304 - 13ms","timestamp":"2026-08-04 14:53:59"}
{"level":"info","message":"GET /api/catalogos/categorias 304 - 20ms","timestamp":"2026-08-04 14:53:59"}
{"level":"info","message":"GET /api/catalogos/categorias 304 - 4ms","timestamp":"2026-08-04 14:53:59"}
{"level":"info","message":"GET /api/catalogos/categorias 304 - 4ms","timestamp":"2026-08-04 14:54:05"}
{"level":"info","message":"GET /api/catalogos/convocatoria-activa 304 - 2ms","timestamp":"2026-08-04 14:54:09"}
{"level":"info","message":"GET /api/catalogos/categorias 304 - 4ms","timestamp":"2026-08-04 14:54:09"}
{"level":"info","message":"GET /api/catalogos/convocatoria-activa 304 - 2ms","timestamp":"2026-08-04 14:54:10"}
{"level":"info","message":"GET /api/catalogos/categorias 304 - 4ms","timestamp":"2026-08-04 14:54:10"}
{"level":"info","message":"GET /api/catalogos/categorias 304 - 3ms","timestamp":"2026-08-04 14:54:10"}
{"level":"info","message":"GET /api/catalogos/categorias 304 - 4ms","timestamp":"2026-08-04 14:54:27"}
{"level":"info","message":"GET /api/catalogos/convocatoria-activa 304 - 3ms","timestamp":"2026-08-04 14:56:01"}
{"level":"info","message":"GET /api/catalogos/categorias 304 - 4ms","timestamp":"2026-08-04 14:56:01"}
{"level":"info","message":"GET /api/catalogos/convocatoria-activa 304 - 3ms","timestamp":"2026-08-04 14:56:02"}
{"level":"info","message":"GET /api/catalogos/categorias 304 - 5ms","timestamp":"2026-08-04 14:56:02"}
{"level":"info","message":"GET /api/catalogos/categorias 304 - 3ms","timestamp":"2026-08-04 14:56:02"}
{"level":"info","message":"POST /api/auth/login 200 - 70ms","timestamp":"2026-08-04 14:56:09"}
{"level":"info","message":"[SOCKET] Conexión establecida: superadmin (Superadmin Sistema IECM) [ID: e3exrxeF2ttPJo3iAAAB]","timestamp":"2026-08-04 14:56:09"}
{"level":"info","message":"[SOCKET] Conexión cerrada: superadmin [ID: e3exrxeF2ttPJo3iAAAB]","timestamp":"2026-08-04 14:56:11"}
{"level":"info","message":"GET /api/catalogos/convocatoria-activa 304 - 9ms","timestamp":"2026-08-04 14:56:11"}
{"level":"info","message":"GET /api/notificaciones 304 - 16ms","timestamp":"2026-08-04 14:56:11"}
{"level":"info","message":"GET /api/catalogos/tema 304 - 12ms","timestamp":"2026-08-04 14:56:11"}
{"level":"info","message":"[SOCKET] Conexión establecida: superadmin (Superadmin Sistema IECM) [ID: aOGc1dCV_Gx9YVg8AAAD]","timestamp":"2026-08-04 14:56:11"}
{"level":"info","message":"GET /api/catalogos/categorias 304 - 13ms","timestamp":"2026-08-04 14:56:11"}
{"level":"info","message":"GET /api/superadmin/usuarios 304 - 22ms","timestamp":"2026-08-04 14:56:11"}
{"level":"info","message":"[SOCKET] Forzando cierre de conexión para usuario ID: 1","timestamp":"2026-08-04 14:56:14"}
{"level":"info","message":"[SOCKET] Conexión cerrada: superadmin [ID: aOGc1dCV_Gx9YVg8AAAD]","timestamp":"2026-08-04 14:56:14"}
{"level":"info","message":"POST /api/auth/logout 200 - 9ms","timestamp":"2026-08-04 14:56:14"}
{"level":"info","message":"GET /api/catalogos/convocatoria-activa 304 - 3ms","timestamp":"2026-08-04 14:56:14"}
{"level":"info","message":"GET /api/catalogos/categorias 304 - 5ms","timestamp":"2026-08-04 14:56:14"}
{"level":"info","message":"GET /api/catalogos/categorias 304 - 3ms","timestamp":"2026-08-04 14:56:14"}
{"level":"info","message":"GET /api/catalogos/convocatoria-activa 304 - 2ms","timestamp":"2026-08-04 14:56:27"}
{"level":"info","message":"GET /api/catalogos/categorias 304 - 4ms","timestamp":"2026-08-04 14:56:27"}
{"level":"info","message":"GET /api/catalogos/convocatoria-activa 304 - 2ms","timestamp":"2026-08-04 14:56:30"}
{"level":"info","message":"GET /api/catalogos/categorias 304 - 4ms","timestamp":"2026-08-04 14:56:30"}
{"level":"info","message":"GET /api/catalogos/categorias 304 - 3ms","timestamp":"2026-08-04 14:56:30"}
{"level":"info","message":"GET /api/catalogos/tema 304 - 4ms","timestamp":"2026-08-04 14:56:55"}
{"level":"info","message":"GET /api/catalogos/convocatoria-activa 304 - 2ms","timestamp":"2026-08-04 14:56:55"}
{"level":"info","message":"GET /api/catalogos/categorias 304 - 5ms","timestamp":"2026-08-04 14:56:55"}
{"level":"info","message":"GET /api/catalogos/categorias 304 - 10ms","timestamp":"2026-08-04 14:56:55"}
{"level":"info","message":"GET /api/catalogos/convocatoria-activa 304 - 5ms","timestamp":"2026-08-04 14:57:09"}
{"level":"info","message":"GET /api/catalogos/tema 304 - 6ms","timestamp":"2026-08-04 14:57:09"}
{"level":"info","message":"GET /api/catalogos/categorias 304 - 8ms","timestamp":"2026-08-04 14:57:09"}
{"level":"info","message":"GET /api/catalogos/categorias 304 - 6ms","timestamp":"2026-08-04 14:57:09"}
{"level":"info","message":"GET /api/catalogos/convocatoria-activa 304 - 13ms","timestamp":"2026-08-04 14:57:21"}
{"level":"info","message":"GET /api/catalogos/categorias 304 - 20ms","timestamp":"2026-08-04 14:57:21"}
{"level":"info","message":"GET /api/catalogos/convocatoria-activa 304 - 2ms","timestamp":"2026-08-04 14:59:18"}
{"level":"info","message":"GET /api/catalogos/categorias 304 - 6ms","timestamp":"2026-08-04 14:59:18"}
{"level":"info","message":"GET /api/catalogos/categorias 304 - 3ms","timestamp":"2026-08-04 14:59:18"}
{"level":"info","message":"GET /api/catalogos/convocatoria-activa 304 - 3ms","timestamp":"2026-08-04 15:03:31"}
{"level":"info","message":"GET /api/catalogos/categorias 304 - 5ms","timestamp":"2026-08-04 15:03:31"}
{"level":"info","message":"GET /api/catalogos/tema 304 - 3ms","timestamp":"2026-08-04 15:03:46"}
{"level":"info","message":"GET /api/catalogos/convocatoria-activa 304 - 2ms","timestamp":"2026-08-04 15:03:46"}
{"level":"info","message":"GET /api/catalogos/categorias 304 - 4ms","timestamp":"2026-08-04 15:03:46"}
{"level":"info","message":"GET /api/catalogos/convocatoria-activa 304 - 19ms","timestamp":"2026-08-04 15:07:13"}
{"level":"info","message":"GET /api/catalogos/categorias 304 - 25ms","timestamp":"2026-08-04 15:07:13"}
{"level":"info","message":"GET /api/catalogos/categorias 304 - 6ms","timestamp":"2026-08-04 15:07:13"}
{"level":"info","message":"GET /api/catalogos/tema 304 - 6ms","timestamp":"2026-08-04 15:08:36"}
{"level":"info","message":"GET /api/catalogos/convocatoria-activa 304 - 9ms","timestamp":"2026-08-04 15:08:36"}
{"level":"info","message":"GET /api/catalogos/categorias 304 - 13ms","timestamp":"2026-08-04 15:08:36"}
{"level":"info","message":"GET /api/catalogos/categorias 304 - 7ms","timestamp":"2026-08-04 15:08:36"}
{"level":"info","message":"GET /api/catalogos/convocatoria-activa 304 - 14ms","timestamp":"2026-08-04 15:09:25"}
{"level":"info","message":"GET /api/catalogos/categorias 304 - 20ms","timestamp":"2026-08-04 15:09:25"}
{"level":"info","message":"GET /api/catalogos/convocatoria-activa 304 - 2ms","timestamp":"2026-08-04 15:09:28"}
{"level":"info","message":"GET /api/catalogos/categorias 304 - 4ms","timestamp":"2026-08-04 15:09:28"}
{"level":"info","message":"GET /api/catalogos/categorias 304 - 3ms","timestamp":"2026-08-04 15:09:28"}
{"level":"info","message":"GET /api/catalogos/convocatoria-activa 304 - 2ms","timestamp":"2026-08-04 15:10:10"}
{"level":"info","message":"GET /api/catalogos/categorias 304 - 4ms","timestamp":"2026-08-04 15:10:10"}
{"level":"info","message":"GET /api/catalogos/convocatoria-activa 304 - 2ms","timestamp":"2026-08-04 15:10:44"}
{"level":"info","message":"GET /api/catalogos/categorias 304 - 4ms","timestamp":"2026-08-04 15:10:44"}
{"level":"info","message":"GET /api/catalogos/categorias 304 - 4ms","timestamp":"2026-08-04 15:10:44"}
{"level":"info","message":"POST /api/auth/login 200 - 62ms","timestamp":"2026-08-04 15:11:14"}
{"level":"info","message":"[SOCKET] Conexión establecida: superadmin (Superadmin Sistema IECM) [ID: jQyk2zickZYzQLIoAAAB]","timestamp":"2026-08-04 15:11:14"}
{"level":"info","message":"[SOCKET] Conexión cerrada: superadmin [ID: jQyk2zickZYzQLIoAAAB]","timestamp":"2026-08-04 15:11:15"}
{"level":"info","message":"GET /api/catalogos/convocatoria-activa 304 - 4ms","timestamp":"2026-08-04 15:11:15"}
{"level":"info","message":"GET /api/catalogos/tema 304 - 9ms","timestamp":"2026-08-04 15:11:15"}
{"level":"info","message":"GET /api/notificaciones 304 - 14ms","timestamp":"2026-08-04 15:11:15"}
{"level":"info","message":"[SOCKET] Conexión establecida: superadmin (Superadmin Sistema IECM) [ID: EjQ6oBX8qvT5eJEzAAAD]","timestamp":"2026-08-04 15:11:15"}
{"level":"info","message":"GET /api/catalogos/categorias 304 - 17ms","timestamp":"2026-08-04 15:11:15"}
{"level":"info","message":"GET /api/superadmin/usuarios 304 - 21ms","timestamp":"2026-08-04 15:11:15"}
{"level":"info","message":"GET /api/superadmin/usuarios 304 - 7ms","timestamp":"2026-08-04 15:11:19"}
{"level":"info","message":"GET /api/superadmin/usuarios 304 - 6ms","timestamp":"2026-08-04 15:11:23"}
{"level":"info","message":"GET /api/superadmin/usuarios 304 - 6ms","timestamp":"2026-08-04 15:11:27"}
{"level":"info","message":"GET /api/superadmin/convocatorias 304 - 5ms","timestamp":"2026-08-04 15:11:28"}
{"level":"info","message":"GET /api/superadmin/categorias/1 304 - 9ms","timestamp":"2026-08-04 15:11:28"}
{"level":"info","message":"GET /api/superadmin/requisitos-archivos/1 304 - 9ms","timestamp":"2026-08-04 15:11:28"}
{"level":"info","message":"GET /api/superadmin/manifestaciones 200 - 7ms","timestamp":"2026-08-04 15:11:28"}
{"level":"info","message":"[SOCKET] Forzando cierre de conexión para usuario ID: 1","timestamp":"2026-08-04 15:11:39"}
{"level":"info","message":"[SOCKET] Conexión cerrada: superadmin [ID: EjQ6oBX8qvT5eJEzAAAD]","timestamp":"2026-08-04 15:11:39"}
{"level":"info","message":"POST /api/auth/logout 200 - 9ms","timestamp":"2026-08-04 15:11:39"}
{"level":"info","message":"GET /api/catalogos/convocatoria-activa 304 - 2ms","timestamp":"2026-08-04 15:11:40"}
{"level":"info","message":"GET /api/catalogos/categorias 304 - 4ms","timestamp":"2026-08-04 15:11:40"}
{"level":"info","message":"GET /api/catalogos/categorias 304 - 3ms","timestamp":"2026-08-04 15:11:40"}
{"level":"info","message":"GET /api/catalogos/convocatoria-activa 304 - 2ms","timestamp":"2026-08-04 15:11:54"}
{"level":"info","message":"GET /api/catalogos/categorias 304 - 3ms","timestamp":"2026-08-04 15:11:54"}
{"level":"info","message":"GET /api/catalogos/convocatoria-activa 304 - 2ms","timestamp":"2026-08-04 15:12:17"}
{"level":"info","message":"GET /api/catalogos/categorias 304 - 2ms","timestamp":"2026-08-04 15:12:17"}
{"level":"info","message":"GET /api/catalogos/categorias 304 - 3ms","timestamp":"2026-08-04 15:12:17"}
{"level":"info","message":"POST /api/auth/login 200 - 56ms","timestamp":"2026-08-04 16:02:48"}
{"level":"info","message":"[SOCKET] Conexión establecida: superadmin (Superadmin Sistema IECM) [ID: p4x8Jy2_LcE92IreAAAF]","timestamp":"2026-08-04 16:02:48"}
{"level":"info","message":"[SOCKET] Conexión cerrada: superadmin [ID: p4x8Jy2_LcE92IreAAAF]","timestamp":"2026-08-04 16:02:50"}
{"level":"info","message":"GET /api/catalogos/convocatoria-activa 304 - 5ms","timestamp":"2026-08-04 16:02:50"}
{"level":"info","message":"GET /api/catalogos/tema 304 - 6ms","timestamp":"2026-08-04 16:02:50"}
{"level":"info","message":"GET /api/notificaciones 304 - 12ms","timestamp":"2026-08-04 16:02:50"}
{"level":"info","message":"GET /api/catalogos/categorias 304 - 14ms","timestamp":"2026-08-04 16:02:50"}
{"level":"info","message":"[SOCKET] Conexión establecida: superadmin (Superadmin Sistema IECM) [ID: 2tTpGXuIH43sb3qiAAAH]","timestamp":"2026-08-04 16:02:50"}
{"level":"info","message":"GET /api/superadmin/usuarios 304 - 21ms","timestamp":"2026-08-04 16:02:50"}
{"level":"info","message":"GET /api/superadmin/usuarios 304 - 6ms","timestamp":"2026-08-04 16:02:54"}
{"level":"info","message":"GET /api/superadmin/usuarios 304 - 7ms","timestamp":"2026-08-04 16:02:58"}
{"level":"info","message":"GET /api/superadmin/usuarios 304 - 5ms","timestamp":"2026-08-04 16:03:02"}
{"level":"info","message":"GET /api/superadmin/usuarios 304 - 7ms","timestamp":"2026-08-04 16:03:06"}
{"level":"info","message":"GET /api/superadmin/usuarios 304 - 6ms","timestamp":"2026-08-04 16:03:10"}
{"level":"info","message":"GET /api/superadmin/usuarios 304 - 6ms","timestamp":"2026-08-04 16:03:14"}
{"level":"info","message":"GET /api/superadmin/usuarios 304 - 6ms","timestamp":"2026-08-04 16:03:18"}
{"level":"info","message":"GET /api/superadmin/usuarios 304 - 6ms","timestamp":"2026-08-04 16:03:22"}
{"level":"info","message":"GET /api/superadmin/usuarios 304 - 6ms","timestamp":"2026-08-04 16:03:26"}
{"level":"info","message":"GET /api/superadmin/usuarios 304 - 5ms","timestamp":"2026-08-04 16:03:30"}
{"level":"info","message":"GET /api/superadmin/usuarios 304 - 7ms","timestamp":"2026-08-04 16:03:34"}
{"level":"info","message":"GET /api/superadmin/usuarios 304 - 6ms","timestamp":"2026-08-04 16:03:38"}
{"level":"info","message":"GET /api/superadmin/usuarios 304 - 6ms","timestamp":"2026-08-04 16:03:42"}
{"level":"info","message":"GET /api/superadmin/usuarios 304 - 5ms","timestamp":"2026-08-04 16:03:46"}
{"level":"info","message":"[SOCKET] Conexión cerrada: superadmin [ID: 2tTpGXuIH43sb3qiAAAH]","timestamp":"2026-08-04 16:07:27"}
{"level":"info","message":"GET /api/catalogos/convocatoria-activa 304 - 4ms","timestamp":"2026-08-04 16:07:27"}
{"level":"info","message":"GET /api/catalogos/tema 304 - 5ms","timestamp":"2026-08-04 16:07:27"}
{"level":"info","message":"[SOCKET] Conexión establecida: superadmin (Superadmin Sistema IECM) [ID: NrIBERnVSsL4XXMEAAAK]","timestamp":"2026-08-04 16:07:27"}
{"level":"info","message":"GET /api/notificaciones 304 - 14ms","timestamp":"2026-08-04 16:07:27"}
{"level":"info","message":"GET /api/catalogos/categorias 304 - 16ms","timestamp":"2026-08-04 16:07:27"}
{"level":"info","message":"GET /api/catalogos/tema 304 - 4ms","timestamp":"2026-08-04 16:07:27"}
{"level":"info","message":"[SOCKET] Conexión establecida: superadmin (Superadmin Sistema IECM) [ID: HisyefWUkLBO5UYyAAAB]","timestamp":"2026-08-04 16:08:00"}
{"level":"info","message":"[SOCKET] Conexión cerrada: superadmin [ID: HisyefWUkLBO5UYyAAAB]","timestamp":"2026-08-04 16:08:30"}
{"level":"info","message":"GET /api/catalogos/convocatoria-activa 304 - 11ms","timestamp":"2026-08-04 16:08:30"}
{"level":"info","message":"GET /api/catalogos/tema 304 - 18ms","timestamp":"2026-08-04 16:08:30"}
{"level":"info","message":"GET /api/notificaciones 304 - 27ms","timestamp":"2026-08-04 16:08:30"}
{"level":"info","message":"[SOCKET] Conexión establecida: superadmin (Superadmin Sistema IECM) [ID: fOgQqZJCfeX9uqTxAAAD]","timestamp":"2026-08-04 16:08:30"}
{"level":"info","message":"GET /api/catalogos/categorias 304 - 30ms","timestamp":"2026-08-04 16:08:30"}
{"level":"info","message":"POST /api/superadmin/tema 200 - 22ms","timestamp":"2026-08-04 16:08:45"}
{"level":"info","message":"GET /api/superadmin/usuarios 304 - 10ms","timestamp":"2026-08-04 16:08:53"}
{"level":"info","message":"GET /api/superadmin/usuarios 304 - 7ms","timestamp":"2026-08-04 16:08:57"}
{"level":"info","message":"GET /api/superadmin/usuarios 304 - 8ms","timestamp":"2026-08-04 16:09:01"}
{"level":"info","message":"GET /api/superadmin/usuarios 304 - 6ms","timestamp":"2026-08-04 16:09:05"}
{"level":"info","message":"GET /api/superadmin/usuarios 304 - 6ms","timestamp":"2026-08-04 16:09:09"}
{"level":"info","message":"GET /api/superadmin/usuarios 304 - 7ms","timestamp":"2026-08-04 16:09:13"}
{"level":"info","message":"GET /api/superadmin/usuarios 304 - 6ms","timestamp":"2026-08-04 16:09:17"}
{"level":"info","message":"GET /api/superadmin/convocatorias 304 - 7ms","timestamp":"2026-08-04 16:09:17"}
{"level":"info","message":"GET /api/superadmin/categorias/1 304 - 5ms","timestamp":"2026-08-04 16:09:17"}
{"level":"info","message":"GET /api/superadmin/requisitos-archivos/1 304 - 5ms","timestamp":"2026-08-04 16:09:17"}
{"level":"info","message":"POST /api/superadmin/tema 200 - 8ms","timestamp":"2026-08-04 16:09:54"}
{"level":"info","message":"GET /api/catalogos/tema 200 - 4ms","timestamp":"2026-08-04 16:10:37"}
{"level":"info","message":"GET /api/catalogos/convocatoria-activa 304 - 3ms","timestamp":"2026-08-04 16:10:37"}
{"level":"info","message":"GET /api/catalogos/categorias 304 - 8ms","timestamp":"2026-08-04 16:10:37"}
{"level":"info","message":"GET /api/catalogos/categorias 304 - 5ms","timestamp":"2026-08-04 16:10:37"}
{"level":"info","message":"GET /api/catalogos/convocatoria-activa 304 - 4ms","timestamp":"2026-08-04 16:10:40"}
{"level":"info","message":"GET /api/catalogos/categorias 304 - 12ms","timestamp":"2026-08-04 16:10:40"}
{"level":"info","message":"GET /api/superadmin/usuarios 304 - 9ms","timestamp":"2026-08-04 16:10:58"}
{"level":"info","message":"GET /api/superadmin/usuarios 304 - 9ms","timestamp":"2026-08-04 16:11:02"}
{"level":"info","message":"GET /api/superadmin/usuarios 304 - 6ms","timestamp":"2026-08-04 16:11:06"}
{"level":"info","message":"GET /api/superadmin/convocatorias 304 - 5ms","timestamp":"2026-08-04 16:11:09"}
{"level":"info","message":"GET /api/superadmin/estadisticas?id_convocatoria=1 304 - 12ms","timestamp":"2026-08-04 16:11:09"}
{"level":"info","message":"GET /api/catalogos/convocatoria-activa 304 - 6ms","timestamp":"2026-08-04 16:11:13"}
{"level":"info","message":"GET /api/catalogos/categorias 304 - 11ms","timestamp":"2026-08-04 16:11:13"}
{"level":"info","message":"GET /api/catalogos/categorias 304 - 5ms","timestamp":"2026-08-04 16:11:13"}
{"level":"info","message":"POST /api/auth/login 200 - 129ms","timestamp":"2026-08-04 16:12:29"}
{"level":"info","message":"[SOCKET] Conexión establecida: Renato (Renato Corona Landa) [ID: aVitKtP1IkWNVOZGAAAF]","timestamp":"2026-08-04 16:12:29"}
{"level":"info","message":"[SOCKET] Conexión cerrada: Renato [ID: aVitKtP1IkWNVOZGAAAF]","timestamp":"2026-08-04 16:12:31"}
{"level":"info","message":"GET /api/catalogos/tema 304 - 5ms","timestamp":"2026-08-04 16:12:31"}
{"level":"info","message":"GET /api/catalogos/convocatoria-activa 304 - 9ms","timestamp":"2026-08-04 16:12:31"}
{"level":"info","message":"GET /api/catalogos/alcaldias 304 - 13ms","timestamp":"2026-08-04 16:12:31"}
{"level":"info","message":"GET /api/catalogos/te-enteraste 304 - 12ms","timestamp":"2026-08-04 16:12:31"}
{"level":"info","message":"GET /api/notificaciones 200 - 22ms","timestamp":"2026-08-04 16:12:31"}
{"level":"info","message":"GET /api/catalogos/manifestaciones 304 - 12ms","timestamp":"2026-08-04 16:12:31"}
{"level":"info","message":"[SOCKET] Conexión establecida: Renato (Renato Corona Landa) [ID: aq_X3Vl6SRpW3l_eAAAH]","timestamp":"2026-08-04 16:12:31"}
{"level":"info","message":"GET /api/catalogos/categorias 304 - 25ms","timestamp":"2026-08-04 16:12:31"}
{"level":"info","message":"GET /api/participante/mi-registro 200 - 10ms","timestamp":"2026-08-04 16:12:31"}
{"level":"info","message":"GET /api/catalogos/requisitos-archivos 304 - 9ms","timestamp":"2026-08-04 16:12:31"}
{"level":"info","message":"GET /api/participante/mis-archivos 304 - 13ms","timestamp":"2026-08-04 16:12:31"}
{"level":"info","message":"GET /api/notificaciones 304 - 5ms","timestamp":"2026-08-04 16:12:39"}
{"level":"info","message":"[SOCKET] Conexión establecida: superadmin (Superadmin Sistema IECM) [ID: T1-XS3Ccp0qkwX_3AAAB]","timestamp":"2026-08-04 16:12:44"}
{"level":"info","message":"GET /api/notificaciones 304 - 6ms","timestamp":"2026-08-04 16:12:45"}
{"level":"info","message":"POST /api/notificaciones/marcar-leida 200 - 16ms","timestamp":"2026-08-04 16:12:45"}
{"level":"info","message":"[SOCKET] Conexión establecida: Renato (Renato Corona Landa) [ID: sk_gCe9kpYToepQZAAAD]","timestamp":"2026-08-04 16:12:45"}
{"level":"info","message":"GET /api/notificaciones 200 - 9ms","timestamp":"2026-08-04 16:12:47"}
{"level":"info","message":"[SOCKET] Conexión cerrada: superadmin [ID: T1-XS3Ccp0qkwX_3AAAB]","timestamp":"2026-08-04 16:12:59"}
{"level":"info","message":"GET /api/catalogos/convocatoria-activa 304 - 14ms","timestamp":"2026-08-04 16:12:59"}
{"level":"info","message":"GET /api/catalogos/tema 200 - 16ms","timestamp":"2026-08-04 16:12:59"}
{"level":"info","message":"GET /api/notificaciones 304 - 26ms","timestamp":"2026-08-04 16:12:59"}
{"level":"info","message":"GET /api/superadmin/convocatorias 304 - 26ms","timestamp":"2026-08-04 16:12:59"}
{"level":"info","message":"[SOCKET] Conexión establecida: superadmin (Superadmin Sistema IECM) [ID: 7t3Tsx7vURbQYfNqAAAF]","timestamp":"2026-08-04 16:12:59"}
{"level":"info","message":"GET /api/catalogos/categorias 304 - 27ms","timestamp":"2026-08-04 16:12:59"}
{"level":"info","message":"GET /api/superadmin/estadisticas?id_convocatoria=1 304 - 37ms","timestamp":"2026-08-04 16:12:59"}
{"level":"info","message":"GET /api/superadmin/usuarios 200 - 15ms","timestamp":"2026-08-04 16:13:12"}
{"level":"info","message":"GET /api/superadmin/manifestaciones 304 - 9ms","timestamp":"2026-08-04 16:13:13"}
{"level":"info","message":"GET /api/superadmin/convocatorias 304 - 9ms","timestamp":"2026-08-04 16:13:13"}
{"level":"info","message":"GET /api/superadmin/categorias/1 304 - 8ms","timestamp":"2026-08-04 16:13:13"}
{"level":"info","message":"GET /api/superadmin/requisitos-archivos/1 304 - 5ms","timestamp":"2026-08-04 16:13:13"}
{"level":"info","message":"GET /api/superadmin/usuarios 304 - 12ms","timestamp":"2026-08-04 16:13:14"}
{"level":"info","message":"GET /api/superadmin/convocatorias 304 - 6ms","timestamp":"2026-08-04 16:13:15"}
{"level":"info","message":"GET /api/superadmin/categorias/1 304 - 9ms","timestamp":"2026-08-04 16:13:15"}
{"level":"info","message":"GET /api/superadmin/requisitos-archivos/1 304 - 4ms","timestamp":"2026-08-04 16:13:15"}
{"level":"info","message":"GET /api/superadmin/usuarios 304 - 8ms","timestamp":"2026-08-04 16:13:15"}
{"level":"info","message":"POST /api/superadmin/tema 200 - 16ms","timestamp":"2026-08-04 16:13:22"}
{"level":"info","message":"POST /api/superadmin/tema 200 - 9ms","timestamp":"2026-08-04 16:13:42"}
{"level":"info","message":"GET /api/superadmin/usuarios 304 - 9ms","timestamp":"2026-08-04 16:14:01"}
{"level":"info","message":"GET /api/superadmin/usuarios 304 - 15ms","timestamp":"2026-08-04 16:14:05"}
{"level":"info","message":"GET /api/superadmin/usuarios 304 - 6ms","timestamp":"2026-08-04 16:14:09"}
{"level":"info","message":"GET /api/superadmin/usuarios 304 - 9ms","timestamp":"2026-08-04 16:14:13"}
{"level":"info","message":"GET /api/superadmin/usuarios 304 - 8ms","timestamp":"2026-08-04 16:14:17"}
{"level":"info","message":"GET /api/superadmin/usuarios 304 - 16ms","timestamp":"2026-08-04 16:14:21"}
{"level":"info","message":"GET /api/superadmin/usuarios 304 - 7ms","timestamp":"2026-08-04 16:14:25"}
{"level":"info","message":"GET /api/superadmin/usuarios 304 - 9ms","timestamp":"2026-08-04 16:14:29"}
{"level":"info","message":"GET /api/superadmin/usuarios 304 - 10ms","timestamp":"2026-08-04 16:14:33"}
{"level":"info","message":"GET /api/superadmin/usuarios 304 - 8ms","timestamp":"2026-08-04 16:14:37"}
{"level":"info","message":"GET /api/superadmin/usuarios 304 - 18ms","timestamp":"2026-08-04 16:14:41"}
{"level":"info","message":"GET /api/superadmin/usuarios 304 - 6ms","timestamp":"2026-08-04 16:14:45"}
{"level":"info","message":"GET /api/superadmin/usuarios 304 - 8ms","timestamp":"2026-08-04 16:14:49"}
{"level":"info","message":"GET /api/superadmin/usuarios 304 - 6ms","timestamp":"2026-08-04 16:14:53"}
{"level":"info","message":"GET /api/superadmin/usuarios 304 - 9ms","timestamp":"2026-08-04 16:14:57"}
{"level":"info","message":"GET /api/superadmin/usuarios 304 - 8ms","timestamp":"2026-08-04 16:15:01"}
{"level":"info","message":"GET /api/superadmin/usuarios 304 - 6ms","timestamp":"2026-08-04 16:15:05"}
{"level":"info","message":"GET /api/superadmin/usuarios 304 - 7ms","timestamp":"2026-08-04 16:15:09"}
{"level":"info","message":"GET /api/superadmin/usuarios 304 - 17ms","timestamp":"2026-08-04 16:15:13"}
{"level":"info","message":"GET /api/superadmin/usuarios 304 - 9ms","timestamp":"2026-08-04 16:15:17"}
{"level":"info","message":"GET /api/superadmin/usuarios 304 - 11ms","timestamp":"2026-08-04 16:15:21"}
{"level":"info","message":"GET /api/superadmin/usuarios 304 - 8ms","timestamp":"2026-08-04 16:15:25"}
{"level":"info","message":"GET /api/superadmin/usuarios 304 - 8ms","timestamp":"2026-08-04 16:15:29"}
{"level":"info","message":"GET /api/superadmin/usuarios 304 - 8ms","timestamp":"2026-08-04 16:15:33"}
{"level":"info","message":"GET /api/superadmin/usuarios 304 - 7ms","timestamp":"2026-08-04 16:15:37"}
{"level":"info","message":"GET /api/superadmin/usuarios 304 - 10ms","timestamp":"2026-08-04 16:15:41"}
{"level":"info","message":"GET /api/superadmin/usuarios 304 - 8ms","timestamp":"2026-08-04 16:15:45"}
{"level":"info","message":"GET /api/superadmin/usuarios 304 - 13ms","timestamp":"2026-08-04 16:15:49"}
{"level":"info","message":"GET /api/superadmin/usuarios 304 - 13ms","timestamp":"2026-08-04 16:15:53"}
{"level":"info","message":"GET /api/superadmin/usuarios 304 - 8ms","timestamp":"2026-08-04 16:16:12"}
{"level":"info","message":"GET /api/superadmin/usuarios 304 - 7ms","timestamp":"2026-08-04 16:17:12"}
{"level":"info","message":"GET /api/superadmin/usuarios 304 - 7ms","timestamp":"2026-08-04 16:17:59"}
{"level":"info","message":"[SOCKET] Conexión cerrada: superadmin [ID: 7t3Tsx7vURbQYfNqAAAF]","timestamp":"2026-08-04 16:18:00"}
{"level":"info","message":"GET /api/catalogos/tema 200 - 4ms","timestamp":"2026-08-04 16:18:00"}
{"level":"info","message":"GET /api/catalogos/convocatoria-activa 304 - 10ms","timestamp":"2026-08-04 16:18:00"}
{"level":"info","message":"GET /api/catalogos/tema 304 - 13ms","timestamp":"2026-08-04 16:18:00"}
{"level":"info","message":"GET /api/notificaciones 304 - 23ms","timestamp":"2026-08-04 16:18:00"}
{"level":"info","message":"GET /api/catalogos/categorias 304 - 32ms","timestamp":"2026-08-04 16:18:00"}
{"level":"info","message":"[SOCKET] Conexión establecida: superadmin (Superadmin Sistema IECM) [ID: wfU9KYVr2qFFKBhyAAAI]","timestamp":"2026-08-04 16:18:00"}
{"level":"info","message":"GET /api/superadmin/usuarios 304 - 48ms","timestamp":"2026-08-04 16:18:00"}
{"level":"info","message":"[SOCKET] Conexión cerrada: Renato [ID: sk_gCe9kpYToepQZAAAD]","timestamp":"2026-08-04 16:18:00"}
{"level":"info","message":"GET /api/catalogos/tema 200 - 2ms","timestamp":"2026-08-04 16:18:01"}
{"level":"info","message":"GET /api/catalogos/tema 304 - 3ms","timestamp":"2026-08-04 16:18:01"}
{"level":"info","message":"GET /api/notificaciones 304 - 5ms","timestamp":"2026-08-04 16:18:01"}
{"level":"info","message":"GET /api/catalogos/convocatoria-activa 304 - 3ms","timestamp":"2026-08-04 16:18:01"}
{"level":"info","message":"GET /api/catalogos/categorias 304 - 6ms","timestamp":"2026-08-04 16:18:01"}
{"level":"info","message":"GET /api/catalogos/alcaldias 304 - 4ms","timestamp":"2026-08-04 16:18:01"}
{"level":"info","message":"GET /api/catalogos/te-enteraste 304 - 5ms","timestamp":"2026-08-04 16:18:01"}
{"level":"info","message":"GET /api/catalogos/manifestaciones 304 - 4ms","timestamp":"2026-08-04 16:18:01"}
{"level":"info","message":"GET /api/catalogos/tema 304 - 3ms","timestamp":"2026-08-04 16:18:01"}
{"level":"info","message":"GET /api/notificaciones 304 - 5ms","timestamp":"2026-08-04 16:18:01"}
{"level":"info","message":"GET /api/catalogos/convocatoria-activa 304 - 3ms","timestamp":"2026-08-04 16:18:01"}
{"level":"info","message":"GET /api/catalogos/categorias 304 - 4ms","timestamp":"2026-08-04 16:18:01"}
{"level":"info","message":"[SOCKET] Conexión establecida: Renato (Renato Corona Landa) [ID: pnXruEi3JHwvb1CDAAAM]","timestamp":"2026-08-04 16:18:01"}
{"level":"info","message":"GET /api/participante/mi-registro 304 - 10ms","timestamp":"2026-08-04 16:18:01"}
{"level":"info","message":"GET /api/catalogos/requisitos-archivos 304 - 5ms","timestamp":"2026-08-04 16:18:01"}
{"level":"info","message":"GET /api/participante/mis-archivos 304 - 7ms","timestamp":"2026-08-04 16:18:01"}
{"level":"info","message":"GET /api/superadmin/usuarios 304 - 6ms","timestamp":"2026-08-04 16:18:04"}
{"level":"info","message":"GET /api/superadmin/usuarios 304 - 7ms","timestamp":"2026-08-04 16:18:08"}
{"level":"info","message":"GET /api/superadmin/usuarios 304 - 9ms","timestamp":"2026-08-04 16:18:12"}
{"level":"info","message":"[SOCKET] Conexión cerrada: superadmin [ID: wfU9KYVr2qFFKBhyAAAI]","timestamp":"2026-08-04 16:18:15"}
{"level":"info","message":"GET /api/notificaciones 304 - 6ms","timestamp":"2026-08-04 16:18:15"}
{"level":"info","message":"GET /api/catalogos/convocatoria-activa 304 - 2ms","timestamp":"2026-08-04 16:18:15"}
{"level":"info","message":"GET /api/catalogos/tema 304 - 6ms","timestamp":"2026-08-04 16:18:15"}
{"level":"info","message":"GET /api/catalogos/categorias 304 - 8ms","timestamp":"2026-08-04 16:18:15"}
{"level":"info","message":"GET /api/superadmin/usuarios 200 - 11ms","timestamp":"2026-08-04 16:18:15"}
{"level":"info","message":"[SOCKET] Conexión establecida: superadmin (Superadmin Sistema IECM) [ID: PIyuN0UVZMaAy1r3AAAO]","timestamp":"2026-08-04 16:18:15"}
{"level":"info","message":"GET /api/superadmin/usuarios 200 - 6ms","timestamp":"2026-08-04 16:18:19"}
{"level":"info","message":"GET /api/superadmin/usuarios 304 - 7ms","timestamp":"2026-08-04 16:18:23"}
{"level":"info","message":"[SOCKET] Conexión cerrada: superadmin [ID: PIyuN0UVZMaAy1r3AAAO]","timestamp":"2026-08-04 16:18:26"}
{"level":"info","message":"[SOCKET] Conexión cerrada: Renato [ID: pnXruEi3JHwvb1CDAAAM]","timestamp":"2026-08-04 16:18:26"}
{"level":"info","message":"GET /api/catalogos/tema 304 - 3ms","timestamp":"2026-08-04 16:19:29"}
{"level":"info","message":"GET /api/catalogos/convocatoria-activa 304 - 7ms","timestamp":"2026-08-04 16:19:29"}
{"level":"info","message":"GET /api/catalogos/tema 304 - 8ms","timestamp":"2026-08-04 16:19:29"}
{"level":"info","message":"GET /api/notificaciones 304 - 14ms","timestamp":"2026-08-04 16:19:29"}
{"level":"info","message":"GET /api/catalogos/categorias 304 - 17ms","timestamp":"2026-08-04 16:19:29"}
{"level":"info","message":"GET /api/superadmin/usuarios 200 - 24ms","timestamp":"2026-08-04 16:19:29"}
{"level":"info","message":"[SOCKET] Conexión establecida: superadmin (Superadmin Sistema IECM) [ID: trTXlhagVXavPwJWAAAR]","timestamp":"2026-08-04 16:19:29"}
{"level":"info","message":"GET /api/catalogos/tema 304 - 2ms","timestamp":"2026-08-04 16:19:30"}
{"level":"info","message":"GET /api/catalogos/tema 304 - 2ms","timestamp":"2026-08-04 16:19:30"}
{"level":"info","message":"GET /api/notificaciones 304 - 9ms","timestamp":"2026-08-04 16:19:30"}
{"level":"info","message":"GET /api/catalogos/convocatoria-activa 304 - 4ms","timestamp":"2026-08-04 16:19:30"}
{"level":"info","message":"GET /api/catalogos/categorias 304 - 6ms","timestamp":"2026-08-04 16:19:30"}
{"level":"info","message":"GET /api/catalogos/alcaldias 304 - 3ms","timestamp":"2026-08-04 16:19:30"}
{"level":"info","message":"GET /api/catalogos/te-enteraste 304 - 7ms","timestamp":"2026-08-04 16:19:30"}
{"level":"info","message":"GET /api/catalogos/manifestaciones 304 - 6ms","timestamp":"2026-08-04 16:19:30"}
{"level":"info","message":"GET /api/catalogos/tema 304 - 3ms","timestamp":"2026-08-04 16:19:30"}
{"level":"info","message":"GET /api/catalogos/convocatoria-activa 304 - 2ms","timestamp":"2026-08-04 16:19:30"}
{"level":"info","message":"GET /api/catalogos/categorias 304 - 7ms","timestamp":"2026-08-04 16:19:30"}
{"level":"info","message":"[SOCKET] Conexión establecida: Renato (Renato Corona Landa) [ID: YqUCH4JjChysAeHJAAAU]","timestamp":"2026-08-04 16:19:30"}
{"level":"info","message":"GET /api/participante/mi-registro 304 - 9ms","timestamp":"2026-08-04 16:19:30"}
{"level":"info","message":"GET /api/catalogos/requisitos-archivos 304 - 3ms","timestamp":"2026-08-04 16:19:30"}
{"level":"info","message":"GET /api/participante/mis-archivos 304 - 6ms","timestamp":"2026-08-04 16:19:30"}
{"level":"info","message":"GET /api/superadmin/usuarios 200 - 6ms","timestamp":"2026-08-04 16:19:33"}
{"level":"info","message":"[SOCKET] Conexión establecida: Renato (Renato Corona Landa) [ID: xfNOBnvklwZZ9UmuAAAB]","timestamp":"2026-08-04 16:19:37"}
{"level":"info","message":"GET /api/superadmin/usuarios 200 - 30ms","timestamp":"2026-08-04 16:19:37"}
{"level":"info","message":"[SOCKET] Conexión establecida: superadmin (Superadmin Sistema IECM) [ID: N59yibUI2uQntlW_AAAD]","timestamp":"2026-08-04 16:19:38"}
{"level":"info","message":"GET /api/superadmin/usuarios 200 - 7ms","timestamp":"2026-08-04 16:19:41"}
{"level":"info","message":"GET /api/superadmin/usuarios 304 - 9ms","timestamp":"2026-08-04 16:19:45"}
{"level":"info","message":"GET /api/superadmin/usuarios 304 - 7ms","timestamp":"2026-08-04 16:19:49"}
{"level":"info","message":"GET /api/superadmin/usuarios 304 - 7ms","timestamp":"2026-08-04 16:19:53"}
{"level":"info","message":"GET /api/superadmin/usuarios 304 - 8ms","timestamp":"2026-08-04 16:19:57"}
{"level":"info","message":"GET /api/superadmin/usuarios 304 - 8ms","timestamp":"2026-08-04 16:20:01"}
{"level":"info","message":"GET /api/superadmin/usuarios 304 - 17ms","timestamp":"2026-08-04 16:20:05"}
{"level":"info","message":"GET /api/superadmin/usuarios 304 - 17ms","timestamp":"2026-08-04 16:20:09"}
{"level":"info","message":"GET /api/superadmin/usuarios 304 - 10ms","timestamp":"2026-08-04 16:20:13"}
{"level":"info","message":"GET /api/superadmin/usuarios 304 - 6ms","timestamp":"2026-08-04 16:20:17"}
{"level":"info","message":"GET /api/superadmin/usuarios 304 - 16ms","timestamp":"2026-08-04 16:20:21"}
{"level":"info","message":"GET /api/superadmin/usuarios 304 - 16ms","timestamp":"2026-08-04 16:20:25"}
{"level":"info","message":"GET /api/superadmin/usuarios 304 - 6ms","timestamp":"2026-08-04 16:20:29"}
{"level":"info","message":"GET /api/superadmin/usuarios 304 - 6ms","timestamp":"2026-08-04 16:20:33"}
{"level":"info","message":"GET /api/superadmin/usuarios 304 - 16ms","timestamp":"2026-08-04 16:20:37"}
{"level":"info","message":"GET /api/superadmin/usuarios 304 - 6ms","timestamp":"2026-08-04 16:20:42"}
{"level":"info","message":"GET /api/superadmin/usuarios 304 - 7ms","timestamp":"2026-08-04 16:20:46"}
{"level":"info","message":"GET /api/superadmin/usuarios 304 - 7ms","timestamp":"2026-08-04 16:20:50"}
{"level":"info","message":"GET /api/superadmin/usuarios 304 - 6ms","timestamp":"2026-08-04 16:20:54"}
{"level":"info","message":"GET /api/superadmin/usuarios 304 - 7ms","timestamp":"2026-08-04 16:20:58"}
{"level":"info","message":"GET /api/superadmin/usuarios 304 - 6ms","timestamp":"2026-08-04 16:21:02"}
{"level":"info","message":"GET /api/superadmin/usuarios 304 - 6ms","timestamp":"2026-08-04 16:21:06"}
{"level":"info","message":"GET /api/superadmin/usuarios 304 - 7ms","timestamp":"2026-08-04 16:21:10"}
{"level":"info","message":"GET /api/superadmin/usuarios 304 - 7ms","timestamp":"2026-08-04 16:21:14"}
{"level":"info","message":"GET /api/superadmin/usuarios 304 - 6ms","timestamp":"2026-08-04 16:21:18"}
{"level":"info","message":"GET /api/superadmin/usuarios 304 - 7ms","timestamp":"2026-08-04 16:21:22"}
{"level":"info","message":"GET /api/superadmin/usuarios 304 - 5ms","timestamp":"2026-08-04 16:21:26"}
{"level":"info","message":"GET /api/superadmin/usuarios 304 - 6ms","timestamp":"2026-08-04 16:21:30"}
{"level":"info","message":"GET /api/superadmin/usuarios 304 - 5ms","timestamp":"2026-08-04 16:21:34"}
{"level":"info","message":"GET /api/superadmin/usuarios 304 - 6ms","timestamp":"2026-08-04 16:21:38"}
{"level":"info","message":"GET /api/superadmin/usuarios 304 - 14ms","timestamp":"2026-08-04 16:22:12"}
{"level":"info","message":"GET /api/superadmin/usuarios 304 - 5ms","timestamp":"2026-08-04 16:23:12"}
{"level":"info","message":"GET /api/superadmin/usuarios 304 - 5ms","timestamp":"2026-08-04 16:24:12"}
{"level":"info","message":"GET /api/superadmin/usuarios 304 - 7ms","timestamp":"2026-08-04 16:24:27"}
{"level":"info","message":"GET /api/superadmin/usuarios 304 - 6ms","timestamp":"2026-08-04 16:24:29"}
{"level":"info","message":"GET /api/superadmin/usuarios 304 - 5ms","timestamp":"2026-08-04 16:24:33"}
{"level":"info","message":"[SOCKET] Conexión cerrada: superadmin [ID: N59yibUI2uQntlW_AAAD]","timestamp":"2026-08-04 16:24:34"}
{"level":"info","message":"GET /api/catalogos/convocatoria-activa 304 - 7ms","timestamp":"2026-08-04 16:24:34"}
{"level":"info","message":"GET /api/notificaciones 304 - 10ms","timestamp":"2026-08-04 16:24:34"}
{"level":"info","message":"GET /api/catalogos/tema 304 - 7ms","timestamp":"2026-08-04 16:24:34"}
{"level":"info","message":"[SOCKET] Conexión establecida: superadmin (Superadmin Sistema IECM) [ID: wLt6czikcN3DamR-AAAF]","timestamp":"2026-08-04 16:24:34"}
{"level":"info","message":"GET /api/catalogos/categorias 304 - 20ms","timestamp":"2026-08-04 16:24:34"}
{"level":"info","message":"GET /api/superadmin/usuarios 304 - 28ms","timestamp":"2026-08-04 16:24:34"}
{"level":"info","message":"GET /api/superadmin/usuarios 304 - 6ms","timestamp":"2026-08-04 16:24:38"}
{"level":"info","message":"[SOCKET] Conexión establecida: superadmin (Superadmin Sistema IECM) [ID: cvNyzUEY9oACXj8oAAAB]","timestamp":"2026-08-04 16:24:44"}
{"level":"info","message":"[SOCKET] Conexión cerrada: superadmin [ID: cvNyzUEY9oACXj8oAAAB]","timestamp":"2026-08-04 16:24:44"}
{"level":"info","message":"GET /api/catalogos/tema 304 - 5ms","timestamp":"2026-08-04 16:24:44"}
{"level":"info","message":"GET /api/catalogos/convocatoria-activa 304 - 13ms","timestamp":"2026-08-04 16:24:44"}
{"level":"info","message":"GET /api/notificaciones 304 - 31ms","timestamp":"2026-08-04 16:24:44"}
{"level":"info","message":"GET /api/catalogos/tema 304 - 27ms","timestamp":"2026-08-04 16:24:44"}
{"level":"info","message":"GET /api/catalogos/categorias 304 - 33ms","timestamp":"2026-08-04 16:24:44"}
{"level":"info","message":"[SOCKET] Conexión establecida: superadmin (Superadmin Sistema IECM) [ID: ei5w5G0cuXEZuXSEAAAE]","timestamp":"2026-08-04 16:24:44"}
{"level":"info","message":"GET /api/superadmin/usuarios 200 - 38ms","timestamp":"2026-08-04 16:24:44"}
{"level":"info","message":"GET /api/catalogos/tema 304 - 3ms","timestamp":"2026-08-04 16:24:45"}
{"level":"info","message":"GET /api/catalogos/tema 304 - 4ms","timestamp":"2026-08-04 16:24:45"}
{"level":"info","message":"GET /api/notificaciones 304 - 9ms","timestamp":"2026-08-04 16:24:45"}
{"level":"info","message":"GET /api/catalogos/convocatoria-activa 304 - 6ms","timestamp":"2026-08-04 16:24:45"}
{"level":"info","message":"GET /api/catalogos/alcaldias 304 - 8ms","timestamp":"2026-08-04 16:24:45"}
{"level":"info","message":"GET /api/catalogos/categorias 304 - 11ms","timestamp":"2026-08-04 16:24:45"}
{"level":"info","message":"GET /api/catalogos/te-enteraste 304 - 8ms","timestamp":"2026-08-04 16:24:45"}
{"level":"info","message":"GET /api/catalogos/manifestaciones 304 - 8ms","timestamp":"2026-08-04 16:24:45"}
{"level":"info","message":"GET /api/catalogos/tema 304 - 5ms","timestamp":"2026-08-04 16:24:45"}
{"level":"info","message":"GET /api/catalogos/convocatoria-activa 304 - 6ms","timestamp":"2026-08-04 16:24:45"}
{"level":"info","message":"GET /api/catalogos/categorias 304 - 6ms","timestamp":"2026-08-04 16:24:45"}
{"level":"info","message":"[SOCKET] Conexión establecida: Renato (Renato Corona Landa) [ID: -OHk9n6mPTEF8l3cAAAH]","timestamp":"2026-08-04 16:24:45"}
{"level":"info","message":"GET /api/participante/mi-registro 304 - 12ms","timestamp":"2026-08-04 16:24:45"}
{"level":"info","message":"GET /api/catalogos/requisitos-archivos 304 - 4ms","timestamp":"2026-08-04 16:24:45"}
{"level":"info","message":"GET /api/participante/mis-archivos 304 - 5ms","timestamp":"2026-08-04 16:24:45"}
{"level":"info","message":"GET /api/superadmin/usuarios 200 - 9ms","timestamp":"2026-08-04 16:24:48"}
{"level":"info","message":"GET /api/superadmin/usuarios 304 - 8ms","timestamp":"2026-08-04 16:24:52"}
{"level":"info","message":"GET /api/superadmin/usuarios 304 - 8ms","timestamp":"2026-08-04 16:24:56"}
{"level":"info","message":"GET /api/superadmin/usuarios 304 - 7ms","timestamp":"2026-08-04 16:25:00"}
{"level":"info","message":"GET /api/superadmin/usuarios 304 - 5ms","timestamp":"2026-08-04 16:25:04"}
{"level":"info","message":"GET /api/superadmin/convocatorias 304 - 5ms","timestamp":"2026-08-04 16:25:08"}
{"level":"info","message":"GET /api/superadmin/categorias/1 304 - 3ms","timestamp":"2026-08-04 16:25:08"}
{"level":"info","message":"GET /api/superadmin/requisitos-archivos/1 304 - 5ms","timestamp":"2026-08-04 16:25:08"}
{"level":"info","message":"GET /api/superadmin/manifestaciones 304 - 7ms","timestamp":"2026-08-04 16:25:09"}
{"level":"info","message":"GET /api/superadmin/usuarios 304 - 9ms","timestamp":"2026-08-04 16:25:10"}
{"level":"info","message":"[SOCKET] Conexión cerrada: superadmin [ID: ei5w5G0cuXEZuXSEAAAE]","timestamp":"2026-08-04 16:26:09"}
{"level":"info","message":"GET /api/notificaciones 304 - 5ms","timestamp":"2026-08-04 16:26:09"}
{"level":"info","message":"GET /api/catalogos/convocatoria-activa 304 - 8ms","timestamp":"2026-08-04 16:26:09"}
{"level":"info","message":"GET /api/catalogos/tema 304 - 10ms","timestamp":"2026-08-04 16:26:09"}
{"level":"info","message":"[SOCKET] Conexión establecida: superadmin (Superadmin Sistema IECM) [ID: OUSxFita3OBH9xK5AAAJ]","timestamp":"2026-08-04 16:26:09"}
{"level":"info","message":"GET /api/catalogos/categorias 304 - 13ms","timestamp":"2026-08-04 16:26:09"}
{"level":"info","message":"GET /api/superadmin/usuarios 304 - 18ms","timestamp":"2026-08-04 16:26:09"}
{"level":"info","message":"[SOCKET] Conexión establecida: Renato (Renato Corona Landa) [ID: ysgGEvAOyo92zvQNAAAB]","timestamp":"2026-08-04 16:26:16"}
{"level":"info","message":"[SOCKET] Conexión establecida: superadmin (Superadmin Sistema IECM) [ID: kLWuQkP27bANxCQKAAAD]","timestamp":"2026-08-04 16:26:18"}
{"level":"info","message":"[SOCKET] Conexión cerrada: Renato [ID: ysgGEvAOyo92zvQNAAAB]","timestamp":"2026-08-04 16:28:14"}
{"level":"info","message":"GET /api/catalogos/tema 304 - 20ms","timestamp":"2026-08-04 16:28:14"}
{"level":"info","message":"GET /api/catalogos/convocatoria-activa 304 - 30ms","timestamp":"2026-08-04 16:28:14"}
{"level":"info","message":"GET /api/catalogos/alcaldias 304 - 47ms","timestamp":"2026-08-04 16:28:14"}
{"level":"info","message":"GET /api/notificaciones 304 - 56ms","timestamp":"2026-08-04 16:28:14"}
{"level":"info","message":"GET /api/catalogos/te-enteraste 304 - 32ms","timestamp":"2026-08-04 16:28:14"}
{"level":"info","message":"GET /api/catalogos/manifestaciones 304 - 26ms","timestamp":"2026-08-04 16:28:14"}
{"level":"info","message":"GET /api/catalogos/categorias 304 - 61ms","timestamp":"2026-08-04 16:28:14"}
{"level":"info","message":"[SOCKET] Conexión establecida: Renato (Renato Corona Landa) [ID: L4308ykhbDyUNwd5AAAF]","timestamp":"2026-08-04 16:28:14"}
{"level":"info","message":"GET /api/catalogos/tema 304 - 5ms","timestamp":"2026-08-04 16:28:14"}
{"level":"info","message":"GET /api/catalogos/convocatoria-activa 304 - 8ms","timestamp":"2026-08-04 16:28:14"}
{"level":"info","message":"GET /api/catalogos/categorias 304 - 9ms","timestamp":"2026-08-04 16:28:14"}
{"level":"info","message":"GET /api/participante/mi-registro 304 - 19ms","timestamp":"2026-08-04 16:28:14"}
{"level":"info","message":"GET /api/catalogos/requisitos-archivos 304 - 6ms","timestamp":"2026-08-04 16:28:14"}
{"level":"info","message":"GET /api/participante/mis-archivos 304 - 8ms","timestamp":"2026-08-04 16:28:14"}
{"level":"info","message":"[SOCKET] Conexión cerrada: Renato [ID: L4308ykhbDyUNwd5AAAF]","timestamp":"2026-08-04 16:29:03"}
{"level":"info","message":"[SOCKET] Conexión cerrada: superadmin [ID: kLWuQkP27bANxCQKAAAD]","timestamp":"2026-08-04 16:29:03"}
{"level":"info","message":"GET /api/catalogos/tema 304 - 11ms","timestamp":"2026-08-04 16:29:03"}
{"level":"info","message":"GET /api/catalogos/convocatoria-activa 304 - 19ms","timestamp":"2026-08-04 16:29:03"}
{"level":"info","message":"GET /api/catalogos/alcaldias 304 - 28ms","timestamp":"2026-08-04 16:29:03"}
{"level":"info","message":"GET /api/notificaciones 304 - 41ms","timestamp":"2026-08-04 16:29:03"}
{"level":"info","message":"GET /api/catalogos/te-enteraste 304 - 45ms","timestamp":"2026-08-04 16:29:03"}
{"level":"info","message":"GET /api/catalogos/categorias 304 - 74ms","timestamp":"2026-08-04 16:29:03"}
{"level":"info","message":"GET /api/catalogos/tema 304 - 53ms","timestamp":"2026-08-04 16:29:03"}
{"level":"info","message":"GET /api/catalogos/convocatoria-activa 304 - 62ms","timestamp":"2026-08-04 16:29:03"}
{"level":"info","message":"GET /api/catalogos/manifestaciones 304 - 68ms","timestamp":"2026-08-04 16:29:03"}
{"level":"info","message":"[SOCKET] Conexión establecida: superadmin (Superadmin Sistema IECM) [ID: 1HrPXiv3_eK6N3LDAAAI]","timestamp":"2026-08-04 16:29:03"}
{"level":"info","message":"[SOCKET] Conexión establecida: Renato (Renato Corona Landa) [ID: dSKeYtPLN9joPjO2AAAJ]","timestamp":"2026-08-04 16:29:03"}
{"level":"info","message":"GET /api/notificaciones 304 - 94ms","timestamp":"2026-08-04 16:29:03"}
{"level":"info","message":"GET /api/catalogos/tema 304 - 44ms","timestamp":"2026-08-04 16:29:03"}
{"level":"info","message":"GET /api/catalogos/convocatoria-activa 304 - 24ms","timestamp":"2026-08-04 16:29:03"}
{"level":"info","message":"GET /api/catalogos/categorias 304 - 91ms","timestamp":"2026-08-04 16:29:03"}
{"level":"info","message":"GET /api/catalogos/categorias 304 - 21ms","timestamp":"2026-08-04 16:29:03"}
{"level":"info","message":"GET /api/superadmin/usuarios 304 - 108ms","timestamp":"2026-08-04 16:29:03"}
{"level":"info","message":"GET /api/participante/mi-registro 304 - 23ms","timestamp":"2026-08-04 16:29:03"}
{"level":"info","message":"GET /api/catalogos/requisitos-archivos 304 - 6ms","timestamp":"2026-08-04 16:29:03"}
{"level":"info","message":"GET /api/participante/mis-archivos 304 - 8ms","timestamp":"2026-08-04 16:29:03"}
{"level":"info","message":"[SOCKET] Conexión establecida: Renato (Renato Corona Landa) [ID: CXOXRC9CrzsKIOMpAAAB]","timestamp":"2026-08-04 16:29:11"}
{"level":"info","message":"[SOCKET] Conexión establecida: superadmin (Superadmin Sistema IECM) [ID: 7TtQFk8pVzpIGVcrAAAD]","timestamp":"2026-08-04 16:29:12"}
{"level":"info","message":"GET /api/superadmin/usuarios 304 - 18ms","timestamp":"2026-08-04 16:29:26"}
{"level":"info","message":"GET /api/superadmin/usuarios 304 - 7ms","timestamp":"2026-08-04 16:29:30"}
{"level":"info","message":"GET /api/superadmin/convocatorias 304 - 6ms","timestamp":"2026-08-04 16:29:32"}
{"level":"info","message":"GET /api/superadmin/categorias/1 304 - 6ms","timestamp":"2026-08-04 16:29:32"}
{"level":"info","message":"GET /api/superadmin/requisitos-archivos/1 304 - 5ms","timestamp":"2026-08-04 16:29:32"}
{"level":"info","message":"[SOCKET] Conexión establecida: superadmin (Superadmin Sistema IECM) [ID: U5gQ4nZEVaU1dqQpAAAC]","timestamp":"2026-08-04 16:32:23"}
{"level":"info","message":"[SOCKET] Conexión establecida: Renato (Renato Corona Landa) [ID: btj9KDa4ph_hiCzgAAAD]","timestamp":"2026-08-04 16:32:23"}
{"level":"info","message":"[SOCKET] Conexión cerrada: superadmin [ID: U5gQ4nZEVaU1dqQpAAAC]","timestamp":"2026-08-04 16:32:34"}
{"level":"info","message":"GET /api/catalogos/convocatoria-activa 304 - 9ms","timestamp":"2026-08-04 16:32:34"}
{"level":"info","message":"GET /api/notificaciones 304 - 16ms","timestamp":"2026-08-04 16:32:34"}
{"level":"info","message":"GET /api/superadmin/convocatorias 304 - 17ms","timestamp":"2026-08-04 16:32:34"}
{"level":"info","message":"GET /api/catalogos/tema 304 - 18ms","timestamp":"2026-08-04 16:32:34"}
{"level":"info","message":"GET /api/catalogos/categorias 304 - 25ms","timestamp":"2026-08-04 16:32:34"}
{"level":"info","message":"[SOCKET] Conexión establecida: superadmin (Superadmin Sistema IECM) [ID: ZL-SzhcpiEkmv-BbAAAF]","timestamp":"2026-08-04 16:32:34"}
{"level":"info","message":"GET /api/superadmin/categorias/1 304 - 10ms","timestamp":"2026-08-04 16:32:34"}
{"level":"info","message":"GET /api/superadmin/requisitos-archivos/1 304 - 8ms","timestamp":"2026-08-04 16:32:34"}
{"level":"info","message":"[SOCKET] Conexión establecida: superadmin (Superadmin Sistema IECM) [ID: uyB6ZD5gIBJH5DRIAAAB]","timestamp":"2026-08-04 16:33:21"}
{"level":"info","message":"[SOCKET] Conexión establecida: Renato (Renato Corona Landa) [ID: zs82c56jRVzj6gfYAAAD]","timestamp":"2026-08-04 16:33:22"}
{"level":"info","message":"[SOCKET] Conexión establecida: superadmin (Superadmin Sistema IECM) [ID: lU1lXfdgnyEKyQM0AAAC]","timestamp":"2026-08-04 16:35:09"}
{"level":"info","message":"[SOCKET] Conexión establecida: Renato (Renato Corona Landa) [ID: HR6AEiwtHXOOKrWFAAAD]","timestamp":"2026-08-04 16:35:09"}
{"level":"info","message":"[SOCKET] Conexión cerrada: superadmin [ID: lU1lXfdgnyEKyQM0AAAC]","timestamp":"2026-08-04 16:36:38"}
{"level":"info","message":"GET /api/catalogos/convocatoria-activa 304 - 10ms","timestamp":"2026-08-04 16:36:38"}
{"level":"info","message":"GET /api/notificaciones 304 - 20ms","timestamp":"2026-08-04 16:36:38"}
{"level":"info","message":"GET /api/superadmin/convocatorias 304 - 19ms","timestamp":"2026-08-04 16:36:38"}
{"level":"info","message":"GET /api/catalogos/tema 304 - 15ms","timestamp":"2026-08-04 16:36:38"}
{"level":"info","message":"[SOCKET] Conexión establecida: superadmin (Superadmin Sistema IECM) [ID: qUCi2NWTj4rbkRJiAAAF]","timestamp":"2026-08-04 16:36:38"}
{"level":"info","message":"GET /api/catalogos/categorias 304 - 28ms","timestamp":"2026-08-04 16:36:38"}
{"level":"info","message":"GET /api/superadmin/categorias/1 304 - 7ms","timestamp":"2026-08-04 16:36:38"}
{"level":"info","message":"GET /api/superadmin/requisitos-archivos/1 304 - 5ms","timestamp":"2026-08-04 16:36:38"}
{"level":"info","message":"[SOCKET] Conexión establecida: superadmin (Superadmin Sistema IECM) [ID: erUAgmGytswqqwRHAAAB]","timestamp":"2026-08-04 16:36:47"}
{"level":"info","message":"[SOCKET] Conexión establecida: Renato (Renato Corona Landa) [ID: NLLmT8WMnCaT0YaFAAAD]","timestamp":"2026-08-04 16:36:48"}
{"level":"info","message":"GET /api/superadmin/usuarios 304 - 16ms","timestamp":"2026-08-04 16:36:59"}
{"level":"info","message":"GET /api/superadmin/manifestaciones 304 - 6ms","timestamp":"2026-08-04 16:37:00"}
{"level":"info","message":"GET /api/superadmin/usuarios 304 - 11ms","timestamp":"2026-08-04 16:37:01"}
{"level":"info","message":"GET /api/superadmin/usuarios 304 - 8ms","timestamp":"2026-08-04 16:37:33"}
{"level":"info","message":"GET /api/superadmin/convocatorias 304 - 5ms","timestamp":"2026-08-04 16:37:37"}
{"level":"info","message":"GET /api/superadmin/categorias/1 304 - 6ms","timestamp":"2026-08-04 16:37:37"}
{"level":"info","message":"GET /api/superadmin/requisitos-archivos/1 304 - 7ms","timestamp":"2026-08-04 16:37:37"}
{"level":"info","message":"[SOCKET] Conexión establecida: Renato (Renato Corona Landa) [ID: 0675lpOBS7uhpNhPAAAB]","timestamp":"2026-08-04 16:38:29"}
{"level":"info","message":"[SOCKET] Conexión establecida: superadmin (Superadmin Sistema IECM) [ID: 3Q4krVfkSexe42jYAAAD]","timestamp":"2026-08-04 16:38:31"}
{"level":"info","message":"[SOCKET] Conexión establecida: superadmin (Superadmin Sistema IECM) [ID: eQ411pz0iU7htUwWAAAC]","timestamp":"2026-08-04 16:39:12"}
{"level":"info","message":"[SOCKET] Conexión establecida: Renato (Renato Corona Landa) [ID: aBs5gvLBiBUOabdSAAAD]","timestamp":"2026-08-04 16:39:12"}
{"level":"info","message":"[SOCKET] Conexión cerrada: superadmin [ID: eQ411pz0iU7htUwWAAAC]","timestamp":"2026-08-04 16:44:34"}
{"level":"info","message":"[SOCKET] Conexión cerrada: Renato [ID: aBs5gvLBiBUOabdSAAAD]","timestamp":"2026-08-04 16:44:34"}
{"level":"info","message":"GET /api/catalogos/tema 304 - 6ms","timestamp":"2026-08-04 16:44:39"}
{"level":"info","message":"GET /api/catalogos/tema 304 - 9ms","timestamp":"2026-08-04 16:44:39"}
{"level":"info","message":"GET /api/catalogos/convocatoria-activa 304 - 15ms","timestamp":"2026-08-04 16:44:39"}
{"level":"info","message":"GET /api/superadmin/convocatorias 304 - 27ms","timestamp":"2026-08-04 16:44:39"}
{"level":"info","message":"GET /api/notificaciones 304 - 27ms","timestamp":"2026-08-04 16:44:39"}
{"level":"info","message":"GET /api/catalogos/categorias 304 - 29ms","timestamp":"2026-08-04 16:44:39"}
{"level":"info","message":"[SOCKET] Conexión establecida: superadmin (Superadmin Sistema IECM) [ID: PQ4xxbi50EBUdFA8AAAG]","timestamp":"2026-08-04 16:44:39"}
{"level":"info","message":"GET /api/superadmin/categorias/1 304 - 9ms","timestamp":"2026-08-04 16:44:39"}
{"level":"info","message":"GET /api/superadmin/requisitos-archivos/1 304 - 9ms","timestamp":"2026-08-04 16:44:39"}
{"level":"info","message":"GET /api/catalogos/tema 304 - 3ms","timestamp":"2026-08-04 16:44:39"}
{"level":"info","message":"GET /api/catalogos/tema 304 - 6ms","timestamp":"2026-08-04 16:44:39"}
{"level":"info","message":"GET /api/catalogos/convocatoria-activa 304 - 6ms","timestamp":"2026-08-04 16:44:39"}
{"level":"info","message":"GET /api/notificaciones 304 - 11ms","timestamp":"2026-08-04 16:44:39"}
{"level":"info","message":"GET /api/catalogos/categorias 304 - 12ms","timestamp":"2026-08-04 16:44:39"}
{"level":"info","message":"GET /api/catalogos/alcaldias 304 - 5ms","timestamp":"2026-08-04 16:44:39"}
{"level":"info","message":"GET /api/catalogos/te-enteraste 304 - 10ms","timestamp":"2026-08-04 16:44:39"}
{"level":"info","message":"GET /api/catalogos/tema 304 - 10ms","timestamp":"2026-08-04 16:44:39"}
{"level":"info","message":"GET /api/catalogos/manifestaciones 304 - 10ms","timestamp":"2026-08-04 16:44:39"}
{"level":"info","message":"GET /api/catalogos/convocatoria-activa 304 - 6ms","timestamp":"2026-08-04 16:44:39"}
{"level":"info","message":"[SOCKET] Conexión establecida: Renato (Renato Corona Landa) [ID: wQkrDKtEeivj8zT9AAAJ]","timestamp":"2026-08-04 16:44:39"}
{"level":"info","message":"GET /api/catalogos/categorias 304 - 15ms","timestamp":"2026-08-04 16:44:39"}
{"level":"info","message":"GET /api/participante/mi-registro 304 - 12ms","timestamp":"2026-08-04 16:44:39"}
{"level":"info","message":"GET /api/catalogos/requisitos-archivos 304 - 6ms","timestamp":"2026-08-04 16:44:39"}
{"level":"info","message":"GET /api/participante/mis-archivos 304 - 5ms","timestamp":"2026-08-04 16:44:39"}
{"level":"info","message":"[SOCKET] Conexión establecida: superadmin (Superadmin Sistema IECM) [ID: rbRMdd4lhKl3ewO2AAAB]","timestamp":"2026-08-04 16:44:50"}
{"level":"info","message":"[SOCKET] Conexión establecida: Renato (Renato Corona Landa) [ID: iZbGTQRrOc11T9oTAAAD]","timestamp":"2026-08-04 16:44:50"}
{"level":"info","message":"[SOCKET] Conexión establecida: Renato (Renato Corona Landa) [ID: JSHNoVB9zRwcV9bVAAAB]","timestamp":"2026-08-04 16:45:20"}
{"level":"info","message":"[SOCKET] Conexión establecida: superadmin (Superadmin Sistema IECM) [ID: ZmIGLGU44EDGHK9AAAAD]","timestamp":"2026-08-04 16:45:22"}
{"level":"info","message":"[SOCKET] Conexión establecida: superadmin (Superadmin Sistema IECM) [ID: cDfQyfN6o2qTqatHAAAB]","timestamp":"2026-08-04 16:45:55"}
{"level":"info","message":"[SOCKET] Conexión establecida: Renato (Renato Corona Landa) [ID: BXlD-dOsTMafmXVmAAAD]","timestamp":"2026-08-04 16:45:55"}
{"level":"info","message":"POST /api/superadmin/tema 200 - 15ms","timestamp":"2026-08-04 16:47:01"}
{"level":"info","message":"POST /api/superadmin/tema 200 - 9ms","timestamp":"2026-08-04 16:47:05"}
{"level":"info","message":"POST /api/superadmin/tema 200 - 10ms","timestamp":"2026-08-04 16:47:09"}
{"level":"info","message":"[SOCKET] Conexión establecida: Renato (Renato Corona Landa) [ID: y7oooOIiB10dc3aAAAAB]","timestamp":"2026-08-04 16:47:13"}
{"level":"info","message":"[SOCKET] Conexión establecida: superadmin (Superadmin Sistema IECM) [ID: 4aLoEtVSBy2xuydcAAAD]","timestamp":"2026-08-04 16:47:14"}
{"level":"info","message":"POST /api/superadmin/tema 200 - 16ms","timestamp":"2026-08-04 16:47:25"}
{"level":"info","message":"[SOCKET] Forzando cierre de conexión para usuario ID: 1","timestamp":"2026-08-04 16:47:32"}
{"level":"info","message":"[SOCKET] Conexión cerrada: superadmin [ID: 4aLoEtVSBy2xuydcAAAD]","timestamp":"2026-08-04 16:47:32"}
{"level":"info","message":"POST /api/auth/logout 200 - 27ms","timestamp":"2026-08-04 16:47:32"}
{"level":"info","message":"GET /api/catalogos/convocatoria-activa 304 - 4ms","timestamp":"2026-08-04 16:47:33"}
{"level":"info","message":"GET /api/catalogos/categorias 304 - 7ms","timestamp":"2026-08-04 16:47:33"}
{"level":"info","message":"GET /api/catalogos/categorias 304 - 5ms","timestamp":"2026-08-04 16:47:33"}
{"level":"info","message":"GET /api/catalogos/convocatoria-activa 304 - 2ms","timestamp":"2026-08-04 16:47:39"}
{"level":"info","message":"GET /api/catalogos/categorias 304 - 4ms","timestamp":"2026-08-04 16:47:39"}
{"level":"info","message":"GET /api/catalogos/convocatoria-activa 304 - 2ms","timestamp":"2026-08-04 16:47:44"}
{"level":"info","message":"GET /api/catalogos/categorias 304 - 3ms","timestamp":"2026-08-04 16:47:44"}
{"level":"info","message":"GET /api/catalogos/categorias 304 - 3ms","timestamp":"2026-08-04 16:47:44"}
{"level":"info","message":"GET /api/catalogos/tema 200 - 4ms","timestamp":"2026-08-04 16:49:00"}
{"level":"info","message":"GET /api/catalogos/convocatoria-activa 304 - 3ms","timestamp":"2026-08-04 16:49:00"}
{"level":"info","message":"GET /api/catalogos/categorias 304 - 6ms","timestamp":"2026-08-04 16:49:00"}
{"level":"info","message":"GET /api/catalogos/categorias 304 - 5ms","timestamp":"2026-08-04 16:49:00"}
{"level":"info","message":"[SOCKET] Conexión cerrada: Renato [ID: y7oooOIiB10dc3aAAAAB]","timestamp":"2026-08-04 16:49:00"}
{"level":"info","message":"GET /api/catalogos/tema 200 - 2ms","timestamp":"2026-08-04 16:49:01"}
{"level":"info","message":"GET /api/catalogos/tema 304 - 4ms","timestamp":"2026-08-04 16:49:01"}
{"level":"info","message":"GET /api/catalogos/alcaldias 304 - 5ms","timestamp":"2026-08-04 16:49:01"}
{"level":"info","message":"GET /api/catalogos/convocatoria-activa 304 - 5ms","timestamp":"2026-08-04 16:49:01"}
{"level":"info","message":"GET /api/notificaciones 304 - 11ms","timestamp":"2026-08-04 16:49:01"}
{"level":"info","message":"GET /api/catalogos/te-enteraste 304 - 10ms","timestamp":"2026-08-04 16:49:01"}
{"level":"info","message":"GET /api/catalogos/categorias 304 - 12ms","timestamp":"2026-08-04 16:49:01"}
{"level":"info","message":"GET /api/catalogos/manifestaciones 304 - 6ms","timestamp":"2026-08-04 16:49:01"}
{"level":"info","message":"[SOCKET] Conexión establecida: Renato (Renato Corona Landa) [ID: 9IXcBWT1QsBydvjQAAAG]","timestamp":"2026-08-04 16:49:01"}
{"level":"info","message":"GET /api/catalogos/tema 304 - 2ms","timestamp":"2026-08-04 16:49:01"}
{"level":"info","message":"GET /api/catalogos/convocatoria-activa 304 - 2ms","timestamp":"2026-08-04 16:49:01"}
{"level":"info","message":"GET /api/catalogos/categorias 304 - 3ms","timestamp":"2026-08-04 16:49:01"}
{"level":"info","message":"GET /api/participante/mi-registro 304 - 7ms","timestamp":"2026-08-04 16:49:01"}
{"level":"info","message":"GET /api/catalogos/requisitos-archivos 304 - 4ms","timestamp":"2026-08-04 16:49:01"}
{"level":"info","message":"GET /api/participante/mis-archivos 304 - 5ms","timestamp":"2026-08-04 16:49:01"}
{"level":"info","message":"GET /api/catalogos/tema 304 - 3ms","timestamp":"2026-08-04 16:49:09"}
{"level":"info","message":"GET /api/catalogos/convocatoria-activa 304 - 4ms","timestamp":"2026-08-04 16:49:09"}
{"level":"info","message":"GET /api/catalogos/categorias 304 - 6ms","timestamp":"2026-08-04 16:49:09"}
{"level":"info","message":"GET /api/catalogos/categorias 304 - 5ms","timestamp":"2026-08-04 16:49:09"}
{"level":"info","message":"[SOCKET] Conexión cerrada: Renato [ID: 9IXcBWT1QsBydvjQAAAG]","timestamp":"2026-08-04 16:49:09"}
{"level":"info","message":"GET /api/catalogos/tema 304 - 3ms","timestamp":"2026-08-04 16:49:10"}
{"level":"info","message":"GET /api/catalogos/tema 304 - 3ms","timestamp":"2026-08-04 16:49:10"}
{"level":"info","message":"GET /api/catalogos/convocatoria-activa 304 - 4ms","timestamp":"2026-08-04 16:49:10"}
{"level":"info","message":"GET /api/notificaciones 304 - 7ms","timestamp":"2026-08-04 16:49:10"}
{"level":"info","message":"GET /api/catalogos/alcaldias 304 - 2ms","timestamp":"2026-08-04 16:49:10"}
{"level":"info","message":"GET /api/catalogos/te-enteraste 304 - 4ms","timestamp":"2026-08-04 16:49:10"}
{"level":"info","message":"GET /api/catalogos/categorias 304 - 6ms","timestamp":"2026-08-04 16:49:10"}
{"level":"info","message":"GET /api/catalogos/manifestaciones 304 - 3ms","timestamp":"2026-08-04 16:49:10"}
{"level":"info","message":"GET /api/catalogos/tema 304 - 3ms","timestamp":"2026-08-04 16:49:10"}
{"level":"info","message":"GET /api/catalogos/convocatoria-activa 304 - 3ms","timestamp":"2026-08-04 16:49:10"}
{"level":"info","message":"GET /api/catalogos/categorias 304 - 4ms","timestamp":"2026-08-04 16:49:10"}
{"level":"info","message":"[SOCKET] Conexión establecida: Renato (Renato Corona Landa) [ID: bFNDTxgggR0S4hP1AAAJ]","timestamp":"2026-08-04 16:49:10"}
{"level":"info","message":"GET /api/participante/mi-registro 304 - 8ms","timestamp":"2026-08-04 16:49:10"}
{"level":"info","message":"GET /api/catalogos/requisitos-archivos 304 - 4ms","timestamp":"2026-08-04 16:49:10"}
{"level":"info","message":"GET /api/participante/mis-archivos 304 - 5ms","timestamp":"2026-08-04 16:49:10"}
{"level":"info","message":"GET /api/catalogos/tema 304 - 3ms","timestamp":"2026-08-04 16:49:17"}
{"level":"info","message":"GET /api/catalogos/convocatoria-activa 304 - 8ms","timestamp":"2026-08-04 16:49:17"}
{"level":"info","message":"GET /api/catalogos/categorias 304 - 10ms","timestamp":"2026-08-04 16:49:17"}
{"level":"info","message":"GET /api/catalogos/categorias 304 - 5ms","timestamp":"2026-08-04 16:49:17"}
{"level":"info","message":"[SOCKET] Conexión cerrada: Renato [ID: bFNDTxgggR0S4hP1AAAJ]","timestamp":"2026-08-04 16:49:17"}
{"level":"info","message":"GET /api/catalogos/tema 304 - 2ms","timestamp":"2026-08-04 16:49:18"}
{"level":"info","message":"GET /api/catalogos/tema 304 - 1ms","timestamp":"2026-08-04 16:49:18"}
{"level":"info","message":"GET /api/notificaciones 304 - 4ms","timestamp":"2026-08-04 16:49:18"}
{"level":"info","message":"GET /api/catalogos/convocatoria-activa 304 - 3ms","timestamp":"2026-08-04 16:49:18"}
{"level":"info","message":"GET /api/catalogos/categorias 304 - 6ms","timestamp":"2026-08-04 16:49:18"}
{"level":"info","message":"GET /api/catalogos/alcaldias 304 - 2ms","timestamp":"2026-08-04 16:49:18"}
{"level":"info","message":"GET /api/catalogos/te-enteraste 304 - 2ms","timestamp":"2026-08-04 16:49:18"}
{"level":"info","message":"GET /api/catalogos/manifestaciones 304 - 3ms","timestamp":"2026-08-04 16:49:18"}
{"level":"info","message":"GET /api/catalogos/tema 304 - 2ms","timestamp":"2026-08-04 16:49:18"}
{"level":"info","message":"GET /api/catalogos/convocatoria-activa 304 - 2ms","timestamp":"2026-08-04 16:49:18"}
{"level":"info","message":"GET /api/catalogos/categorias 304 - 4ms","timestamp":"2026-08-04 16:49:18"}
{"level":"info","message":"[SOCKET] Conexión establecida: Renato (Renato Corona Landa) [ID: edPYK7J93Howku5DAAAM]","timestamp":"2026-08-04 16:49:18"}
{"level":"info","message":"GET /api/participante/mi-registro 304 - 8ms","timestamp":"2026-08-04 16:49:18"}
{"level":"info","message":"GET /api/catalogos/requisitos-archivos 304 - 4ms","timestamp":"2026-08-04 16:49:18"}
{"level":"info","message":"GET /api/participante/mis-archivos 304 - 5ms","timestamp":"2026-08-04 16:49:18"}
{"level":"info","message":"[SOCKET] Conexión establecida: Renato (Renato Corona Landa) [ID: fjWg7_SGKvd0itQ2AAAB]","timestamp":"2026-08-04 16:49:27"}
{"level":"info","message":"POST /api/auth/login 200 - 77ms","timestamp":"2026-08-04 16:49:55"}
{"level":"info","message":"[SOCKET] Conexión cerrada: Renato [ID: fjWg7_SGKvd0itQ2AAAB]","timestamp":"2026-08-04 16:49:55"}
{"level":"info","message":"[SOCKET] Conexión establecida: Renato (Renato Corona Landa) [ID: OtUfWxf8jKmc0ebjAAAD]","timestamp":"2026-08-04 16:49:55"}
{"level":"info","message":"[SOCKET] Conexión cerrada: Renato [ID: OtUfWxf8jKmc0ebjAAAD]","timestamp":"2026-08-04 16:49:57"}
{"level":"info","message":"GET /api/catalogos/tema 304 - 9ms","timestamp":"2026-08-04 16:49:57"}
{"level":"info","message":"GET /api/catalogos/convocatoria-activa 304 - 12ms","timestamp":"2026-08-04 16:49:57"}
{"level":"info","message":"GET /api/catalogos/alcaldias 304 - 15ms","timestamp":"2026-08-04 16:49:57"}
{"level":"info","message":"GET /api/notificaciones 200 - 24ms","timestamp":"2026-08-04 16:49:57"}
{"level":"info","message":"GET /api/catalogos/te-enteraste 304 - 20ms","timestamp":"2026-08-04 16:49:57"}
{"level":"info","message":"GET /api/catalogos/manifestaciones 304 - 12ms","timestamp":"2026-08-04 16:49:57"}
{"level":"info","message":"[SOCKET] Conexión establecida: Renato (Renato Corona Landa) [ID: qEr7cxe_0qfncUyDAAAF]","timestamp":"2026-08-04 16:49:57"}
{"level":"info","message":"GET /api/catalogos/categorias 304 - 27ms","timestamp":"2026-08-04 16:49:57"}
{"level":"info","message":"GET /api/catalogos/tema 304 - 9ms","timestamp":"2026-08-04 16:49:57"}
{"level":"info","message":"GET /api/catalogos/convocatoria-activa 304 - 9ms","timestamp":"2026-08-04 16:49:57"}
{"level":"info","message":"GET /api/catalogos/categorias 304 - 10ms","timestamp":"2026-08-04 16:49:57"}
{"level":"info","message":"GET /api/participante/mi-registro 200 - 30ms","timestamp":"2026-08-04 16:49:57"}
{"level":"info","message":"GET /api/catalogos/requisitos-archivos 200 - 4ms","timestamp":"2026-08-04 16:49:57"}
{"level":"info","message":"GET /api/participante/mis-archivos 200 - 11ms","timestamp":"2026-08-04 16:49:57"}
{"level":"info","message":"GET /api/catalogos/convocatoria-activa 304 - 4ms","timestamp":"2026-08-04 16:49:59"}
{"level":"info","message":"GET /api/catalogos/categorias 304 - 8ms","timestamp":"2026-08-04 16:49:59"}
{"level":"info","message":"GET /api/catalogos/categorias 304 - 5ms","timestamp":"2026-08-04 16:49:59"}
{"level":"info","message":"GET /api/catalogos/tema 304 - 2ms","timestamp":"2026-08-04 16:52:02"}
{"level":"info","message":"GET /api/catalogos/convocatoria-activa 304 - 5ms","timestamp":"2026-08-04 16:52:02"}
{"level":"info","message":"GET /api/catalogos/alcaldias 304 - 5ms","timestamp":"2026-08-04 16:52:02"}
{"level":"info","message":"GET /api/catalogos/te-enteraste 304 - 5ms","timestamp":"2026-08-04 16:52:02"}
{"level":"info","message":"GET /api/catalogos/manifestaciones 304 - 4ms","timestamp":"2026-08-04 16:52:02"}
{"level":"info","message":"GET /api/catalogos/categorias 304 - 8ms","timestamp":"2026-08-04 16:52:02"}
{"level":"info","message":"GET /api/participante/mi-registro 304 - 7ms","timestamp":"2026-08-04 16:52:02"}
{"level":"info","message":"GET /api/catalogos/requisitos-archivos 304 - 4ms","timestamp":"2026-08-04 16:52:02"}
{"level":"info","message":"GET /api/participante/mis-archivos 304 - 6ms","timestamp":"2026-08-04 16:52:02"}
{"level":"info","message":"[SOCKET] Conexión establecida: Renato (Renato Corona Landa) [ID: OBY-mbpEVd7yNvDbAAAB]","timestamp":"2026-08-04 16:52:13"}
{"level":"info","message":"[SOCKET] Conexión cerrada: Renato [ID: OBY-mbpEVd7yNvDbAAAB]","timestamp":"2026-08-04 16:52:37"}
{"level":"info","message":"GET /api/catalogos/tema 200 - 7ms","timestamp":"2026-08-04 16:52:38"}
{"level":"info","message":"GET /api/catalogos/tema 200 - 12ms","timestamp":"2026-08-04 16:52:38"}
{"level":"info","message":"GET /api/catalogos/convocatoria-activa 200 - 17ms","timestamp":"2026-08-04 16:52:38"}
{"level":"info","message":"GET /api/notificaciones 200 - 27ms","timestamp":"2026-08-04 16:52:38"}
{"level":"info","message":"GET /api/catalogos/alcaldias 200 - 26ms","timestamp":"2026-08-04 16:52:38"}
{"level":"info","message":"GET /api/catalogos/convocatoria-activa 200 - 22ms","timestamp":"2026-08-04 16:52:38"}
{"level":"info","message":"GET /api/catalogos/te-enteraste 200 - 8ms","timestamp":"2026-08-04 16:52:38"}
{"level":"info","message":"GET /api/catalogos/categorias 200 - 32ms","timestamp":"2026-08-04 16:52:38"}
{"level":"info","message":"GET /api/catalogos/tema 200 - 5ms","timestamp":"2026-08-04 16:52:38"}
{"level":"info","message":"GET /api/catalogos/categorias 200 - 22ms","timestamp":"2026-08-04 16:52:38"}
{"level":"info","message":"GET /api/catalogos/manifestaciones 200 - 3ms","timestamp":"2026-08-04 16:52:38"}
{"level":"info","message":"[SOCKET] Conexión establecida: Renato (Renato Corona Landa) [ID: Q69mf414PIo9jq1vAAAE]","timestamp":"2026-08-04 16:52:38"}
{"level":"info","message":"GET /api/participante/mi-registro 200 - 10ms","timestamp":"2026-08-04 16:52:38"}
{"level":"info","message":"GET /api/catalogos/requisitos-archivos 304 - 5ms","timestamp":"2026-08-04 16:52:38"}
{"level":"info","message":"GET /api/participante/mis-archivos 304 - 5ms","timestamp":"2026-08-04 16:52:38"}
{"level":"info","message":"[SOCKET] Conexión cerrada: Renato [ID: Q69mf414PIo9jq1vAAAE]","timestamp":"2026-08-04 16:55:54"}
{"level":"info","message":"GET /api/catalogos/tema 304 - 3ms","timestamp":"2026-08-04 16:55:54"}
{"level":"info","message":"GET /api/catalogos/tema 304 - 7ms","timestamp":"2026-08-04 16:55:54"}
{"level":"info","message":"GET /api/catalogos/te-enteraste 304 - 13ms","timestamp":"2026-08-04 16:55:54"}
{"level":"info","message":"GET /api/catalogos/convocatoria-activa 304 - 22ms","timestamp":"2026-08-04 16:55:54"}
{"level":"info","message":"GET /api/catalogos/alcaldias 304 - 25ms","timestamp":"2026-08-04 16:55:54"}
{"level":"info","message":"GET /api/notificaciones 304 - 34ms","timestamp":"2026-08-04 16:55:54"}
{"level":"info","message":"GET /api/catalogos/categorias 304 - 35ms","timestamp":"2026-08-04 16:55:54"}
{"level":"info","message":"GET /api/catalogos/manifestaciones 304 - 21ms","timestamp":"2026-08-04 16:55:54"}
{"level":"info","message":"GET /api/catalogos/tema 304 - 12ms","timestamp":"2026-08-04 16:55:54"}
{"level":"info","message":"[SOCKET] Conexión establecida: Renato (Renato Corona Landa) [ID: KVosRB_Z2nDIWkS_AAAH]","timestamp":"2026-08-04 16:55:54"}
{"level":"info","message":"GET /api/catalogos/convocatoria-activa 304 - 12ms","timestamp":"2026-08-04 16:55:54"}
{"level":"info","message":"GET /api/catalogos/categorias 304 - 10ms","timestamp":"2026-08-04 16:55:54"}
{"level":"info","message":"GET /api/participante/mi-registro 304 - 15ms","timestamp":"2026-08-04 16:55:54"}
{"level":"info","message":"GET /api/catalogos/requisitos-archivos 304 - 5ms","timestamp":"2026-08-04 16:55:54"}
{"level":"info","message":"GET /api/participante/mis-archivos 304 - 11ms","timestamp":"2026-08-04 16:55:55"}
{"level":"info","message":"[SOCKET] Conexión cerrada: Renato [ID: KVosRB_Z2nDIWkS_AAAH]","timestamp":"2026-08-04 16:56:19"}
{"level":"info","message":"GET /api/catalogos/tema 304 - 4ms","timestamp":"2026-08-04 16:56:19"}
{"level":"info","message":"GET /api/notificaciones 304 - 6ms","timestamp":"2026-08-04 16:56:19"}
{"level":"info","message":"GET /api/catalogos/tema 304 - 4ms","timestamp":"2026-08-04 16:56:19"}
{"level":"info","message":"GET /api/catalogos/te-enteraste 304 - 4ms","timestamp":"2026-08-04 16:56:19"}
{"level":"info","message":"GET /api/catalogos/convocatoria-activa 304 - 5ms","timestamp":"2026-08-04 16:56:19"}
{"level":"info","message":"GET /api/catalogos/alcaldias 304 - 7ms","timestamp":"2026-08-04 16:56:19"}
{"level":"info","message":"GET /api/catalogos/categorias 304 - 12ms","timestamp":"2026-08-04 16:56:19"}
{"level":"info","message":"GET /api/catalogos/manifestaciones 304 - 3ms","timestamp":"2026-08-04 16:56:19"}
{"level":"info","message":"[SOCKET] Conexión establecida: Renato (Renato Corona Landa) [ID: Ta1gzwSoERPscNQYAAAK]","timestamp":"2026-08-04 16:56:19"}
{"level":"info","message":"GET /api/catalogos/tema 304 - 8ms","timestamp":"2026-08-04 16:56:19"}
{"level":"info","message":"GET /api/catalogos/convocatoria-activa 304 - 8ms","timestamp":"2026-08-04 16:56:19"}
{"level":"info","message":"GET /api/catalogos/categorias 304 - 10ms","timestamp":"2026-08-04 16:56:19"}
{"level":"info","message":"GET /api/participante/mi-registro 304 - 8ms","timestamp":"2026-08-04 16:56:19"}
{"level":"info","message":"GET /api/catalogos/requisitos-archivos 304 - 5ms","timestamp":"2026-08-04 16:56:19"}
{"level":"info","message":"GET /api/participante/mis-archivos 304 - 4ms","timestamp":"2026-08-04 16:56:19"}
{"level":"info","message":"GET /api/catalogos/tema 304 - 4ms","timestamp":"2026-08-04 16:56:20"}
{"level":"info","message":"GET /api/catalogos/convocatoria-activa 304 - 5ms","timestamp":"2026-08-04 16:56:20"}
{"level":"info","message":"GET /api/catalogos/categorias 304 - 7ms","timestamp":"2026-08-04 16:56:20"}
{"level":"info","message":"GET /api/catalogos/categorias 304 - 8ms","timestamp":"2026-08-04 16:56:20"}
{"level":"info","message":"[SOCKET] Conexión cerrada: Renato [ID: Ta1gzwSoERPscNQYAAAK]","timestamp":"2026-08-04 16:56:25"}
{"level":"info","message":"GET /api/catalogos/tema 304 - 4ms","timestamp":"2026-08-04 16:56:25"}
{"level":"info","message":"GET /api/catalogos/convocatoria-activa 304 - 5ms","timestamp":"2026-08-04 16:56:25"}
{"level":"info","message":"GET /api/catalogos/te-enteraste 304 - 4ms","timestamp":"2026-08-04 16:56:25"}
{"level":"info","message":"GET /api/catalogos/alcaldias 304 - 5ms","timestamp":"2026-08-04 16:56:25"}
{"level":"info","message":"GET /api/notificaciones 304 - 8ms","timestamp":"2026-08-04 16:56:25"}
{"level":"info","message":"GET /api/catalogos/categorias 304 - 8ms","timestamp":"2026-08-04 16:56:25"}
{"level":"info","message":"GET /api/catalogos/manifestaciones 304 - 3ms","timestamp":"2026-08-04 16:56:25"}
{"level":"info","message":"GET /api/catalogos/tema 304 - 3ms","timestamp":"2026-08-04 16:56:25"}
{"level":"info","message":"[SOCKET] Conexión establecida: Renato (Renato Corona Landa) [ID: pAqRWdPTySVv9JGYAAAN]","timestamp":"2026-08-04 16:56:25"}
{"level":"info","message":"GET /api/catalogos/convocatoria-activa 304 - 5ms","timestamp":"2026-08-04 16:56:25"}
{"level":"info","message":"GET /api/catalogos/categorias 304 - 9ms","timestamp":"2026-08-04 16:56:25"}
{"level":"info","message":"GET /api/catalogos/tema 304 - 2ms","timestamp":"2026-08-04 16:56:25"}
{"level":"info","message":"GET /api/participante/mi-registro 304 - 9ms","timestamp":"2026-08-04 16:56:25"}
{"level":"info","message":"GET /api/catalogos/requisitos-archivos 304 - 3ms","timestamp":"2026-08-04 16:56:25"}
{"level":"info","message":"GET /api/participante/mis-archivos 304 - 6ms","timestamp":"2026-08-04 16:56:25"}
{"level":"info","message":"GET /api/catalogos/tema 304 - 2ms","timestamp":"2026-08-04 16:56:26"}
{"level":"info","message":"GET /api/catalogos/convocatoria-activa 304 - 1ms","timestamp":"2026-08-04 16:56:26"}
{"level":"info","message":"GET /api/catalogos/categorias 304 - 3ms","timestamp":"2026-08-04 16:56:26"}
{"level":"info","message":"GET /api/catalogos/categorias 304 - 5ms","timestamp":"2026-08-04 16:56:26"}
{"level":"info","message":"[SOCKET] Conexión establecida: Renato (Renato Corona Landa) [ID: uZagUaVpghckNQqzAAAB]","timestamp":"2026-08-04 16:56:55"}
{"level":"info","message":"GET /api/participante/mi-registro 304 - 15ms","timestamp":"2026-08-04 16:57:06"}
{"level":"info","message":"GET /api/documentos/descargar-acuse 200 - 12ms","timestamp":"2026-08-04 16:57:14"}
{"level":"info","message":"GET /api/documentos/obtener-acuse?token=eyJhbGciOiJIUzI1NiIsInR5cCI6IkpXVCJ9.eyJpZF9wYXJ0aWNpcGFudGUiOjIsImlkX3VzdWFyaW8iOjQsImp0aSI6IjVjZTcwYjZlLWZlZTYtNGQ5MS1iZjdmLTVjMGRiYjBkMjNkNSIsImlhdCI6MTc4NTg4NDIzNCwiZXhwIjoxNzg1ODg1MTM0fQ.m7WAwkon6yrqGB9kOvoDkFmjeSboE3icBF0eIXzioco 410 - 8ms","timestamp":"2026-08-04 16:57:14"}
{"level":"info","message":"GET /api/catalogos/tema 304 - 3ms","timestamp":"2026-08-04 16:57:30"}
{"level":"info","message":"GET /api/catalogos/convocatoria-activa 304 - 5ms","timestamp":"2026-08-04 16:57:30"}
{"level":"info","message":"GET /api/catalogos/manifestaciones 304 - 10ms","timestamp":"2026-08-04 16:57:30"}
{"level":"info","message":"GET /api/catalogos/te-enteraste 304 - 14ms","timestamp":"2026-08-04 16:57:30"}
{"level":"info","message":"GET /api/catalogos/alcaldias 304 - 17ms","timestamp":"2026-08-04 16:57:30"}
{"level":"info","message":"GET /api/catalogos/categorias 304 - 21ms","timestamp":"2026-08-04 16:57:30"}
{"level":"info","message":"GET /api/participante/mi-registro 304 - 11ms","timestamp":"2026-08-04 16:57:30"}
{"level":"info","message":"GET /api/catalogos/requisitos-archivos 304 - 7ms","timestamp":"2026-08-04 16:57:30"}
{"level":"info","message":"GET /api/participante/mis-archivos 304 - 7ms","timestamp":"2026-08-04 16:57:30"}
{"level":"info","message":"GET /api/participante/mi-registro 304 - 9ms","timestamp":"2026-08-04 16:58:14"}
{"level":"info","message":"GET /api/participante/mi-registro 304 - 10ms","timestamp":"2026-08-04 16:59:10"}
{"level":"info","message":"[SOCKET] Conexión establecida: Renato (Renato Corona Landa) [ID: 5OLOYWuqJnapRheOAAAB]","timestamp":"2026-08-04 16:59:36"}
{"level":"info","message":"GET /api/catalogos/alcaldias 304 - 5ms","timestamp":"2026-08-04 17:01:48"}
{"level":"info","message":"GET /api/catalogos/te-enteraste 304 - 5ms","timestamp":"2026-08-04 17:01:48"}
{"level":"info","message":"GET /api/participante/mi-registro 304 - 11ms","timestamp":"2026-08-04 17:01:48"}
{"level":"info","message":"[SOCKET] Conexión establecida: Renato (Renato Corona Landa) [ID: WBdku4qusjYEYlI6AAAB]","timestamp":"2026-08-04 17:02:19"}
{"level":"info","message":"GET /api/catalogos/tema 304 - 12ms","timestamp":"2026-08-04 17:02:51"}
{"level":"info","message":"GET /api/catalogos/te-enteraste 304 - 15ms","timestamp":"2026-08-04 17:02:51"}
{"level":"info","message":"GET /api/catalogos/alcaldias 304 - 19ms","timestamp":"2026-08-04 17:02:51"}
{"level":"info","message":"GET /api/catalogos/manifestaciones 304 - 28ms","timestamp":"2026-08-04 17:02:51"}
{"level":"info","message":"GET /api/catalogos/convocatoria-activa 304 - 35ms","timestamp":"2026-08-04 17:02:51"}
{"level":"info","message":"GET /api/catalogos/categorias 304 - 40ms","timestamp":"2026-08-04 17:02:51"}
{"level":"info","message":"GET /api/participante/mi-registro 304 - 13ms","timestamp":"2026-08-04 17:02:51"}
{"level":"info","message":"GET /api/catalogos/requisitos-archivos 304 - 6ms","timestamp":"2026-08-04 17:02:51"}
{"level":"info","message":"GET /api/participante/mis-archivos 304 - 6ms","timestamp":"2026-08-04 17:02:51"}
{"level":"info","message":"GET /api/catalogos/alcaldias 304 - 3ms","timestamp":"2026-08-04 17:02:57"}
{"level":"info","message":"GET /api/catalogos/te-enteraste 304 - 3ms","timestamp":"2026-08-04 17:02:57"}
{"level":"info","message":"GET /api/participante/mi-registro 304 - 12ms","timestamp":"2026-08-04 17:02:57"}
{"level":"info","message":"[SOCKET] Conexión cerrada: Renato [ID: WBdku4qusjYEYlI6AAAB]","timestamp":"2026-08-04 17:03:48"}
{"level":"info","message":"GET /api/catalogos/alcaldias 304 - 5ms","timestamp":"2026-08-04 17:03:48"}
{"level":"info","message":"GET /api/catalogos/convocatoria-activa 304 - 7ms","timestamp":"2026-08-04 17:03:48"}
{"level":"info","message":"GET /api/catalogos/te-enteraste 304 - 10ms","timestamp":"2026-08-04 17:03:48"}
{"level":"info","message":"GET /api/catalogos/tema 304 - 14ms","timestamp":"2026-08-04 17:03:48"}
{"level":"info","message":"GET /api/notificaciones 304 - 20ms","timestamp":"2026-08-04 17:03:48"}
{"level":"info","message":"GET /api/catalogos/categorias 304 - 20ms","timestamp":"2026-08-04 17:03:48"}
{"level":"info","message":"[SOCKET] Conexión establecida: Renato (Renato Corona Landa) [ID: ZPEomKPaggKNmyRlAAAD]","timestamp":"2026-08-04 17:03:48"}
{"level":"info","message":"GET /api/participante/mi-registro 304 - 8ms","timestamp":"2026-08-04 17:03:48"}
{"level":"info","message":"[SOCKET] Conexión establecida: Renato (Renato Corona Landa) [ID: CXndQA0K_5Snk2fZAAAB]","timestamp":"2026-08-04 17:04:00"}
{"level":"info","message":"GET /api/catalogos/tema 304 - 11ms","timestamp":"2026-08-04 17:04:42"}
{"level":"info","message":"GET /api/catalogos/convocatoria-activa 304 - 17ms","timestamp":"2026-08-04 17:04:42"}
{"level":"info","message":"GET /api/catalogos/alcaldias 304 - 29ms","timestamp":"2026-08-04 17:04:42"}
{"level":"info","message":"GET /api/catalogos/manifestaciones 304 - 37ms","timestamp":"2026-08-04 17:04:42"}
{"level":"info","message":"GET /api/catalogos/te-enteraste 304 - 37ms","timestamp":"2026-08-04 17:04:42"}
{"level":"info","message":"GET /api/catalogos/categorias 304 - 43ms","timestamp":"2026-08-04 17:04:42"}
{"level":"info","message":"GET /api/participante/mi-registro 304 - 12ms","timestamp":"2026-08-04 17:04:42"}
{"level":"info","message":"GET /api/catalogos/requisitos-archivos 304 - 5ms","timestamp":"2026-08-04 17:04:42"}
{"level":"info","message":"GET /api/participante/mis-archivos 304 - 6ms","timestamp":"2026-08-04 17:04:42"}
{"level":"info","message":"GET /api/catalogos/alcaldias 304 - 3ms","timestamp":"2026-08-04 17:04:56"}
{"level":"info","message":"GET /api/catalogos/te-enteraste 304 - 2ms","timestamp":"2026-08-04 17:04:56"}
{"level":"info","message":"GET /api/participante/mi-registro 304 - 9ms","timestamp":"2026-08-04 17:04:56"}
{"level":"info","message":"GET /api/catalogos/alcaldias 304 - 2ms","timestamp":"2026-08-04 17:05:39"}
{"level":"info","message":"GET /api/catalogos/te-enteraste 304 - 2ms","timestamp":"2026-08-04 17:05:39"}
{"level":"info","message":"GET /api/participante/mi-registro 304 - 7ms","timestamp":"2026-08-04 17:05:39"}
{"level":"info","message":"[SOCKET] Conexión establecida: Renato (Renato Corona Landa) [ID: 8xhfRQUVZ2DA8fDUAAAB]","timestamp":"2026-08-04 17:05:49"}
{"level":"info","message":"GET /api/catalogos/tema 304 - 8ms","timestamp":"2026-08-04 17:06:14"}
{"level":"info","message":"GET /api/catalogos/convocatoria-activa 304 - 15ms","timestamp":"2026-08-04 17:06:14"}
{"level":"info","message":"GET /api/catalogos/te-enteraste 304 - 21ms","timestamp":"2026-08-04 17:06:14"}
{"level":"info","message":"GET /api/catalogos/manifestaciones 304 - 27ms","timestamp":"2026-08-04 17:06:14"}
{"level":"info","message":"GET /api/catalogos/alcaldias 304 - 29ms","timestamp":"2026-08-04 17:06:15"}
{"level":"info","message":"GET /api/catalogos/categorias 304 - 32ms","timestamp":"2026-08-04 17:06:15"}
{"level":"info","message":"GET /api/participante/mi-registro 304 - 16ms","timestamp":"2026-08-04 17:06:15"}
{"level":"info","message":"GET /api/catalogos/requisitos-archivos 304 - 5ms","timestamp":"2026-08-04 17:06:15"}
{"level":"info","message":"GET /api/participante/mis-archivos 304 - 5ms","timestamp":"2026-08-04 17:06:15"}
{"level":"info","message":"[SOCKET] Conexión establecida: Renato (Renato Corona Landa) [ID: ZkDu8gFNNzC8FK4aAAAB]","timestamp":"2026-08-04 17:08:44"}
{"level":"info","message":"[SOCKET] Conexión cerrada: Renato [ID: ZkDu8gFNNzC8FK4aAAAB]","timestamp":"2026-08-04 17:08:50"}
{"level":"info","message":"GET /api/catalogos/tema 200 - 7ms","timestamp":"2026-08-04 17:08:50"}
{"level":"info","message":"GET /api/catalogos/tema 200 - 12ms","timestamp":"2026-08-04 17:08:50"}
{"level":"info","message":"GET /api/catalogos/convocatoria-activa 200 - 20ms","timestamp":"2026-08-04 17:08:50"}
{"level":"info","message":"GET /api/catalogos/alcaldias 200 - 36ms","timestamp":"2026-08-04 17:08:50"}
{"level":"info","message":"GET /api/catalogos/te-enteraste 200 - 37ms","timestamp":"2026-08-04 17:08:50"}
{"level":"info","message":"GET /api/notificaciones 200 - 44ms","timestamp":"2026-08-04 17:08:50"}
{"level":"info","message":"GET /api/catalogos/categorias 200 - 41ms","timestamp":"2026-08-04 17:08:50"}
{"level":"info","message":"GET /api/catalogos/manifestaciones 200 - 16ms","timestamp":"2026-08-04 17:08:50"}
{"level":"info","message":"GET /api/catalogos/convocatoria-activa 200 - 11ms","timestamp":"2026-08-04 17:08:50"}
{"level":"info","message":"GET /api/catalogos/tema 200 - 5ms","timestamp":"2026-08-04 17:08:50"}
{"level":"info","message":"GET /api/catalogos/categorias 200 - 9ms","timestamp":"2026-08-04 17:08:50"}
{"level":"info","message":"[SOCKET] Conexión establecida: Renato (Renato Corona Landa) [ID: 6Z-oeeB-nNzhLfaTAAAE]","timestamp":"2026-08-04 17:08:50"}
{"level":"info","message":"GET /api/participante/mi-registro 304 - 12ms","timestamp":"2026-08-04 17:08:50"}
{"level":"info","message":"GET /api/catalogos/requisitos-archivos 304 - 5ms","timestamp":"2026-08-04 17:08:50"}
{"level":"info","message":"GET /api/participante/mis-archivos 304 - 6ms","timestamp":"2026-08-04 17:08:50"}
{"level":"info","message":"[SOCKET] Conexión establecida: Renato (Renato Corona Landa) [ID: X1yPAXvy6FLS7zneAAAB]","timestamp":"2026-08-04 17:10:15"}
{"level":"info","message":"GET /api/notificaciones 304 - 8ms","timestamp":"2026-08-04 17:13:21"}
{"level":"info","message":"[SOCKET] Conexión cerrada: Renato [ID: X1yPAXvy6FLS7zneAAAB]","timestamp":"2026-08-04 17:15:09"}
{"level":"info","message":"GET /api/notificaciones 304 - 5ms","timestamp":"2026-08-04 17:15:09"}
{"level":"info","message":"[SOCKET] Conexión establecida: Renato (Renato Corona Landa) [ID: dZ25L_un9-1SJcBnAAAD]","timestamp":"2026-08-04 17:15:09"}
{"level":"info","message":"[SOCKET] Conexión establecida: Renato (Renato Corona Landa) [ID: zVeBq24iA8BoqgEgAAAB]","timestamp":"2026-08-04 17:15:26"}
{"level":"info","message":"[SOCKET] Conexión cerrada: Renato [ID: zVeBq24iA8BoqgEgAAAB]","timestamp":"2026-08-04 17:15:47"}
{"level":"info","message":"GET /api/catalogos/tema 304 - 6ms","timestamp":"2026-08-04 17:15:47"}
{"level":"info","message":"GET /api/catalogos/tema 304 - 5ms","timestamp":"2026-08-04 17:15:47"}
{"level":"info","message":"GET /api/notificaciones 304 - 15ms","timestamp":"2026-08-04 17:15:47"}
{"level":"info","message":"GET /api/catalogos/convocatoria-activa 304 - 19ms","timestamp":"2026-08-04 17:15:47"}
{"level":"info","message":"GET /api/catalogos/te-enteraste 304 - 21ms","timestamp":"2026-08-04 17:15:47"}
{"level":"info","message":"GET /api/catalogos/alcaldias 304 - 25ms","timestamp":"2026-08-04 17:15:47"}
{"level":"info","message":"GET /api/catalogos/manifestaciones 304 - 22ms","timestamp":"2026-08-04 17:15:47"}
{"level":"info","message":"GET /api/catalogos/categorias 304 - 33ms","timestamp":"2026-08-04 17:15:47"}
{"level":"info","message":"GET /api/catalogos/tema 304 - 16ms","timestamp":"2026-08-04 17:15:47"}
{"level":"info","message":"GET /api/catalogos/convocatoria-activa 304 - 15ms","timestamp":"2026-08-04 17:15:47"}
{"level":"info","message":"[SOCKET] Conexión establecida: Renato (Renato Corona Landa) [ID: kv5NyeRBlh9-sEjxAAAE]","timestamp":"2026-08-04 17:15:47"}
{"level":"info","message":"GET /api/catalogos/categorias 304 - 9ms","timestamp":"2026-08-04 17:15:47"}
{"level":"info","message":"GET /api/participante/mi-registro 304 - 11ms","timestamp":"2026-08-04 17:15:47"}
{"level":"info","message":"GET /api/catalogos/requisitos-archivos 304 - 4ms","timestamp":"2026-08-04 17:15:47"}
{"level":"info","message":"GET /api/participante/mis-archivos 304 - 11ms","timestamp":"2026-08-04 17:15:47"}
{"level":"info","message":"GET /api/notificaciones 304 - 5ms","timestamp":"2026-08-04 17:16:59"}
{"level":"info","message":"GET /api/notificaciones 304 - 4ms","timestamp":"2026-08-04 17:17:01"}
{"level":"info","message":"GET /api/notificaciones 304 - 4ms","timestamp":"2026-08-04 17:17:01"}
{"level":"info","message":"GET /api/notificaciones 304 - 7ms","timestamp":"2026-08-04 17:17:04"}
{"level":"info","message":"GET /api/notificaciones 304 - 5ms","timestamp":"2026-08-04 17:17:04"}
{"level":"info","message":"GET /api/documentos/6d6d7577-e396-45a6-81d4-3cea410c4434.pdf?token=eyJhbGciOiJIUzI1NiIsInR5cCI6IkpXVCJ9.eyJpZF91c3VhcmlvIjo0LCJ1c3VhcmlvIjoiUmVuYXRvIiwiaWRfdGlwb3VzdWFyaW8iOjEsInNlc3Npb25faWQiOiJlYjFiZGJiNS0yZmY4LTQxOGEtYjQ0ZC1hOWJjZDU5NzJhZTIiLCJpYXQiOjE3ODU4ODM3OTUsImV4cCI6MTc4NTkxMjU5NX0.MSjm2VfgMIWocRwSSakwtl3BNa00B68rpw6UsTExjG0 200 - 12ms","timestamp":"2026-08-04 17:17:08"}
{"level":"info","message":"[SOCKET] Conexión cerrada: Renato [ID: kv5NyeRBlh9-sEjxAAAE]","timestamp":"2026-08-04 17:18:44"}
{"level":"info","message":"GET /api/catalogos/tema 200 - 3ms","timestamp":"2026-08-04 17:18:44"}
{"level":"info","message":"GET /api/catalogos/tema 200 - 5ms","timestamp":"2026-08-04 17:18:44"}
{"level":"info","message":"GET /api/catalogos/convocatoria-activa 200 - 7ms","timestamp":"2026-08-04 17:18:44"}
{"level":"info","message":"GET /api/catalogos/te-enteraste 200 - 9ms","timestamp":"2026-08-04 17:18:44"}
{"level":"info","message":"GET /api/catalogos/alcaldias 200 - 18ms","timestamp":"2026-08-04 17:18:44"}
{"level":"info","message":"GET /api/notificaciones 200 - 26ms","timestamp":"2026-08-04 17:18:44"}
{"level":"info","message":"GET /api/catalogos/categorias 200 - 29ms","timestamp":"2026-08-04 17:18:44"}
{"level":"info","message":"GET /api/catalogos/convocatoria-activa 200 - 14ms","timestamp":"2026-08-04 17:18:44"}
{"level":"info","message":"GET /api/catalogos/tema 200 - 7ms","timestamp":"2026-08-04 17:18:44"}
{"level":"info","message":"GET /api/catalogos/categorias 200 - 21ms","timestamp":"2026-08-04 17:18:44"}
{"level":"info","message":"GET /api/catalogos/manifestaciones 200 - 7ms","timestamp":"2026-08-04 17:18:44"}
{"level":"info","message":"[SOCKET] Conexión establecida: Renato (Renato Corona Landa) [ID: BofP70ETpbRziP4EAAAH]","timestamp":"2026-08-04 17:18:44"}
{"level":"info","message":"GET /api/participante/mi-registro 304 - 11ms","timestamp":"2026-08-04 17:18:44"}
{"level":"info","message":"GET /api/catalogos/requisitos-archivos 304 - 4ms","timestamp":"2026-08-04 17:18:44"}
{"level":"info","message":"GET /api/participante/mis-archivos 304 - 7ms","timestamp":"2026-08-04 17:18:44"}
{"level":"info","message":"[SOCKET] Conexión establecida: Renato (Renato Corona Landa) [ID: 3iIdqBLSj8Fi4EwWAAAB]","timestamp":"2026-08-04 17:18:54"}
{"level":"info","message":"GET /api/notificaciones 304 - 7ms","timestamp":"2026-08-04 17:20:48"}
{"level":"info","message":"[SOCKET] Conexión cerrada: Renato [ID: 3iIdqBLSj8Fi4EwWAAAB]","timestamp":"2026-08-04 17:21:33"}
{"level":"info","message":"GET /api/catalogos/tema 304 - 4ms","timestamp":"2026-08-04 17:22:34"}
{"level":"info","message":"GET /api/catalogos/convocatoria-activa 304 - 18ms","timestamp":"2026-08-04 17:22:34"}
{"level":"info","message":"GET /api/catalogos/tema 304 - 25ms","timestamp":"2026-08-04 17:22:34"}
{"level":"info","message":"GET /api/notificaciones 304 - 50ms","timestamp":"2026-08-04 17:22:34"}
{"level":"info","message":"GET /api/catalogos/alcaldias 304 - 45ms","timestamp":"2026-08-04 17:22:34"}
{"level":"info","message":"GET /api/catalogos/te-enteraste 304 - 46ms","timestamp":"2026-08-04 17:22:34"}
{"level":"info","message":"GET /api/catalogos/manifestaciones 304 - 28ms","timestamp":"2026-08-04 17:22:34"}
{"level":"info","message":"GET /api/catalogos/convocatoria-activa 304 - 20ms","timestamp":"2026-08-04 17:22:34"}
{"level":"info","message":"GET /api/catalogos/categorias 304 - 63ms","timestamp":"2026-08-04 17:22:34"}
{"level":"info","message":"[SOCKET] Conexión establecida: Renato (Renato Corona Landa) [ID: P99Zz0YhQv2q7woDAAAE]","timestamp":"2026-08-04 17:22:34"}
{"level":"info","message":"GET /api/catalogos/tema 304 - 6ms","timestamp":"2026-08-04 17:22:34"}
{"level":"info","message":"GET /api/catalogos/categorias 304 - 10ms","timestamp":"2026-08-04 17:22:34"}
{"level":"info","message":"GET /api/catalogos/tema 304 - 6ms","timestamp":"2026-08-04 17:22:34"}
{"level":"info","message":"GET /api/participante/mi-registro 304 - 23ms","timestamp":"2026-08-04 17:22:34"}
{"level":"info","message":"GET /api/catalogos/convocatoria-activa 304 - 6ms","timestamp":"2026-08-04 17:22:34"}
{"level":"info","message":"GET /api/catalogos/categorias 304 - 9ms","timestamp":"2026-08-04 17:22:34"}
{"level":"info","message":"GET /api/catalogos/requisitos-archivos 304 - 5ms","timestamp":"2026-08-04 17:22:34"}
{"level":"info","message":"GET /api/catalogos/categorias 304 - 6ms","timestamp":"2026-08-04 17:22:34"}
{"level":"info","message":"GET /api/participante/mis-archivos 304 - 6ms","timestamp":"2026-08-04 17:22:34"}
{"level":"info","message":"[SOCKET] Conexión cerrada: Renato [ID: P99Zz0YhQv2q7woDAAAE]","timestamp":"2026-08-04 17:23:13"}
{"level":"info","message":"GET /api/notificaciones 304 - 6ms","timestamp":"2026-08-04 17:23:13"}
{"level":"info","message":"GET /api/catalogos/tema 304 - 5ms","timestamp":"2026-08-04 17:23:13"}
{"level":"info","message":"GET /api/catalogos/convocatoria-activa 304 - 10ms","timestamp":"2026-08-04 17:23:13"}
{"level":"info","message":"GET /api/catalogos/alcaldias 304 - 7ms","timestamp":"2026-08-04 17:23:13"}
{"level":"info","message":"GET /api/catalogos/te-enteraste 304 - 15ms","timestamp":"2026-08-04 17:23:13"}
{"level":"info","message":"GET /api/catalogos/manifestaciones 304 - 11ms","timestamp":"2026-08-04 17:23:13"}
{"level":"info","message":"[SOCKET] Conexión establecida: Renato (Renato Corona Landa) [ID: yMKRp9PQJi9-Xsr5AAAG]","timestamp":"2026-08-04 17:23:13"}
{"level":"info","message":"GET /api/catalogos/categorias 304 - 27ms","timestamp":"2026-08-04 17:23:13"}
{"level":"info","message":"GET /api/catalogos/tema 304 - 12ms","timestamp":"2026-08-04 17:23:13"}
{"level":"info","message":"GET /api/catalogos/convocatoria-activa 304 - 7ms","timestamp":"2026-08-04 17:23:13"}
{"level":"info","message":"GET /api/catalogos/categorias 304 - 3ms","timestamp":"2026-08-04 17:23:13"}
{"level":"info","message":"GET /api/participante/mi-registro 304 - 12ms","timestamp":"2026-08-04 17:23:13"}
{"level":"info","message":"GET /api/catalogos/requisitos-archivos 304 - 4ms","timestamp":"2026-08-04 17:23:13"}
{"level":"info","message":"GET /api/participante/mis-archivos 304 - 5ms","timestamp":"2026-08-04 17:23:13"}
{"level":"info","message":"[SOCKET] Conexión establecida: Renato (Renato Corona Landa) [ID: zscVySPxjjdEC9WgAAAB]","timestamp":"2026-08-04 17:23:23"}
{"level":"info","message":"GET /api/notificaciones 304 - 7ms","timestamp":"2026-08-04 17:26:42"}
{"level":"info","message":"GET /api/catalogos/alcaldias 304 - 7ms","timestamp":"2026-08-04 17:26:45"}
{"level":"info","message":"GET /api/catalogos/te-enteraste 304 - 6ms","timestamp":"2026-08-04 17:26:45"}
{"level":"info","message":"GET /api/participante/mi-registro 304 - 10ms","timestamp":"2026-08-04 17:26:45"}
{"level":"info","message":"GET /api/catalogos/tema 304 - 6ms","timestamp":"2026-08-04 17:26:52"}
{"level":"info","message":"GET /api/catalogos/convocatoria-activa 304 - 8ms","timestamp":"2026-08-04 17:26:52"}
{"level":"info","message":"GET /api/catalogos/alcaldias 304 - 10ms","timestamp":"2026-08-04 17:26:52"}
{"level":"info","message":"GET /api/catalogos/te-enteraste 304 - 10ms","timestamp":"2026-08-04 17:26:52"}
{"level":"info","message":"GET /api/catalogos/manifestaciones 304 - 15ms","timestamp":"2026-08-04 17:26:52"}
{"level":"info","message":"GET /api/catalogos/categorias 304 - 19ms","timestamp":"2026-08-04 17:26:52"}
{"level":"info","message":"GET /api/participante/mi-registro 304 - 10ms","timestamp":"2026-08-04 17:26:52"}
{"level":"info","message":"GET /api/catalogos/requisitos-archivos 304 - 5ms","timestamp":"2026-08-04 17:26:52"}
{"level":"info","message":"GET /api/participante/mis-archivos 304 - 6ms","timestamp":"2026-08-04 17:26:52"}
{"level":"info","message":"[SOCKET] Conexión cerrada: Renato [ID: zscVySPxjjdEC9WgAAAB]","timestamp":"2026-08-04 17:28:16"}
{"level":"info","message":"GET /api/notificaciones 304 - 4ms","timestamp":"2026-08-04 17:28:16"}
{"level":"info","message":"[SOCKET] Conexión establecida: Renato (Renato Corona Landa) [ID: HYpoiVYAipSwgwEUAAAD]","timestamp":"2026-08-04 17:28:16"}
{"level":"info","message":"[SOCKET] Conexión establecida: Renato (Renato Corona Landa) [ID: OBX4oKhGq6HVnYeLAAAB]","timestamp":"2026-08-04 17:28:26"}
{"level":"info","message":"[SOCKET] Conexión cerrada: Renato [ID: OBX4oKhGq6HVnYeLAAAB]","timestamp":"2026-08-04 17:29:58"}
{"level":"info","message":"GET /api/notificaciones 304 - 15ms","timestamp":"2026-08-04 17:29:58"}
{"level":"info","message":"[SOCKET] Conexión establecida: Renato (Renato Corona Landa) [ID: z_pe8MQT6mA6IOLvAAAD]","timestamp":"2026-08-04 17:29:58"}
{"level":"info","message":"GET /api/notificaciones 304 - 16ms","timestamp":"2026-08-04 17:30:07"}
{"level":"info","message":"[SOCKET] Conexión establecida: Renato (Renato Corona Landa) [ID: DoTGdR96T9hdoEj2AAAB]","timestamp":"2026-08-04 17:30:08"}
{"level":"info","message":"GET /api/notificaciones 304 - 4ms","timestamp":"2026-08-04 17:30:22"}
{"level":"info","message":"GET /api/notificaciones 304 - 4ms","timestamp":"2026-08-04 17:30:25"}
{"level":"info","message":"GET /api/notificaciones 304 - 4ms","timestamp":"2026-08-04 17:30:34"}
{"level":"info","message":"GET /api/notificaciones 304 - 4ms","timestamp":"2026-08-04 17:30:37"}
{"level":"info","message":"GET /api/notificaciones 304 - 6ms","timestamp":"2026-08-04 17:30:46"}
{"level":"info","message":"[SOCKET] Conexión cerrada: Renato [ID: DoTGdR96T9hdoEj2AAAB]","timestamp":"2026-08-04 17:31:50"}
{"level":"info","message":"GET /api/notificaciones 304 - 5ms","timestamp":"2026-08-04 17:31:50"}
{"level":"info","message":"[SOCKET] Conexión establecida: Renato (Renato Corona Landa) [ID: ED2IDBbdRcRvWhOYAAAE]","timestamp":"2026-08-04 17:31:50"}
{"level":"info","message":"GET /api/notificaciones 304 - 7ms","timestamp":"2026-08-04 17:31:50"}
{"level":"info","message":"[SOCKET] Conexión establecida: Renato (Renato Corona Landa) [ID: LfkaTogiFnoaiKT0AAAB]","timestamp":"2026-08-04 17:32:25"}
{"level":"info","message":"GET /api/notificaciones 304 - 7ms","timestamp":"2026-08-04 17:32:35"}
{"level":"info","message":"[SOCKET] Conexión cerrada: Renato [ID: LfkaTogiFnoaiKT0AAAB]","timestamp":"2026-08-04 17:32:38"}
{"level":"info","message":"GET /api/catalogos/tema 200 - 3ms","timestamp":"2026-08-04 17:32:39"}
{"level":"info","message":"GET /api/catalogos/tema 200 - 11ms","timestamp":"2026-08-04 17:32:39"}
{"level":"info","message":"GET /api/notificaciones 200 - 23ms","timestamp":"2026-08-04 17:32:39"}
{"level":"info","message":"GET /api/catalogos/convocatoria-activa 200 - 22ms","timestamp":"2026-08-04 17:32:39"}
{"level":"info","message":"GET /api/catalogos/convocatoria-activa 200 - 27ms","timestamp":"2026-08-04 17:32:39"}
{"level":"info","message":"GET /api/notificaciones 200 - 38ms","timestamp":"2026-08-04 17:32:39"}
{"level":"info","message":"GET /api/catalogos/alcaldias 200 - 11ms","timestamp":"2026-08-04 17:32:39"}
{"level":"info","message":"GET /api/catalogos/te-enteraste 200 - 13ms","timestamp":"2026-08-04 17:32:39"}
{"level":"info","message":"GET /api/catalogos/categorias 200 - 40ms","timestamp":"2026-08-04 17:32:39"}
{"level":"info","message":"GET /api/catalogos/manifestaciones 200 - 11ms","timestamp":"2026-08-04 17:32:39"}
{"level":"info","message":"GET /api/catalogos/tema 200 - 10ms","timestamp":"2026-08-04 17:32:39"}
{"level":"info","message":"[SOCKET] Conexión establecida: Renato (Renato Corona Landa) [ID: lmYZKmQIPgWcIbPfAAAF]","timestamp":"2026-08-04 17:32:39"}
{"level":"info","message":"GET /api/catalogos/categorias 200 - 19ms","timestamp":"2026-08-04 17:32:39"}
{"level":"info","message":"GET /api/participante/mi-registro 200 - 12ms","timestamp":"2026-08-04 17:32:39"}
{"level":"info","message":"GET /api/catalogos/requisitos-archivos 304 - 5ms","timestamp":"2026-08-04 17:32:39"}
{"level":"info","message":"GET /api/participante/mis-archivos 304 - 6ms","timestamp":"2026-08-04 17:32:39"}
{"level":"info","message":"GET /api/notificaciones 304 - 4ms","timestamp":"2026-08-04 17:32:40"}
{"level":"info","message":"[SOCKET] Forzando cierre de conexión para usuario ID: 4","timestamp":"2026-08-04 17:32:44"}
{"level":"info","message":"[SOCKET] Conexión cerrada: Renato [ID: lmYZKmQIPgWcIbPfAAAF]","timestamp":"2026-08-04 17:32:44"}
{"level":"info","message":"POST /api/auth/logout 200 - 12ms","timestamp":"2026-08-04 17:32:44"}
{"level":"info","message":"GET /api/catalogos/convocatoria-activa 304 - 3ms","timestamp":"2026-08-04 17:32:44"}
{"level":"info","message":"GET /api/catalogos/categorias 304 - 4ms","timestamp":"2026-08-04 17:32:44"}
{"level":"info","message":"GET /api/catalogos/categorias 304 - 3ms","timestamp":"2026-08-04 17:32:44"}
{"level":"info","message":"POST /api/auth/registro 201 - 90ms","timestamp":"2026-08-04 17:34:33"}
{"level":"info","message":"POST /api/auth/login 200 - 60ms","timestamp":"2026-08-04 17:34:44"}
{"level":"info","message":"[SOCKET] Conexión establecida: alejandro (Alejandro Montiel Garcia) [ID: kR5I-RlO5kbpIO2OAAAH]","timestamp":"2026-08-04 17:34:44"}
{"level":"info","message":"[SOCKET] Conexión cerrada: alejandro [ID: kR5I-RlO5kbpIO2OAAAH]","timestamp":"2026-08-04 17:34:46"}
{"level":"info","message":"GET /api/catalogos/convocatoria-activa 304 - 2ms","timestamp":"2026-08-04 17:34:46"}
{"level":"info","message":"GET /api/catalogos/tema 304 - 6ms","timestamp":"2026-08-04 17:34:46"}
{"level":"info","message":"GET /api/notificaciones 200 - 12ms","timestamp":"2026-08-04 17:34:46"}
{"level":"info","message":"GET /api/catalogos/alcaldias 304 - 9ms","timestamp":"2026-08-04 17:34:46"}
{"level":"info","message":"GET /api/catalogos/te-enteraste 304 - 16ms","timestamp":"2026-08-04 17:34:46"}
{"level":"info","message":"GET /api/catalogos/categorias 304 - 22ms","timestamp":"2026-08-04 17:34:46"}
{"level":"info","message":"GET /api/catalogos/manifestaciones 304 - 15ms","timestamp":"2026-08-04 17:34:46"}
{"level":"info","message":"[SOCKET] Conexión establecida: alejandro (Alejandro Montiel Garcia) [ID: xlqOME8EpP155xNiAAAK]","timestamp":"2026-08-04 17:34:46"}
{"level":"info","message":"GET /api/catalogos/convocatoria-activa 304 - 7ms","timestamp":"2026-08-04 17:34:46"}
{"level":"info","message":"GET /api/catalogos/tema 304 - 6ms","timestamp":"2026-08-04 17:34:46"}
{"level":"info","message":"GET /api/notificaciones 304 - 9ms","timestamp":"2026-08-04 17:34:46"}
{"level":"info","message":"GET /api/catalogos/categorias 304 - 7ms","timestamp":"2026-08-04 17:34:46"}
{"level":"info","message":"GET /api/participante/mi-registro 200 - 10ms","timestamp":"2026-08-04 17:34:46"}
{"level":"info","message":"GET /api/catalogos/requisitos-archivos 304 - 4ms","timestamp":"2026-08-04 17:34:46"}
{"level":"info","message":"GET /api/participante/mis-archivos 304 - 6ms","timestamp":"2026-08-04 17:34:46"}
{"level":"info","message":"POST /api/auth/login 200 - 77ms","timestamp":"2026-08-04 17:34:57"}
{"level":"info","message":"[SOCKET] Conexión establecida: superadmin (Superadmin Sistema IECM) [ID: r6x8RSK9PnMhOu9XAAAM]","timestamp":"2026-08-04 17:34:57"}
{"level":"info","message":"[SOCKET] Conexión cerrada: superadmin [ID: r6x8RSK9PnMhOu9XAAAM]","timestamp":"2026-08-04 17:34:59"}
{"level":"info","message":"GET /api/catalogos/convocatoria-activa 304 - 6ms","timestamp":"2026-08-04 17:34:59"}
{"level":"info","message":"GET /api/notificaciones 200 - 9ms","timestamp":"2026-08-04 17:34:59"}
{"level":"info","message":"GET /api/catalogos/categorias 304 - 9ms","timestamp":"2026-08-04 17:34:59"}
{"level":"info","message":"GET /api/catalogos/tema 304 - 5ms","timestamp":"2026-08-04 17:34:59"}
{"level":"info","message":"GET /api/superadmin/usuarios 200 - 17ms","timestamp":"2026-08-04 17:34:59"}
{"level":"info","message":"[SOCKET] Conexión establecida: superadmin (Superadmin Sistema IECM) [ID: 9mF8lCQg5Qc8bP9bAAAP]","timestamp":"2026-08-04 17:34:59"}
{"level":"info","message":"GET /api/notificaciones 304 - 10ms","timestamp":"2026-08-04 17:34:59"}
{"level":"info","message":"GET /api/superadmin/usuarios 200 - 8ms","timestamp":"2026-08-04 17:35:03"}
{"level":"info","message":"GET /api/superadmin/usuarios 304 - 10ms","timestamp":"2026-08-04 17:35:07"}
{"level":"info","message":"GET /api/superadmin/usuarios 304 - 7ms","timestamp":"2026-08-04 17:35:11"}
{"level":"info","message":"GET /api/superadmin/usuarios 304 - 12ms","timestamp":"2026-08-04 17:35:15"}
{"level":"info","message":"GET /api/superadmin/usuarios 304 - 10ms","timestamp":"2026-08-04 17:35:19"}
{"level":"info","message":"GET /api/superadmin/usuarios 304 - 10ms","timestamp":"2026-08-04 17:35:23"}
{"level":"info","message":"GET /api/superadmin/usuarios 304 - 14ms","timestamp":"2026-08-04 17:35:27"}
{"level":"info","message":"GET /api/superadmin/usuarios 304 - 8ms","timestamp":"2026-08-04 17:35:37"}
{"level":"info","message":"GET /api/superadmin/convocatorias 200 - 7ms","timestamp":"2026-08-04 17:35:38"}
{"level":"info","message":"GET /api/superadmin/categorias/1 200 - 8ms","timestamp":"2026-08-04 17:35:38"}
{"level":"info","message":"GET /api/superadmin/requisitos-archivos/1 200 - 4ms","timestamp":"2026-08-04 17:35:38"}
{"level":"info","message":"GET /api/superadmin/manifestaciones 200 - 7ms","timestamp":"2026-08-04 17:35:39"}
{"level":"info","message":"GET /api/superadmin/usuarios 304 - 11ms","timestamp":"2026-08-04 17:35:39"}
{"level":"info","message":"GET /api/superadmin/manifestaciones 304 - 5ms","timestamp":"2026-08-04 17:35:40"}
{"level":"info","message":"GET /api/superadmin/usuarios 304 - 10ms","timestamp":"2026-08-04 17:35:43"}
{"level":"info","message":"GET /api/superadmin/usuarios 304 - 9ms","timestamp":"2026-08-04 17:35:47"}
{"level":"info","message":"GET /api/superadmin/usuarios 304 - 8ms","timestamp":"2026-08-04 17:35:51"}
{"level":"info","message":"[SOCKET] Forzando cierre de conexión para usuario ID: 1","timestamp":"2026-08-04 17:35:54"}
{"level":"info","message":"[SOCKET] Conexión cerrada: superadmin [ID: 9mF8lCQg5Qc8bP9bAAAP]","timestamp":"2026-08-04 17:35:54"}
{"level":"info","message":"POST /api/auth/logout 200 - 14ms","timestamp":"2026-08-04 17:35:54"}
{"level":"info","message":"GET /api/catalogos/convocatoria-activa 304 - 4ms","timestamp":"2026-08-04 17:35:55"}
{"level":"info","message":"GET /api/catalogos/categorias 304 - 5ms","timestamp":"2026-08-04 17:35:55"}
{"level":"info","message":"GET /api/catalogos/categorias 304 - 3ms","timestamp":"2026-08-04 17:35:55"}
{"level":"info","message":"POST /api/auth/login 200 - 74ms","timestamp":"2026-08-04 17:36:02"}
{"level":"info","message":"[SOCKET] Conexión establecida: validador (Validador Valdes IECM) [ID: W9A4Ne4V964bfSeSAAAR]","timestamp":"2026-08-04 17:36:02"}
{"level":"info","message":"[SOCKET] Conexión cerrada: validador [ID: W9A4Ne4V964bfSeSAAAR]","timestamp":"2026-08-04 17:36:03"}
{"level":"info","message":"GET /api/catalogos/convocatoria-activa 304 - 5ms","timestamp":"2026-08-04 17:36:03"}
{"level":"info","message":"GET /api/notificaciones 304 - 14ms","timestamp":"2026-08-04 17:36:03"}
{"level":"info","message":"GET /api/catalogos/tema 304 - 9ms","timestamp":"2026-08-04 17:36:03"}
{"level":"info","message":"GET /api/catalogos/categorias 304 - 18ms","timestamp":"2026-08-04 17:36:03"}
{"level":"info","message":"[SOCKET] Conexión establecida: validador (Validador Valdes IECM) [ID: 4Wm-iff3cA9p1EL-AAAU]","timestamp":"2026-08-04 17:36:04"}
{"level":"info","message":"GET /api/notificaciones 304 - 10ms","timestamp":"2026-08-04 17:36:04"}
{"level":"info","message":"GET /api/admin/participantes 200 - 37ms","timestamp":"2026-08-04 17:36:04"}
{"level":"info","message":"GET /api/admin/participante-archivos/7 200 - 15ms","timestamp":"2026-08-04 17:36:08"}
{"level":"info","message":"POST /api/participante/subir-archivo-requisito 200 - 37ms","timestamp":"2026-08-04 17:38:57"}
{"level":"info","message":"GET /api/catalogos/requisitos-archivos 304 - 5ms","timestamp":"2026-08-04 17:38:57"}
{"level":"info","message":"GET /api/participante/mis-archivos 200 - 9ms","timestamp":"2026-08-04 17:38:57"}
{"level":"info","message":"POST /api/participante/completar-registro 200 - 44ms","timestamp":"2026-08-04 17:39:51"}
{"level":"info","message":"GET /api/participante/mi-registro 200 - 10ms","timestamp":"2026-08-04 17:39:52"}
{"level":"info","message":"[SOCKET] Conexión cerrada: validador [ID: 4Wm-iff3cA9p1EL-AAAU]","timestamp":"2026-08-04 17:39:59"}
{"level":"info","message":"GET /api/catalogos/tema 304 - 3ms","timestamp":"2026-08-04 17:39:59"}
{"level":"info","message":"GET /api/catalogos/convocatoria-activa 304 - 7ms","timestamp":"2026-08-04 17:39:59"}
{"level":"info","message":"GET /api/notificaciones 304 - 13ms","timestamp":"2026-08-04 17:39:59"}
{"level":"info","message":"GET /api/catalogos/tema 304 - 14ms","timestamp":"2026-08-04 17:39:59"}
{"level":"info","message":"GET /api/catalogos/categorias 304 - 20ms","timestamp":"2026-08-04 17:39:59"}
{"level":"info","message":"GET /api/notificaciones 304 - 7ms","timestamp":"2026-08-04 17:39:59"}
{"level":"info","message":"GET /api/admin/participantes 200 - 31ms","timestamp":"2026-08-04 17:39:59"}
{"level":"info","message":"[SOCKET] Conexión establecida: validador (Validador Valdes IECM) [ID: TwVaFxZCv_PdvWy7AAAY]","timestamp":"2026-08-04 17:39:59"}
{"level":"info","message":"GET /api/admin/participante-archivos/7 200 - 5ms","timestamp":"2026-08-04 17:40:05"}
{"level":"info","message":"GET /api/documentos/Alejandro_Montiel_Garcia_Misterios_de_alejandro_2026-08-04.pdf?token=eyJhbGciOiJIUzI1NiIsInR5cCI6IkpXVCJ9.eyJpZF91c3VhcmlvIjo3LCJ1c3VhcmlvIjoidmFsaWRhZG9yIiwiaWRfdGlwb3VzdWFyaW8iOjIsInNlc3Npb25faWQiOiI3N2NlZGNmZi1lMjdiLTQ5ZjMtOTU5Ny05N2UzN2VhMWNmYjEiLCJpYXQiOjE3ODU4ODY1NjIsImV4cCI6MTc4NTkxNTM2Mn0.ZrIUdXz3qlJM0BKfWUvDa-4psO3CNfYiJwha4rBKYAI 200 - 8ms","timestamp":"2026-08-04 17:40:07"}
{"level":"info","message":"GET /api/documentos/Alejandro_Montiel_Garcia_Misterios_de_alejandro_2026-08-04.pdf?token=eyJhbGciOiJIUzI1NiIsInR5cCI6IkpXVCJ9.eyJpZF91c3VhcmlvIjo3LCJ1c3VhcmlvIjoidmFsaWRhZG9yIiwiaWRfdGlwb3VzdWFyaW8iOjIsInNlc3Npb25faWQiOiI3N2NlZGNmZi1lMjdiLTQ5ZjMtOTU5Ny05N2UzN2VhMWNmYjEiLCJpYXQiOjE3ODU4ODY1NjIsImV4cCI6MTc4NTkxNTM2Mn0.ZrIUdXz3qlJM0BKfWUvDa-4psO3CNfYiJwha4rBKYAI 206 - 9ms","timestamp":"2026-08-04 17:40:07"}
{"level":"info","message":"GET /api/documentos/Alejandro_Montiel_Garcia_Misterios_de_alejandro_2026-08-04.pdf?token=eyJhbGciOiJIUzI1NiIsInR5cCI6IkpXVCJ9.eyJpZF91c3VhcmlvIjo3LCJ1c3VhcmlvIjoidmFsaWRhZG9yIiwiaWRfdGlwb3VzdWFyaW8iOjIsInNlc3Npb25faWQiOiI3N2NlZGNmZi1lMjdiLTQ5ZjMtOTU5Ny05N2UzN2VhMWNmYjEiLCJpYXQiOjE3ODU4ODY1NjIsImV4cCI6MTc4NTkxNTM2Mn0.ZrIUdXz3qlJM0BKfWUvDa-4psO3CNfYiJwha4rBKYAI 200 - 9ms","timestamp":"2026-08-04 17:40:07"}
{"level":"info","message":"[SOCKET] Conexión establecida: alejandro (Alejandro Montiel Garcia) [ID: MCupfKuXpJsr5kC7AAAB]","timestamp":"2026-08-04 17:41:41"}
{"level":"info","message":"[SOCKET] Conexión establecida: validador (Validador Valdes IECM) [ID: e5q9Oga-Vvntld1UAAAD]","timestamp":"2026-08-04 17:41:41"}
{"level":"info","message":"[SOCKET] Conexión cerrada: alejandro [ID: MCupfKuXpJsr5kC7AAAB]","timestamp":"2026-08-04 17:42:03"}
{"level":"info","message":"GET /api/catalogos/tema 200 - 7ms","timestamp":"2026-08-04 17:42:03"}
{"level":"info","message":"GET /api/notificaciones 200 - 26ms","timestamp":"2026-08-04 17:42:03"}
{"level":"info","message":"GET /api/catalogos/alcaldias 200 - 23ms","timestamp":"2026-08-04 17:42:03"}
{"level":"info","message":"GET /api/catalogos/convocatoria-activa 200 - 30ms","timestamp":"2026-08-04 17:42:03"}
{"level":"info","message":"GET /api/catalogos/tema 200 - 35ms","timestamp":"2026-08-04 17:42:03"}
{"level":"info","message":"GET /api/notificaciones 200 - 50ms","timestamp":"2026-08-04 17:42:03"}
{"level":"info","message":"GET /api/catalogos/te-enteraste 200 - 10ms","timestamp":"2026-08-04 17:42:03"}
{"level":"info","message":"GET /api/catalogos/convocatoria-activa 200 - 13ms","timestamp":"2026-08-04 17:42:03"}
{"level":"info","message":"GET /api/catalogos/categorias 200 - 47ms","timestamp":"2026-08-04 17:42:03"}
{"level":"info","message":"GET /api/catalogos/manifestaciones 200 - 3ms","timestamp":"2026-08-04 17:42:03"}
{"level":"info","message":"GET /api/catalogos/categorias 200 - 12ms","timestamp":"2026-08-04 17:42:03"}
{"level":"info","message":"GET /api/catalogos/tema 200 - 8ms","timestamp":"2026-08-04 17:42:03"}
{"level":"info","message":"[SOCKET] Conexión establecida: alejandro (Alejandro Montiel Garcia) [ID: EhWwGtjf-ynNWPY_AAAH]","timestamp":"2026-08-04 17:42:03"}
{"level":"info","message":"GET /api/participante/mi-registro 304 - 13ms","timestamp":"2026-08-04 17:42:03"}
{"level":"info","message":"GET /api/catalogos/requisitos-archivos 304 - 6ms","timestamp":"2026-08-04 17:42:03"}
{"level":"info","message":"GET /api/participante/mis-archivos 304 - 7ms","timestamp":"2026-08-04 17:42:03"}
{"level":"info","message":"GET /api/catalogos/alcaldias 304 - 4ms","timestamp":"2026-08-04 17:42:05"}
{"level":"info","message":"GET /api/catalogos/te-enteraste 304 - 3ms","timestamp":"2026-08-04 17:42:05"}
{"level":"info","message":"GET /api/participante/mi-registro 304 - 8ms","timestamp":"2026-08-04 17:42:05"}
{"level":"info","message":"GET /api/catalogos/tema 304 - 4ms","timestamp":"2026-08-04 17:42:07"}
{"level":"info","message":"GET /api/catalogos/convocatoria-activa 304 - 5ms","timestamp":"2026-08-04 17:42:07"}
{"level":"info","message":"GET /api/catalogos/alcaldias 304 - 6ms","timestamp":"2026-08-04 17:42:07"}
{"level":"info","message":"GET /api/catalogos/te-enteraste 304 - 6ms","timestamp":"2026-08-04 17:42:07"}
{"level":"info","message":"GET /api/catalogos/manifestaciones 304 - 6ms","timestamp":"2026-08-04 17:42:07"}
{"level":"info","message":"GET /api/catalogos/categorias 304 - 11ms","timestamp":"2026-08-04 17:42:07"}
{"level":"info","message":"GET /api/participante/mi-registro 304 - 8ms","timestamp":"2026-08-04 17:42:07"}
{"level":"info","message":"GET /api/catalogos/requisitos-archivos 304 - 5ms","timestamp":"2026-08-04 17:42:07"}
{"level":"info","message":"GET /api/participante/mis-archivos 304 - 7ms","timestamp":"2026-08-04 17:42:07"}
{"level":"info","message":"GET /api/catalogos/alcaldias 304 - 3ms","timestamp":"2026-08-04 17:42:11"}
{"level":"info","message":"GET /api/catalogos/te-enteraste 304 - 2ms","timestamp":"2026-08-04 17:42:11"}
{"level":"info","message":"GET /api/participante/mi-registro 304 - 10ms","timestamp":"2026-08-04 17:42:11"}
{"level":"info","message":"GET /api/catalogos/tema 304 - 3ms","timestamp":"2026-08-04 17:42:19"}
{"level":"info","message":"GET /api/catalogos/convocatoria-activa 304 - 9ms","timestamp":"2026-08-04 17:42:19"}
{"level":"info","message":"GET /api/catalogos/manifestaciones 304 - 6ms","timestamp":"2026-08-04 17:42:19"}
{"level":"info","message":"GET /api/catalogos/te-enteraste 304 - 7ms","timestamp":"2026-08-04 17:42:19"}
{"level":"info","message":"GET /api/catalogos/alcaldias 304 - 8ms","timestamp":"2026-08-04 17:42:19"}
{"level":"info","message":"GET /api/catalogos/categorias 304 - 9ms","timestamp":"2026-08-04 17:42:19"}
{"level":"info","message":"GET /api/participante/mi-registro 304 - 8ms","timestamp":"2026-08-04 17:42:19"}
{"level":"info","message":"GET /api/catalogos/requisitos-archivos 304 - 4ms","timestamp":"2026-08-04 17:42:19"}
{"level":"info","message":"GET /api/participante/mis-archivos 304 - 6ms","timestamp":"2026-08-04 17:42:19"}
{"level":"info","message":"[SOCKET] Conexión cerrada: alejandro [ID: EhWwGtjf-ynNWPY_AAAH]","timestamp":"2026-08-04 17:42:24"}
{"level":"info","message":"GET /api/catalogos/tema 304 - 3ms","timestamp":"2026-08-04 17:42:24"}
{"level":"info","message":"GET /api/catalogos/convocatoria-activa 304 - 8ms","timestamp":"2026-08-04 17:42:24"}
{"level":"info","message":"GET /api/catalogos/alcaldias 304 - 9ms","timestamp":"2026-08-04 17:42:24"}
{"level":"info","message":"GET /api/catalogos/te-enteraste 304 - 10ms","timestamp":"2026-08-04 17:42:24"}
{"level":"info","message":"GET /api/notificaciones 304 - 15ms","timestamp":"2026-08-04 17:42:24"}
{"level":"info","message":"GET /api/catalogos/categorias 304 - 14ms","timestamp":"2026-08-04 17:42:24"}
{"level":"info","message":"GET /api/catalogos/manifestaciones 304 - 7ms","timestamp":"2026-08-04 17:42:24"}
{"level":"info","message":"GET /api/catalogos/tema 304 - 3ms","timestamp":"2026-08-04 17:42:24"}
{"level":"info","message":"GET /api/catalogos/convocatoria-activa 304 - 6ms","timestamp":"2026-08-04 17:42:24"}
{"level":"info","message":"GET /api/notificaciones 304 - 15ms","timestamp":"2026-08-04 17:42:24"}
{"level":"info","message":"[SOCKET] Conexión establecida: alejandro (Alejandro Montiel Garcia) [ID: 9o_ar9dpqPoW5AE4AAAL]","timestamp":"2026-08-04 17:42:24"}
{"level":"info","message":"GET /api/catalogos/categorias 304 - 14ms","timestamp":"2026-08-04 17:42:24"}
{"level":"info","message":"[SOCKET] Conexión cerrada: validador [ID: e5q9Oga-Vvntld1UAAAD]","timestamp":"2026-08-04 17:42:25"}
{"level":"info","message":"[SOCKET] Conexión establecida: validador (Validador Valdes IECM) [ID: XPI77ssH-0zB6BIyAAAN]","timestamp":"2026-08-04 17:42:45"}
{"level":"info","message":"GET /api/catalogos/tema 304 - 3ms","timestamp":"2026-08-04 17:42:53"}
{"level":"info","message":"GET /api/catalogos/convocatoria-activa 304 - 4ms","timestamp":"2026-08-04 17:42:53"}
{"level":"info","message":"GET /api/catalogos/tema 304 - 4ms","timestamp":"2026-08-04 17:42:53"}
{"level":"info","message":"GET /api/catalogos/alcaldias 304 - 5ms","timestamp":"2026-08-04 17:42:53"}
{"level":"info","message":"GET /api/catalogos/te-enteraste 304 - 6ms","timestamp":"2026-08-04 17:42:53"}
{"level":"info","message":"GET /api/notificaciones 304 - 9ms","timestamp":"2026-08-04 17:42:53"}
{"level":"info","message":"GET /api/catalogos/categorias 304 - 7ms","timestamp":"2026-08-04 17:42:53"}
{"level":"info","message":"GET /api/catalogos/manifestaciones 304 - 2ms","timestamp":"2026-08-04 17:42:53"}
{"level":"info","message":"GET /api/catalogos/convocatoria-activa 304 - 2ms","timestamp":"2026-08-04 17:42:53"}
{"level":"info","message":"GET /api/catalogos/tema 304 - 2ms","timestamp":"2026-08-04 17:42:53"}
{"level":"info","message":"GET /api/notificaciones 304 - 2ms","timestamp":"2026-08-04 17:42:53"}
{"level":"info","message":"GET /api/catalogos/categorias 304 - 3ms","timestamp":"2026-08-04 17:42:53"}
{"level":"info","message":"[SOCKET] Conexión cerrada: alejandro [ID: 9o_ar9dpqPoW5AE4AAAL]","timestamp":"2026-08-04 17:42:53"}
{"level":"info","message":"[SOCKET] Conexión establecida: alejandro (Alejandro Montiel Garcia) [ID: gYoQM0KHgEtsLULaAAAR]","timestamp":"2026-08-04 17:42:53"}
{"level":"info","message":"GET /api/participante/mi-registro 304 - 9ms","timestamp":"2026-08-04 17:42:53"}
{"level":"info","message":"GET /api/catalogos/requisitos-archivos 304 - 4ms","timestamp":"2026-08-04 17:42:53"}
{"level":"info","message":"GET /api/participante/mis-archivos 304 - 5ms","timestamp":"2026-08-04 17:42:53"}
{"level":"info","message":"[SOCKET] Conexión cerrada: alejandro [ID: gYoQM0KHgEtsLULaAAAR]","timestamp":"2026-08-04 17:43:06"}
{"level":"info","message":"GET /api/catalogos/tema 304 - 3ms","timestamp":"2026-08-04 17:43:06"}
{"level":"info","message":"GET /api/catalogos/convocatoria-activa 304 - 4ms","timestamp":"2026-08-04 17:43:06"}
{"level":"info","message":"GET /api/notificaciones 304 - 10ms","timestamp":"2026-08-04 17:43:06"}
{"level":"info","message":"GET /api/catalogos/alcaldias 304 - 7ms","timestamp":"2026-08-04 17:43:06"}
{"level":"info","message":"GET /api/catalogos/categorias 304 - 12ms","timestamp":"2026-08-04 17:43:06"}
{"level":"info","message":"GET /api/catalogos/te-enteraste 304 - 7ms","timestamp":"2026-08-04 17:43:06"}
{"level":"info","message":"GET /api/catalogos/manifestaciones 304 - 5ms","timestamp":"2026-08-04 17:43:06"}
{"level":"info","message":"GET /api/catalogos/tema 304 - 5ms","timestamp":"2026-08-04 17:43:06"}
{"level":"info","message":"GET /api/catalogos/convocatoria-activa 304 - 6ms","timestamp":"2026-08-04 17:43:06"}
{"level":"info","message":"[SOCKET] Conexión establecida: alejandro (Alejandro Montiel Garcia) [ID: tHX6oHqpidnKj-pvAAAV]","timestamp":"2026-08-04 17:43:06"}
{"level":"info","message":"GET /api/notificaciones 304 - 9ms","timestamp":"2026-08-04 17:43:06"}
{"level":"info","message":"GET /api/catalogos/tema 304 - 3ms","timestamp":"2026-08-04 17:43:06"}
{"level":"info","message":"GET /api/catalogos/categorias 304 - 5ms","timestamp":"2026-08-04 17:43:06"}
{"level":"info","message":"GET /api/participante/mi-registro 304 - 8ms","timestamp":"2026-08-04 17:43:06"}
{"level":"info","message":"GET /api/catalogos/requisitos-archivos 304 - 3ms","timestamp":"2026-08-04 17:43:06"}
{"level":"info","message":"GET /api/participante/mis-archivos 304 - 6ms","timestamp":"2026-08-04 17:43:06"}
{"level":"info","message":"[SOCKET] Conexión cerrada: alejandro [ID: tHX6oHqpidnKj-pvAAAV]","timestamp":"2026-08-04 17:43:08"}
{"level":"info","message":"GET /api/catalogos/tema 304 - 3ms","timestamp":"2026-08-04 17:43:08"}
{"level":"info","message":"GET /api/catalogos/convocatoria-activa 304 - 2ms","timestamp":"2026-08-04 17:43:08"}
{"level":"info","message":"GET /api/notificaciones 304 - 5ms","timestamp":"2026-08-04 17:43:08"}
{"level":"info","message":"GET /api/catalogos/categorias 304 - 5ms","timestamp":"2026-08-04 17:43:08"}
{"level":"info","message":"GET /api/catalogos/alcaldias 304 - 4ms","timestamp":"2026-08-04 17:43:08"}
{"level":"info","message":"GET /api/catalogos/te-enteraste 304 - 2ms","timestamp":"2026-08-04 17:43:08"}
{"level":"info","message":"GET /api/catalogos/manifestaciones 304 - 2ms","timestamp":"2026-08-04 17:43:08"}
{"level":"info","message":"GET /api/catalogos/tema 304 - 3ms","timestamp":"2026-08-04 17:43:08"}
{"level":"info","message":"GET /api/catalogos/convocatoria-activa 304 - 6ms","timestamp":"2026-08-04 17:43:08"}
{"level":"info","message":"GET /api/catalogos/categorias 304 - 9ms","timestamp":"2026-08-04 17:43:08"}
{"level":"info","message":"GET /api/notificaciones 304 - 9ms","timestamp":"2026-08-04 17:43:08"}
{"level":"info","message":"[SOCKET] Conexión establecida: alejandro (Alejandro Montiel Garcia) [ID: 7ZKiAnbtz48mlr4KAAAZ]","timestamp":"2026-08-04 17:43:08"}
{"level":"info","message":"GET /api/catalogos/tema 304 - 3ms","timestamp":"2026-08-04 17:43:08"}
{"level":"info","message":"GET /api/participante/mi-registro 304 - 8ms","timestamp":"2026-08-04 17:43:08"}
{"level":"info","message":"GET /api/catalogos/requisitos-archivos 304 - 3ms","timestamp":"2026-08-04 17:43:08"}
{"level":"info","message":"GET /api/participante/mis-archivos 304 - 6ms","timestamp":"2026-08-04 17:43:08"}
{"level":"info","message":"[SOCKET] Conexión cerrada: validador [ID: XPI77ssH-0zB6BIyAAAN]","timestamp":"2026-08-04 17:43:12"}
{"level":"info","message":"GET /api/catalogos/tema 304 - 4ms","timestamp":"2026-08-04 17:43:12"}
{"level":"info","message":"GET /api/catalogos/convocatoria-activa 304 - 5ms","timestamp":"2026-08-04 17:43:12"}
{"level":"info","message":"GET /api/notificaciones 304 - 12ms","timestamp":"2026-08-04 17:43:12"}
{"level":"info","message":"GET /api/catalogos/tema 304 - 11ms","timestamp":"2026-08-04 17:43:12"}
{"level":"info","message":"GET /api/catalogos/categorias 304 - 14ms","timestamp":"2026-08-04 17:43:12"}
{"level":"info","message":"GET /api/admin/participantes 304 - 30ms","timestamp":"2026-08-04 17:43:12"}
{"level":"info","message":"GET /api/notificaciones 304 - 8ms","timestamp":"2026-08-04 17:43:12"}
{"level":"info","message":"[SOCKET] Conexión establecida: validador (Validador Valdes IECM) [ID: U8YTdKg3cMuEFjNSAAAd]","timestamp":"2026-08-04 17:43:12"}
{"level":"info","message":"GET /api/admin/participante-archivos/7 304 - 9ms","timestamp":"2026-08-04 17:43:14"}
{"level":"info","message":"POST /api/admin/observaciones/7 200 - 70ms","timestamp":"2026-08-04 17:43:32"}
{"level":"info","message":"GET /api/admin/participantes 200 - 10ms","timestamp":"2026-08-04 17:43:32"}
{"level":"info","message":"[SOCKET] Conexión cerrada: alejandro [ID: 7ZKiAnbtz48mlr4KAAAZ]","timestamp":"2026-08-04 17:43:42"}
{"level":"info","message":"GET /api/catalogos/tema 304 - 3ms","timestamp":"2026-08-04 17:43:42"}
{"level":"info","message":"GET /api/catalogos/tema 304 - 4ms","timestamp":"2026-08-04 17:43:42"}
{"level":"info","message":"GET /api/notificaciones 200 - 10ms","timestamp":"2026-08-04 17:43:42"}
{"level":"info","message":"GET /api/catalogos/alcaldias 304 - 8ms","timestamp":"2026-08-04 17:43:42"}
{"level":"info","message":"GET /api/catalogos/convocatoria-activa 304 - 11ms","timestamp":"2026-08-04 17:43:42"}
{"level":"info","message":"GET /api/catalogos/te-enteraste 304 - 17ms","timestamp":"2026-08-04 17:43:42"}
{"level":"info","message":"GET /api/catalogos/manifestaciones 304 - 13ms","timestamp":"2026-08-04 17:43:42"}
{"level":"info","message":"GET /api/catalogos/categorias 304 - 34ms","timestamp":"2026-08-04 17:43:42"}
{"level":"info","message":"GET /api/catalogos/tema 304 - 22ms","timestamp":"2026-08-04 17:43:42"}
{"level":"info","message":"[SOCKET] Conexión establecida: alejandro (Alejandro Montiel Garcia) [ID: 57OL1hysZoOEN7EoAAAh]","timestamp":"2026-08-04 17:43:42"}
{"level":"info","message":"GET /api/catalogos/convocatoria-activa 304 - 4ms","timestamp":"2026-08-04 17:43:42"}
{"level":"info","message":"GET /api/notificaciones 304 - 14ms","timestamp":"2026-08-04 17:43:42"}
{"level":"info","message":"GET /api/catalogos/categorias 304 - 12ms","timestamp":"2026-08-04 17:43:42"}
{"level":"info","message":"GET /api/participante/mi-registro 200 - 24ms","timestamp":"2026-08-04 17:43:42"}
{"level":"info","message":"GET /api/catalogos/requisitos-archivos 304 - 4ms","timestamp":"2026-08-04 17:43:42"}
{"level":"info","message":"GET /api/participante/mis-archivos 304 - 7ms","timestamp":"2026-08-04 17:43:42"}
{"level":"info","message":"GET /api/notificaciones 304 - 4ms","timestamp":"2026-08-04 17:43:57"}
{"level":"info","message":"POST /api/notificaciones/marcar-leida 200 - 14ms","timestamp":"2026-08-04 17:44:10"}
{"level":"info","message":"DELETE /api/participante/eliminar-archivo-requisito/1 200 - 21ms","timestamp":"2026-08-04 17:44:24"}
{"level":"info","message":"GET /api/catalogos/requisitos-archivos 304 - 5ms","timestamp":"2026-08-04 17:44:24"}
{"level":"info","message":"GET /api/participante/mis-archivos 200 - 6ms","timestamp":"2026-08-04 17:44:24"}
{"level":"info","message":"POST /api/participante/subir-archivo-requisito 200 - 24ms","timestamp":"2026-08-04 17:44:28"}
{"level":"info","message":"GET /api/catalogos/requisitos-archivos 304 - 6ms","timestamp":"2026-08-04 17:44:28"}
{"level":"info","message":"GET /api/participante/mis-archivos 200 - 9ms","timestamp":"2026-08-04 17:44:28"}
{"level":"info","message":"POST /api/participante/completar-registro 200 - 24ms","timestamp":"2026-08-04 17:44:31"}
{"level":"info","message":"GET /api/participante/mi-registro 200 - 9ms","timestamp":"2026-08-04 17:44:32"}
{"level":"info","message":"GET /api/documentos/Alejandro_Montiel_Garcia_Misterios_de_alejandro_2026-08-04.pdf?token=eyJhbGciOiJIUzI1NiIsInR5cCI6IkpXVCJ9.eyJpZF91c3VhcmlvIjoxMSwidXN1YXJpbyI6ImFsZWphbmRybyIsImlkX3RpcG91c3VhcmlvIjoxLCJzZXNzaW9uX2lkIjoiODE3OTQ4NDYtZmUzMy00OTU1LTlkNzctNGUxZTYzNDBjMTE4IiwiaWF0IjoxNzg1ODg2NDg0LCJleHAiOjE3ODU5MTUyODR9.4KS0DUyU_jEBnM0Eb_Oin3Z7h6paWNcE5SoTSlq3Ip4 200 - 10ms","timestamp":"2026-08-04 17:44:33"}
{"level":"info","message":"[SOCKET] Conexión cerrada: validador [ID: U8YTdKg3cMuEFjNSAAAd]","timestamp":"2026-08-04 17:44:43"}
{"level":"info","message":"GET /api/catalogos/tema 304 - 3ms","timestamp":"2026-08-04 17:44:43"}
{"level":"info","message":"GET /api/catalogos/convocatoria-activa 304 - 5ms","timestamp":"2026-08-04 17:44:43"}
{"level":"info","message":"GET /api/notificaciones 304 - 9ms","timestamp":"2026-08-04 17:44:43"}
{"level":"info","message":"GET /api/catalogos/tema 304 - 10ms","timestamp":"2026-08-04 17:44:43"}
{"level":"info","message":"[SOCKET] Conexión establecida: validador (Validador Valdes IECM) [ID: 6A0Uh0kBWKpBOZDLAAAl]","timestamp":"2026-08-04 17:44:43"}
{"level":"info","message":"GET /api/catalogos/categorias 304 - 21ms","timestamp":"2026-08-04 17:44:43"}
{"level":"info","message":"GET /api/admin/participantes 200 - 32ms","timestamp":"2026-08-04 17:44:43"}
{"level":"info","message":"GET /api/notificaciones 304 - 12ms","timestamp":"2026-08-04 17:44:43"}
{"level":"info","message":"GET /api/admin/participante-archivos/7 200 - 5ms","timestamp":"2026-08-04 17:44:44"}
{"level":"info","message":"GET /api/documentos/Alejandro_Montiel_Garcia_Misterios_de_alejandro_2026-08-04.pdf?token=eyJhbGciOiJIUzI1NiIsInR5cCI6IkpXVCJ9.eyJpZF91c3VhcmlvIjo3LCJ1c3VhcmlvIjoidmFsaWRhZG9yIiwiaWRfdGlwb3VzdWFyaW8iOjIsInNlc3Npb25faWQiOiI3N2NlZGNmZi1lMjdiLTQ5ZjMtOTU5Ny05N2UzN2VhMWNmYjEiLCJpYXQiOjE3ODU4ODY1NjIsImV4cCI6MTc4NTkxNTM2Mn0.ZrIUdXz3qlJM0BKfWUvDa-4psO3CNfYiJwha4rBKYAI 304 - 5ms","timestamp":"2026-08-04 17:44:45"}
{"level":"info","message":"GET /api/documentos/Alejandro_Montiel_Garcia_Misterios_de_alejandro_2026-08-04.pdf?token=eyJhbGciOiJIUzI1NiIsInR5cCI6IkpXVCJ9.eyJpZF91c3VhcmlvIjo3LCJ1c3VhcmlvIjoidmFsaWRhZG9yIiwiaWRfdGlwb3VzdWFyaW8iOjIsInNlc3Npb25faWQiOiI3N2NlZGNmZi1lMjdiLTQ5ZjMtOTU5Ny05N2UzN2VhMWNmYjEiLCJpYXQiOjE3ODU4ODY1NjIsImV4cCI6MTc4NTkxNTM2Mn0.ZrIUdXz3qlJM0BKfWUvDa-4psO3CNfYiJwha4rBKYAI 304 - 8ms","timestamp":"2026-08-04 17:44:45"}
{"level":"info","message":"GET /api/documentos/Alejandro_Montiel_Garcia_Misterios_de_alejandro_2026-08-04.pdf?token=eyJhbGciOiJIUzI1NiIsInR5cCI6IkpXVCJ9.eyJpZF91c3VhcmlvIjo3LCJ1c3VhcmlvIjoidmFsaWRhZG9yIiwiaWRfdGlwb3VzdWFyaW8iOjIsInNlc3Npb25faWQiOiI3N2NlZGNmZi1lMjdiLTQ5ZjMtOTU5Ny05N2UzN2VhMWNmYjEiLCJpYXQiOjE3ODU4ODY1NjIsImV4cCI6MTc4NTkxNTM2Mn0.ZrIUdXz3qlJM0BKfWUvDa-4psO3CNfYiJwha4rBKYAI 200 - 7ms","timestamp":"2026-08-04 17:44:45"}
{"level":"info","message":"POST /api/admin/observaciones/7 200 - 35ms","timestamp":"2026-08-04 17:44:58"}
{"level":"info","message":"GET /api/admin/participantes 200 - 12ms","timestamp":"2026-08-04 17:44:58"}
{"level":"info","message":"[SOCKET] Conexión cerrada: alejandro [ID: 57OL1hysZoOEN7EoAAAh]","timestamp":"2026-08-04 17:45:01"}
{"level":"info","message":"GET /api/catalogos/tema 304 - 2ms","timestamp":"2026-08-04 17:45:01"}
{"level":"info","message":"GET /api/catalogos/tema 304 - 6ms","timestamp":"2026-08-04 17:45:01"}
{"level":"info","message":"GET /api/notificaciones 200 - 9ms","timestamp":"2026-08-04 17:45:01"}
{"level":"info","message":"GET /api/catalogos/convocatoria-activa 304 - 5ms","timestamp":"2026-08-04 17:45:01"}
{"level":"info","message":"GET /api/catalogos/categorias 304 - 6ms","timestamp":"2026-08-04 17:45:01"}
{"level":"info","message":"GET /api/catalogos/alcaldias 304 - 3ms","timestamp":"2026-08-04 17:45:01"}
{"level":"info","message":"GET /api/catalogos/te-enteraste 304 - 6ms","timestamp":"2026-08-04 17:45:01"}
{"level":"info","message":"GET /api/catalogos/manifestaciones 304 - 6ms","timestamp":"2026-08-04 17:45:01"}
{"level":"info","message":"GET /api/catalogos/tema 304 - 4ms","timestamp":"2026-08-04 17:45:01"}
{"level":"info","message":"GET /api/catalogos/convocatoria-activa 304 - 9ms","timestamp":"2026-08-04 17:45:01"}
{"level":"info","message":"GET /api/notificaciones 304 - 14ms","timestamp":"2026-08-04 17:45:01"}
{"level":"info","message":"[SOCKET] Conexión establecida: alejandro (Alejandro Montiel Garcia) [ID: iNO7yTE4BmPmdHArAAAp]","timestamp":"2026-08-04 17:45:01"}
{"level":"info","message":"GET /api/catalogos/categorias 304 - 15ms","timestamp":"2026-08-04 17:45:01"}
{"level":"info","message":"GET /api/participante/mi-registro 200 - 14ms","timestamp":"2026-08-04 17:45:01"}
{"level":"info","message":"GET /api/catalogos/requisitos-archivos 304 - 3ms","timestamp":"2026-08-04 17:45:01"}
{"level":"info","message":"GET /api/participante/mis-archivos 304 - 5ms","timestamp":"2026-08-04 17:45:01"}
{"level":"info","message":"GET /api/notificaciones 304 - 5ms","timestamp":"2026-08-04 17:45:03"}
{"level":"info","message":"POST /api/notificaciones/marcar-leida 200 - 9ms","timestamp":"2026-08-04 17:45:04"}
{"level":"info","message":"GET /api/documentos/Alejandro_Montiel_Garcia_Ensayo_Principal_Obra_2026-08-04.pdf?token=eyJhbGciOiJIUzI1NiIsInR5cCI6IkpXVCJ9.eyJpZF91c3VhcmlvIjoxMSwidXN1YXJpbyI6ImFsZWphbmRybyIsImlkX3RpcG91c3VhcmlvIjoxLCJzZXNzaW9uX2lkIjoiODE3OTQ4NDYtZmUzMy00OTU1LTlkNzctNGUxZTYzNDBjMTE4IiwiaWF0IjoxNzg1ODg2NDg0LCJleHAiOjE3ODU5MTUyODR9.4KS0DUyU_jEBnM0Eb_Oin3Z7h6paWNcE5SoTSlq3Ip4 200 - 6ms","timestamp":"2026-08-04 17:45:10"}
{"level":"info","message":"POST /api/participante/completar-registro 200 - 25ms","timestamp":"2026-08-04 17:45:15"}
{"level":"info","message":"GET /api/participante/mi-registro 200 - 14ms","timestamp":"2026-08-04 17:45:16"}
{"level":"info","message":"[SOCKET] Conexión cerrada: validador [ID: 6A0Uh0kBWKpBOZDLAAAl]","timestamp":"2026-08-04 17:45:19"}
{"level":"info","message":"GET /api/catalogos/tema 304 - 3ms","timestamp":"2026-08-04 17:45:19"}
{"level":"info","message":"GET /api/catalogos/convocatoria-activa 304 - 2ms","timestamp":"2026-08-04 17:45:19"}
{"level":"info","message":"GET /api/notificaciones 304 - 6ms","timestamp":"2026-08-04 17:45:19"}
{"level":"info","message":"GET /api/catalogos/categorias 304 - 6ms","timestamp":"2026-08-04 17:45:19"}
{"level":"info","message":"GET /api/catalogos/tema 304 - 5ms","timestamp":"2026-08-04 17:45:19"}
{"level":"info","message":"GET /api/admin/participantes 200 - 15ms","timestamp":"2026-08-04 17:45:19"}
{"level":"info","message":"GET /api/notificaciones 304 - 5ms","timestamp":"2026-08-04 17:45:19"}
{"level":"info","message":"[SOCKET] Conexión establecida: validador (Validador Valdes IECM) [ID: Ukw6V3duEnqhXT-5AAAt]","timestamp":"2026-08-04 17:45:19"}
{"level":"info","message":"GET /api/admin/participante-archivos/7 304 - 7ms","timestamp":"2026-08-04 17:45:20"}
{"level":"info","message":"GET /api/documentos/Alejandro_Montiel_Garcia_Misterios_de_alejandro_2026-08-04.pdf?token=eyJhbGciOiJIUzI1NiIsInR5cCI6IkpXVCJ9.eyJpZF91c3VhcmlvIjo3LCJ1c3VhcmlvIjoidmFsaWRhZG9yIiwiaWRfdGlwb3VzdWFyaW8iOjIsInNlc3Npb25faWQiOiI3N2NlZGNmZi1lMjdiLTQ5ZjMtOTU5Ny05N2UzN2VhMWNmYjEiLCJpYXQiOjE3ODU4ODY1NjIsImV4cCI6MTc4NTkxNTM2Mn0.ZrIUdXz3qlJM0BKfWUvDa-4psO3CNfYiJwha4rBKYAI 304 - 5ms","timestamp":"2026-08-04 17:45:21"}
{"level":"info","message":"GET /api/documentos/Alejandro_Montiel_Garcia_Misterios_de_alejandro_2026-08-04.pdf?token=eyJhbGciOiJIUzI1NiIsInR5cCI6IkpXVCJ9.eyJpZF91c3VhcmlvIjo3LCJ1c3VhcmlvIjoidmFsaWRhZG9yIiwiaWRfdGlwb3VzdWFyaW8iOjIsInNlc3Npb25faWQiOiI3N2NlZGNmZi1lMjdiLTQ5ZjMtOTU5Ny05N2UzN2VhMWNmYjEiLCJpYXQiOjE3ODU4ODY1NjIsImV4cCI6MTc4NTkxNTM2Mn0.ZrIUdXz3qlJM0BKfWUvDa-4psO3CNfYiJwha4rBKYAI 304 - 6ms","timestamp":"2026-08-04 17:45:21"}
{"level":"info","message":"GET /api/documentos/Alejandro_Montiel_Garcia_Misterios_de_alejandro_2026-08-04.pdf?token=eyJhbGciOiJIUzI1NiIsInR5cCI6IkpXVCJ9.eyJpZF91c3VhcmlvIjo3LCJ1c3VhcmlvIjoidmFsaWRhZG9yIiwiaWRfdGlwb3VzdWFyaW8iOjIsInNlc3Npb25faWQiOiI3N2NlZGNmZi1lMjdiLTQ5ZjMtOTU5Ny05N2UzN2VhMWNmYjEiLCJpYXQiOjE3ODU4ODY1NjIsImV4cCI6MTc4NTkxNTM2Mn0.ZrIUdXz3qlJM0BKfWUvDa-4psO3CNfYiJwha4rBKYAI 200 - 8ms","timestamp":"2026-08-04 17:45:21"}
{"level":"info","message":"GET /api/documentos/Alejandro_Montiel_Garcia_Misterios_de_alejandro_2026-08-04.pdf?token=eyJhbGciOiJIUzI1NiIsInR5cCI6IkpXVCJ9.eyJpZF91c3VhcmlvIjoxMSwidXN1YXJpbyI6ImFsZWphbmRybyIsImlkX3RpcG91c3VhcmlvIjoxLCJzZXNzaW9uX2lkIjoiODE3OTQ4NDYtZmUzMy00OTU1LTlkNzctNGUxZTYzNDBjMTE4IiwiaWF0IjoxNzg1ODg2NDg0LCJleHAiOjE3ODU5MTUyODR9.4KS0DUyU_jEBnM0Eb_Oin3Z7h6paWNcE5SoTSlq3Ip4 304 - 4ms","timestamp":"2026-08-04 17:47:03"}
{"level":"info","message":"POST /api/admin/observaciones/7 200 - 22ms","timestamp":"2026-08-04 17:47:14"}
{"level":"info","message":"GET /api/admin/participantes 200 - 13ms","timestamp":"2026-08-04 17:47:14"}
{"level":"info","message":"[SOCKET] Conexión cerrada: alejandro [ID: iNO7yTE4BmPmdHArAAAp]","timestamp":"2026-08-04 17:47:16"}
{"level":"info","message":"GET /api/catalogos/tema 304 - 6ms","timestamp":"2026-08-04 17:47:16"}
{"level":"info","message":"GET /api/catalogos/convocatoria-activa 304 - 5ms","timestamp":"2026-08-04 17:47:16"}
{"level":"info","message":"GET /api/notificaciones 200 - 10ms","timestamp":"2026-08-04 17:47:16"}
{"level":"info","message":"GET /api/catalogos/alcaldias 304 - 5ms","timestamp":"2026-08-04 17:47:16"}
{"level":"info","message":"GET /api/catalogos/te-enteraste 304 - 8ms","timestamp":"2026-08-04 17:47:16"}
{"level":"info","message":"GET /api/catalogos/categorias 304 - 19ms","timestamp":"2026-08-04 17:47:16"}
{"level":"info","message":"GET /api/catalogos/manifestaciones 304 - 12ms","timestamp":"2026-08-04 17:47:16"}
{"level":"info","message":"GET /api/catalogos/tema 304 - 10ms","timestamp":"2026-08-04 17:47:16"}
{"level":"info","message":"GET /api/catalogos/convocatoria-activa 304 - 10ms","timestamp":"2026-08-04 17:47:17"}
{"level":"info","message":"[SOCKET] Conexión establecida: alejandro (Alejandro Montiel Garcia) [ID: t1GPnBeong0hfu4oAAAx]","timestamp":"2026-08-04 17:47:17"}
{"level":"info","message":"GET /api/catalogos/tema 304 - 2ms","timestamp":"2026-08-04 17:47:17"}
{"level":"info","message":"GET /api/notificaciones 304 - 11ms","timestamp":"2026-08-04 17:47:17"}
{"level":"info","message":"GET /api/catalogos/categorias 304 - 10ms","timestamp":"2026-08-04 17:47:17"}
{"level":"info","message":"GET /api/participante/mi-registro 200 - 22ms","timestamp":"2026-08-04 17:47:17"}
{"level":"info","message":"GET /api/catalogos/requisitos-archivos 304 - 4ms","timestamp":"2026-08-04 17:47:17"}
{"level":"info","message":"GET /api/participante/mis-archivos 304 - 5ms","timestamp":"2026-08-04 17:47:17"}
{"level":"info","message":"DELETE /api/participante/eliminar-archivo-requisito/1 200 - 28ms","timestamp":"2026-08-04 17:47:46"}
{"level":"info","message":"GET /api/catalogos/requisitos-archivos 304 - 3ms","timestamp":"2026-08-04 17:47:46"}
{"level":"info","message":"GET /api/participante/mis-archivos 200 - 6ms","timestamp":"2026-08-04 17:47:46"}
{"level":"info","message":"POST /api/participante/subir-archivo-requisito 200 - 29ms","timestamp":"2026-08-04 17:48:17"}
{"level":"info","message":"GET /api/catalogos/requisitos-archivos 304 - 5ms","timestamp":"2026-08-04 17:48:17"}
{"level":"info","message":"GET /api/participante/mis-archivos 200 - 7ms","timestamp":"2026-08-04 17:48:17"}
{"level":"info","message":"POST /api/participante/completar-registro 200 - 19ms","timestamp":"2026-08-04 17:49:23"}
{"level":"info","message":"GET /api/participante/mi-registro 200 - 8ms","timestamp":"2026-08-04 17:49:24"}
{"level":"info","message":"GET /api/documentos/Alejandro_Montiel_Garcia_Misterios_de_alejandro_2026-08-04.pdf?token=eyJhbGciOiJIUzI1NiIsInR5cCI6IkpXVCJ9.eyJpZF91c3VhcmlvIjoxMSwidXN1YXJpbyI6ImFsZWphbmRybyIsImlkX3RpcG91c3VhcmlvIjoxLCJzZXNzaW9uX2lkIjoiODE3OTQ4NDYtZmUzMy00OTU1LTlkNzctNGUxZTYzNDBjMTE4IiwiaWF0IjoxNzg1ODg2NDg0LCJleHAiOjE3ODU5MTUyODR9.4KS0DUyU_jEBnM0Eb_Oin3Z7h6paWNcE5SoTSlq3Ip4 304 - 9ms","timestamp":"2026-08-04 17:49:26"}
{"level":"info","message":"[SOCKET] Conexión establecida: validador (Validador Valdes IECM) [ID: FSD0j4V58M0AhVBrAAAB]","timestamp":"2026-08-04 17:49:58"}
{"level":"info","message":"[SOCKET] Conexión establecida: alejandro (Alejandro Montiel Garcia) [ID: v5sYPfMxLnES6gXgAAAD]","timestamp":"2026-08-04 17:50:02"}
{"level":"info","message":"[SOCKET] Conexión establecida: alejandro (Alejandro Montiel Garcia) [ID: T8jxoPDMls_NZMWmAAAB]","timestamp":"2026-08-04 17:50:08"}
{"level":"info","message":"[SOCKET] Conexión establecida: validador (Validador Valdes IECM) [ID: YwiS1UNSTwuUcqtcAAAD]","timestamp":"2026-08-04 17:50:09"}
{"level":"info","message":"GET /api/catalogos/tema 304 - 7ms","timestamp":"2026-08-04 17:50:15"}
{"level":"info","message":"GET /api/catalogos/te-enteraste 304 - 9ms","timestamp":"2026-08-04 17:50:15"}
{"level":"info","message":"GET /api/catalogos/convocatoria-activa 304 - 10ms","timestamp":"2026-08-04 17:50:15"}
{"level":"info","message":"GET /api/catalogos/alcaldias 304 - 15ms","timestamp":"2026-08-04 17:50:15"}
{"level":"info","message":"GET /api/catalogos/manifestaciones 304 - 17ms","timestamp":"2026-08-04 17:50:15"}
{"level":"info","message":"GET /api/catalogos/categorias 304 - 22ms","timestamp":"2026-08-04 17:50:15"}
{"level":"info","message":"GET /api/participante/mi-registro 304 - 10ms","timestamp":"2026-08-04 17:50:15"}
{"level":"info","message":"GET /api/catalogos/requisitos-archivos 304 - 4ms","timestamp":"2026-08-04 17:50:15"}
{"level":"info","message":"GET /api/participante/mis-archivos 304 - 7ms","timestamp":"2026-08-04 17:50:15"}
{"level":"info","message":"GET /api/notificaciones 304 - 6ms","timestamp":"2026-08-04 17:50:27"}
{"level":"info","message":"POST /api/notificaciones/marcar-leida 200 - 9ms","timestamp":"2026-08-04 17:50:34"}
{"level":"info","message":"GET /api/admin/participantes 200 - 10ms","timestamp":"2026-08-04 17:50:40"}
{"level":"info","message":"[SOCKET] Conexión establecida: alejandro (Alejandro Montiel Garcia) [ID: sL4r2-24qOXijZM8AAAB]","timestamp":"2026-08-04 17:50:50"}
{"level":"info","message":"[SOCKET] Conexión establecida: validador (Validador Valdes IECM) [ID: 2qe3G5mv6VF0i_n5AAAD]","timestamp":"2026-08-04 17:50:51"}
{"level":"info","message":"[SOCKET] Conexión cerrada: alejandro [ID: sL4r2-24qOXijZM8AAAB]","timestamp":"2026-08-04 17:51:15"}
{"level":"info","message":"GET /api/catalogos/tema 200 - 10ms","timestamp":"2026-08-04 17:51:15"}
{"level":"info","message":"GET /api/catalogos/tema 200 - 7ms","timestamp":"2026-08-04 17:51:15"}
{"level":"info","message":"GET /api/catalogos/convocatoria-activa 200 - 11ms","timestamp":"2026-08-04 17:51:15"}
{"level":"info","message":"GET /api/catalogos/alcaldias 200 - 18ms","timestamp":"2026-08-04 17:51:15"}
{"level":"info","message":"GET /api/notificaciones 200 - 37ms","timestamp":"2026-08-04 17:51:15"}
{"level":"info","message":"GET /api/catalogos/convocatoria-activa 200 - 28ms","timestamp":"2026-08-04 17:51:15"}
{"level":"info","message":"GET /api/catalogos/categorias 200 - 41ms","timestamp":"2026-08-04 17:51:15"}
{"level":"info","message":"GET /api/notificaciones 200 - 39ms","timestamp":"2026-08-04 17:51:15"}
{"level":"info","message":"GET /api/catalogos/tema 200 - 7ms","timestamp":"2026-08-04 17:51:15"}
{"level":"info","message":"GET /api/catalogos/categorias 200 - 35ms","timestamp":"2026-08-04 17:51:15"}
{"level":"info","message":"GET /api/catalogos/te-enteraste 200 - 10ms","timestamp":"2026-08-04 17:51:15"}
{"level":"info","message":"GET /api/catalogos/manifestaciones 200 - 8ms","timestamp":"2026-08-04 17:51:15"}
{"level":"info","message":"[SOCKET] Conexión establecida: alejandro (Alejandro Montiel Garcia) [ID: XMvqIqEZTLlUgfslAAAH]","timestamp":"2026-08-04 17:51:15"}
{"level":"info","message":"GET /api/participante/mi-registro 304 - 10ms","timestamp":"2026-08-04 17:51:15"}
{"level":"info","message":"GET /api/catalogos/requisitos-archivos 304 - 4ms","timestamp":"2026-08-04 17:51:16"}
{"level":"info","message":"GET /api/participante/mis-archivos 304 - 5ms","timestamp":"2026-08-04 17:51:16"}
{"level":"info","message":"GET /api/documentos/Alejandro_Montiel_Garcia_Misterios_de_alejandro_2026-08-04.pdf?token=eyJhbGciOiJIUzI1NiIsInR5cCI6IkpXVCJ9.eyJpZF91c3VhcmlvIjoxMSwidXN1YXJpbyI6ImFsZWphbmRybyIsImlkX3RpcG91c3VhcmlvIjoxLCJzZXNzaW9uX2lkIjoiODE3OTQ4NDYtZmUzMy00OTU1LTlkNzctNGUxZTYzNDBjMTE4IiwiaWF0IjoxNzg1ODg2NDg0LCJleHAiOjE3ODU5MTUyODR9.4KS0DUyU_jEBnM0Eb_Oin3Z7h6paWNcE5SoTSlq3Ip4 304 - 6ms","timestamp":"2026-08-04 17:51:17"}
{"level":"info","message":"[SOCKET] Conexión cerrada: validador [ID: 2qe3G5mv6VF0i_n5AAAD]","timestamp":"2026-08-04 17:51:24"}
{"level":"info","message":"GET /api/catalogos/tema 304 - 4ms","timestamp":"2026-08-04 17:51:24"}
{"level":"info","message":"GET /api/catalogos/convocatoria-activa 304 - 6ms","timestamp":"2026-08-04 17:51:24"}
{"level":"info","message":"GET /api/notificaciones 304 - 12ms","timestamp":"2026-08-04 17:51:24"}
{"level":"info","message":"GET /api/catalogos/tema 304 - 7ms","timestamp":"2026-08-04 17:51:24"}
{"level":"info","message":"GET /api/catalogos/categorias 304 - 13ms","timestamp":"2026-08-04 17:51:24"}
{"level":"info","message":"GET /api/admin/participantes 304 - 28ms","timestamp":"2026-08-04 17:51:24"}
{"level":"info","message":"GET /api/notificaciones 304 - 10ms","timestamp":"2026-08-04 17:51:24"}
{"level":"info","message":"[SOCKET] Conexión establecida: validador (Validador Valdes IECM) [ID: PeA3iyS5ZM16DwPRAAAL]","timestamp":"2026-08-04 17:51:24"}
{"level":"info","message":"GET /api/admin/participante-archivos/7 200 - 7ms","timestamp":"2026-08-04 17:51:25"}
{"level":"info","message":"GET /api/documentos/Alejandro_Montiel_Garcia_Ensayo_Principal_Obra_2026-08-04.pdf?token=eyJhbGciOiJIUzI1NiIsInR5cCI6IkpXVCJ9.eyJpZF91c3VhcmlvIjo3LCJ1c3VhcmlvIjoidmFsaWRhZG9yIiwiaWRfdGlwb3VzdWFyaW8iOjIsInNlc3Npb25faWQiOiI3N2NlZGNmZi1lMjdiLTQ5ZjMtOTU5Ny05N2UzN2VhMWNmYjEiLCJpYXQiOjE3ODU4ODY1NjIsImV4cCI6MTc4NTkxNTM2Mn0.ZrIUdXz3qlJM0BKfWUvDa-4psO3CNfYiJwha4rBKYAI 200 - 5ms","timestamp":"2026-08-04 17:51:26"}
{"level":"info","message":"GET /api/documentos/Alejandro_Montiel_Garcia_Ensayo_Principal_Obra_2026-08-04.pdf?token=eyJhbGciOiJIUzI1NiIsInR5cCI6IkpXVCJ9.eyJpZF91c3VhcmlvIjo3LCJ1c3VhcmlvIjoidmFsaWRhZG9yIiwiaWRfdGlwb3VzdWFyaW8iOjIsInNlc3Npb25faWQiOiI3N2NlZGNmZi1lMjdiLTQ5ZjMtOTU5Ny05N2UzN2VhMWNmYjEiLCJpYXQiOjE3ODU4ODY1NjIsImV4cCI6MTc4NTkxNTM2Mn0.ZrIUdXz3qlJM0BKfWUvDa-4psO3CNfYiJwha4rBKYAI 200 - 6ms","timestamp":"2026-08-04 17:51:27"}
{"level":"info","message":"GET /api/documentos/Alejandro_Montiel_Garcia_Ensayo_Principal_Obra_2026-08-04.pdf?token=eyJhbGciOiJIUzI1NiIsInR5cCI6IkpXVCJ9.eyJpZF91c3VhcmlvIjo3LCJ1c3VhcmlvIjoidmFsaWRhZG9yIiwiaWRfdGlwb3VzdWFyaW8iOjIsInNlc3Npb25faWQiOiI3N2NlZGNmZi1lMjdiLTQ5ZjMtOTU5Ny05N2UzN2VhMWNmYjEiLCJpYXQiOjE3ODU4ODY1NjIsImV4cCI6MTc4NTkxNTM2Mn0.ZrIUdXz3qlJM0BKfWUvDa-4psO3CNfYiJwha4rBKYAI 206 - 6ms","timestamp":"2026-08-04 17:51:27"}
{"level":"info","message":"GET /api/documentos/Alejandro_Montiel_Garcia_Ensayo_Principal_Obra_2026-08-04.pdf?token=eyJhbGciOiJIUzI1NiIsInR5cCI6IkpXVCJ9.eyJpZF91c3VhcmlvIjo3LCJ1c3VhcmlvIjoidmFsaWRhZG9yIiwiaWRfdGlwb3VzdWFyaW8iOjIsInNlc3Npb25faWQiOiI3N2NlZGNmZi1lMjdiLTQ5ZjMtOTU5Ny05N2UzN2VhMWNmYjEiLCJpYXQiOjE3ODU4ODY1NjIsImV4cCI6MTc4NTkxNTM2Mn0.ZrIUdXz3qlJM0BKfWUvDa-4psO3CNfYiJwha4rBKYAI 304 - 4ms","timestamp":"2026-08-04 17:51:37"}
{"level":"info","message":"GET /api/documentos/Alejandro_Montiel_Garcia_Ensayo_Principal_Obra_2026-08-04.pdf?token=eyJhbGciOiJIUzI1NiIsInR5cCI6IkpXVCJ9.eyJpZF91c3VhcmlvIjo3LCJ1c3VhcmlvIjoidmFsaWRhZG9yIiwiaWRfdGlwb3VzdWFyaW8iOjIsInNlc3Npb25faWQiOiI3N2NlZGNmZi1lMjdiLTQ5ZjMtOTU5Ny05N2UzN2VhMWNmYjEiLCJpYXQiOjE3ODU4ODY1NjIsImV4cCI6MTc4NTkxNTM2Mn0.ZrIUdXz3qlJM0BKfWUvDa-4psO3CNfYiJwha4rBKYAI 304 - 4ms","timestamp":"2026-08-04 17:51:37"}
{"level":"info","message":"GET /api/documentos/Alejandro_Montiel_Garcia_Ensayo_Principal_Obra_2026-08-04.pdf?token=eyJhbGciOiJIUzI1NiIsInR5cCI6IkpXVCJ9.eyJpZF91c3VhcmlvIjo3LCJ1c3VhcmlvIjoidmFsaWRhZG9yIiwiaWRfdGlwb3VzdWFyaW8iOjIsInNlc3Npb25faWQiOiI3N2NlZGNmZi1lMjdiLTQ5ZjMtOTU5Ny05N2UzN2VhMWNmYjEiLCJpYXQiOjE3ODU4ODY1NjIsImV4cCI6MTc4NTkxNTM2Mn0.ZrIUdXz3qlJM0BKfWUvDa-4psO3CNfYiJwha4rBKYAI 200 - 4ms","timestamp":"2026-08-04 17:51:37"}
{"level":"info","message":"GET /api/catalogos/alcaldias 304 - 3ms","timestamp":"2026-08-04 17:51:59"}
{"level":"info","message":"GET /api/catalogos/te-enteraste 304 - 2ms","timestamp":"2026-08-04 17:51:59"}
{"level":"info","message":"GET /api/participante/mi-registro 304 - 9ms","timestamp":"2026-08-04 17:51:59"}
{"level":"info","message":"GET /api/documentos/Alejandro_Montiel_Garcia_Misterios_de_alejandro_2026-08-04.pdf?token=eyJhbGciOiJIUzI1NiIsInR5cCI6IkpXVCJ9.eyJpZF91c3VhcmlvIjoxMSwidXN1YXJpbyI6ImFsZWphbmRybyIsImlkX3RpcG91c3VhcmlvIjoxLCJzZXNzaW9uX2lkIjoiODE3OTQ4NDYtZmUzMy00OTU1LTlkNzctNGUxZTYzNDBjMTE4IiwiaWF0IjoxNzg1ODg2NDg0LCJleHAiOjE3ODU5MTUyODR9.4KS0DUyU_jEBnM0Eb_Oin3Z7h6paWNcE5SoTSlq3Ip4 304 - 4ms","timestamp":"2026-08-04 17:52:02"}
{"level":"info","message":"GET /api/documentos/descargar-acuse 400 - 4ms","timestamp":"2026-08-04 17:52:15"}
{"level":"info","message":"GET /api/catalogos/te-enteraste 304 - 2ms","timestamp":"2026-08-04 17:53:22"}
{"level":"info","message":"GET /api/catalogos/alcaldias 304 - 2ms","timestamp":"2026-08-04 17:53:22"}
{"level":"info","message":"GET /api/participante/mi-registro 304 - 7ms","timestamp":"2026-08-04 17:53:22"}
{"level":"info","message":"GET /api/participante/requisitos-archivos 404 - 3ms","timestamp":"2026-08-04 17:53:22"}
{"level":"info","message":"[SOCKET] Conexión establecida: alejandro (Alejandro Montiel Garcia) [ID: GBalz-O3uMPTFgUhAAAB]","timestamp":"2026-08-04 17:53:33"}
{"level":"info","message":"[SOCKET] Conexión establecida: validador (Validador Valdes IECM) [ID: MZrXvO8NhFBqPkE9AAAD]","timestamp":"2026-08-04 17:53:33"}
{"level":"info","message":"[SOCKET] Conexión cerrada: alejandro [ID: GBalz-O3uMPTFgUhAAAB]","timestamp":"2026-08-04 17:53:36"}
{"level":"info","message":"GET /api/catalogos/tema 200 - 8ms","timestamp":"2026-08-04 17:53:36"}
{"level":"info","message":"GET /api/catalogos/tema 200 - 4ms","timestamp":"2026-08-04 17:53:36"}
{"level":"info","message":"GET /api/catalogos/te-enteraste 200 - 8ms","timestamp":"2026-08-04 17:53:36"}
{"level":"info","message":"GET /api/catalogos/alcaldias 200 - 12ms","timestamp":"2026-08-04 17:53:37"}
{"level":"info","message":"GET /api/catalogos/convocatoria-activa 200 - 22ms","timestamp":"2026-08-04 17:53:37"}
{"level":"info","message":"GET /api/notificaciones 200 - 32ms","timestamp":"2026-08-04 17:53:37"}
{"level":"info","message":"[SOCKET] Conexión establecida: alejandro (Alejandro Montiel Garcia) [ID: amkKeJ02OrIXbk80AAAH]","timestamp":"2026-08-04 17:53:37"}
{"level":"info","message":"GET /api/catalogos/categorias 200 - 29ms","timestamp":"2026-08-04 17:53:37"}
{"level":"info","message":"GET /api/notificaciones 200 - 29ms","timestamp":"2026-08-04 17:53:37"}
{"level":"info","message":"GET /api/participante/mi-registro 200 - 11ms","timestamp":"2026-08-04 17:53:37"}
{"level":"info","message":"GET /api/participante/requisitos-archivos 404 - 6ms","timestamp":"2026-08-04 17:53:37"}
{"level":"info","message":"[SOCKET] Conexión cerrada: alejandro [ID: amkKeJ02OrIXbk80AAAH]","timestamp":"2026-08-04 17:53:39"}
{"level":"info","message":"GET /api/catalogos/tema 200 - 4ms","timestamp":"2026-08-04 17:53:39"}
{"level":"info","message":"GET /api/notificaciones 200 - 10ms","timestamp":"2026-08-04 17:53:39"}
{"level":"info","message":"GET /api/catalogos/alcaldias 200 - 6ms","timestamp":"2026-08-04 17:53:39"}
{"level":"info","message":"GET /api/catalogos/convocatoria-activa 200 - 9ms","timestamp":"2026-08-04 17:53:39"}
{"level":"info","message":"GET /api/catalogos/te-enteraste 200 - 10ms","timestamp":"2026-08-04 17:53:39"}
{"level":"info","message":"GET /api/notificaciones 200 - 13ms","timestamp":"2026-08-04 17:53:39"}
{"level":"info","message":"GET /api/catalogos/categorias 200 - 14ms","timestamp":"2026-08-04 17:53:39"}
{"level":"info","message":"GET /api/catalogos/tema 200 - 5ms","timestamp":"2026-08-04 17:53:39"}
{"level":"info","message":"[SOCKET] Conexión establecida: alejandro (Alejandro Montiel Garcia) [ID: d8tWWPe5baV9jX4BAAAL]","timestamp":"2026-08-04 17:53:39"}
{"level":"info","message":"GET /api/participante/mi-registro 200 - 9ms","timestamp":"2026-08-04 17:53:39"}
{"level":"info","message":"GET /api/participante/requisitos-archivos 404 - 4ms","timestamp":"2026-08-04 17:53:39"}
{"level":"info","message":"[SOCKET] Conexión cerrada: alejandro [ID: d8tWWPe5baV9jX4BAAAL]","timestamp":"2026-08-04 17:53:43"}
{"level":"info","message":"GET /api/catalogos/tema 200 - 4ms","timestamp":"2026-08-04 17:53:43"}
{"level":"info","message":"GET /api/catalogos/tema 200 - 6ms","timestamp":"2026-08-04 17:53:43"}
{"level":"info","message":"GET /api/notificaciones 200 - 11ms","timestamp":"2026-08-04 17:53:43"}
{"level":"info","message":"GET /api/notificaciones 200 - 12ms","timestamp":"2026-08-04 17:53:43"}
{"level":"info","message":"GET /api/catalogos/alcaldias 200 - 10ms","timestamp":"2026-08-04 17:53:43"}
{"level":"info","message":"GET /api/catalogos/te-enteraste 200 - 10ms","timestamp":"2026-08-04 17:53:43"}
{"level":"info","message":"GET /api/catalogos/convocatoria-activa 200 - 5ms","timestamp":"2026-08-04 17:53:43"}
{"level":"info","message":"[SOCKET] Conexión establecida: alejandro (Alejandro Montiel Garcia) [ID: 2DxZI1ZBAesPzI5wAAAP]","timestamp":"2026-08-04 17:53:43"}
{"level":"info","message":"GET /api/catalogos/categorias 200 - 11ms","timestamp":"2026-08-04 17:53:43"}
{"level":"info","message":"GET /api/participante/mi-registro 200 - 10ms","timestamp":"2026-08-04 17:53:43"}
{"level":"info","message":"GET /api/participante/requisitos-archivos 404 - 4ms","timestamp":"2026-08-04 17:53:43"}
{"level":"info","message":"GET /api/documentos/Alejandro_Montiel_Garcia_Misterios_de_alejandro_2026-08-04.pdf?token=eyJhbGciOiJIUzI1NiIsInR5cCI6IkpXVCJ9.eyJpZF91c3VhcmlvIjoxMSwidXN1YXJpbyI6ImFsZWphbmRybyIsImlkX3RpcG91c3VhcmlvIjoxLCJzZXNzaW9uX2lkIjoiODE3OTQ4NDYtZmUzMy00OTU1LTlkNzctNGUxZTYzNDBjMTE4IiwiaWF0IjoxNzg1ODg2NDg0LCJleHAiOjE3ODU5MTUyODR9.4KS0DUyU_jEBnM0Eb_Oin3Z7h6paWNcE5SoTSlq3Ip4 304 - 4ms","timestamp":"2026-08-04 17:53:45"}
{"level":"info","message":"GET /api/catalogos/tema 304 - 3ms","timestamp":"2026-08-04 17:53:50"}
{"level":"info","message":"GET /api/catalogos/convocatoria-activa 304 - 6ms","timestamp":"2026-08-04 17:53:50"}
{"level":"info","message":"GET /api/catalogos/te-enteraste 304 - 6ms","timestamp":"2026-08-04 17:53:50"}
{"level":"info","message":"GET /api/catalogos/alcaldias 304 - 7ms","timestamp":"2026-08-04 17:53:50"}
{"level":"info","message":"GET /api/catalogos/manifestaciones 304 - 7ms","timestamp":"2026-08-04 17:53:50"}
{"level":"info","message":"GET /api/catalogos/categorias 304 - 10ms","timestamp":"2026-08-04 17:53:50"}
{"level":"info","message":"GET /api/participante/mi-registro 304 - 7ms","timestamp":"2026-08-04 17:53:50"}
{"level":"info","message":"GET /api/catalogos/requisitos-archivos 304 - 3ms","timestamp":"2026-08-04 17:53:50"}
{"level":"info","message":"GET /api/participante/mis-archivos 304 - 5ms","timestamp":"2026-08-04 17:53:50"}
{"level":"info","message":"GET /api/documentos/Alejandro_Montiel_Garcia_Misterios_de_alejandro_2026-08-04.pdf?token=eyJhbGciOiJIUzI1NiIsInR5cCI6IkpXVCJ9.eyJpZF91c3VhcmlvIjoxMSwidXN1YXJpbyI6ImFsZWphbmRybyIsImlkX3RpcG91c3VhcmlvIjoxLCJzZXNzaW9uX2lkIjoiODE3OTQ4NDYtZmUzMy00OTU1LTlkNzctNGUxZTYzNDBjMTE4IiwiaWF0IjoxNzg1ODg2NDg0LCJleHAiOjE3ODU5MTUyODR9.4KS0DUyU_jEBnM0Eb_Oin3Z7h6paWNcE5SoTSlq3Ip4 304 - 4ms","timestamp":"2026-08-04 17:53:51"}
{"level":"info","message":"GET /api/documentos/Alejandro_Montiel_Garcia_Misterios_de_alejandro_2026-08-04.pdf?token=eyJhbGciOiJIUzI1NiIsInR5cCI6IkpXVCJ9.eyJpZF91c3VhcmlvIjoxMSwidXN1YXJpbyI6ImFsZWphbmRybyIsImlkX3RpcG91c3VhcmlvIjoxLCJzZXNzaW9uX2lkIjoiODE3OTQ4NDYtZmUzMy00OTU1LTlkNzctNGUxZTYzNDBjMTE4IiwiaWF0IjoxNzg1ODg2NDg0LCJleHAiOjE3ODU5MTUyODR9.4KS0DUyU_jEBnM0Eb_Oin3Z7h6paWNcE5SoTSlq3Ip4 304 - 4ms","timestamp":"2026-08-04 17:53:56"}
{"level":"info","message":"POST /api/admin/validar/7 200 - 80ms","timestamp":"2026-08-04 17:54:11"}
{"level":"info","message":"GET /api/admin/participantes 200 - 15ms","timestamp":"2026-08-04 17:54:11"}
{"level":"info","message":"[SOCKET] Conexión cerrada: alejandro [ID: 2DxZI1ZBAesPzI5wAAAP]","timestamp":"2026-08-04 17:54:15"}
{"level":"info","message":"GET /api/catalogos/tema 304 - 4ms","timestamp":"2026-08-04 17:54:15"}
{"level":"info","message":"GET /api/notificaciones 200 - 10ms","timestamp":"2026-08-04 17:54:15"}
{"level":"info","message":"GET /api/catalogos/convocatoria-activa 304 - 6ms","timestamp":"2026-08-04 17:54:15"}
{"level":"info","message":"GET /api/catalogos/te-enteraste 304 - 7ms","timestamp":"2026-08-04 17:54:15"}
{"level":"info","message":"GET /api/catalogos/categorias 304 - 15ms","timestamp":"2026-08-04 17:54:15"}
{"level":"info","message":"GET /api/catalogos/alcaldias 304 - 6ms","timestamp":"2026-08-04 17:54:15"}
{"level":"info","message":"GET /api/catalogos/manifestaciones 304 - 10ms","timestamp":"2026-08-04 17:54:15"}
{"level":"info","message":"GET /api/catalogos/tema 304 - 8ms","timestamp":"2026-08-04 17:54:15"}
{"level":"info","message":"GET /api/notificaciones 304 - 11ms","timestamp":"2026-08-04 17:54:15"}
{"level":"info","message":"GET /api/catalogos/convocatoria-activa 304 - 8ms","timestamp":"2026-08-04 17:54:15"}
{"level":"info","message":"[SOCKET] Conexión establecida: alejandro (Alejandro Montiel Garcia) [ID: Inkochvi0XM-UmpVAAAT]","timestamp":"2026-08-04 17:54:15"}
{"level":"info","message":"GET /api/catalogos/categorias 304 - 11ms","timestamp":"2026-08-04 17:54:15"}
{"level":"info","message":"GET /api/catalogos/tema 304 - 3ms","timestamp":"2026-08-04 17:54:15"}
{"level":"info","message":"GET /api/participante/mi-registro 200 - 13ms","timestamp":"2026-08-04 17:54:15"}
{"level":"info","message":"GET /api/catalogos/requisitos-archivos 304 - 3ms","timestamp":"2026-08-04 17:54:15"}
{"level":"info","message":"GET /api/participante/mis-archivos 304 - 7ms","timestamp":"2026-08-04 17:54:15"}
{"level":"info","message":"GET /api/notificaciones 304 - 5ms","timestamp":"2026-08-04 17:54:18"}
{"level":"info","message":"POST /api/notificaciones/marcar-leida 200 - 11ms","timestamp":"2026-08-04 17:54:35"}
{"level":"info","message":"GET /api/documentos/Alejandro_Montiel_Garcia_Misterios_de_alejandro_2026-08-04.pdf?token=eyJhbGciOiJIUzI1NiIsInR5cCI6IkpXVCJ9.eyJpZF91c3VhcmlvIjoxMSwidXN1YXJpbyI6ImFsZWphbmRybyIsImlkX3RpcG91c3VhcmlvIjoxLCJzZXNzaW9uX2lkIjoiODE3OTQ4NDYtZmUzMy00OTU1LTlkNzctNGUxZTYzNDBjMTE4IiwiaWF0IjoxNzg1ODg2NDg0LCJleHAiOjE3ODU5MTUyODR9.4KS0DUyU_jEBnM0Eb_Oin3Z7h6paWNcE5SoTSlq3Ip4 304 - 5ms","timestamp":"2026-08-04 17:54:38"}
{"level":"info","message":"GET /api/catalogos/te-enteraste 304 - 3ms","timestamp":"2026-08-04 17:54:47"}
{"level":"info","message":"GET /api/catalogos/alcaldias 304 - 3ms","timestamp":"2026-08-04 17:54:47"}
{"level":"info","message":"GET /api/participante/mi-registro 304 - 11ms","timestamp":"2026-08-04 17:54:47"}
{"level":"info","message":"GET /api/participante/requisitos-archivos 404 - 4ms","timestamp":"2026-08-04 17:54:47"}
{"level":"info","message":"GET /api/documentos/Alejandro_Montiel_Garcia_Misterios_de_alejandro_2026-08-04.pdf?token=eyJhbGciOiJIUzI1NiIsInR5cCI6IkpXVCJ9.eyJpZF91c3VhcmlvIjoxMSwidXN1YXJpbyI6ImFsZWphbmRybyIsImlkX3RpcG91c3VhcmlvIjoxLCJzZXNzaW9uX2lkIjoiODE3OTQ4NDYtZmUzMy00OTU1LTlkNzctNGUxZTYzNDBjMTE4IiwiaWF0IjoxNzg1ODg2NDg0LCJleHAiOjE3ODU5MTUyODR9.4KS0DUyU_jEBnM0Eb_Oin3Z7h6paWNcE5SoTSlq3Ip4 304 - 6ms","timestamp":"2026-08-04 17:54:49"}
{"level":"info","message":"[SOCKET] Forzando cierre de conexión para usuario ID: 11","timestamp":"2026-08-04 17:55:13"}
{"level":"info","message":"[SOCKET] Conexión cerrada: alejandro [ID: Inkochvi0XM-UmpVAAAT]","timestamp":"2026-08-04 17:55:13"}
{"level":"info","message":"POST /api/auth/logout 200 - 24ms","timestamp":"2026-08-04 17:55:13"}
{"level":"info","message":"GET /api/catalogos/convocatoria-activa 304 - 2ms","timestamp":"2026-08-04 17:55:13"}
{"level":"info","message":"GET /api/catalogos/categorias 304 - 6ms","timestamp":"2026-08-04 17:55:13"}
{"level":"info","message":"GET /api/catalogos/categorias 304 - 3ms","timestamp":"2026-08-04 17:55:13"}
{"level":"info","message":"POST /api/auth/login 200 - 92ms","timestamp":"2026-08-04 17:55:23"}
{"level":"info","message":"[SOCKET] Conexión establecida: juez1 (Juez de Ensayo Jurado IECM) [ID: Q4zzowj6u4XKIB-0AAAV]","timestamp":"2026-08-04 17:55:23"}
{"level":"info","message":"[SOCKET] Conexión cerrada: juez1 [ID: Q4zzowj6u4XKIB-0AAAV]","timestamp":"2026-08-04 17:55:25"}
{"level":"info","message":"GET /api/notificaciones 200 - 8ms","timestamp":"2026-08-04 17:55:25"}
{"level":"info","message":"GET /api/catalogos/convocatoria-activa 304 - 5ms","timestamp":"2026-08-04 17:55:25"}
{"level":"info","message":"GET /api/catalogos/tema 304 - 9ms","timestamp":"2026-08-04 17:55:25"}
{"level":"info","message":"[SOCKET] Conexión establecida: juez1 (Juez de Ensayo Jurado IECM) [ID: CpECv9hFgvVIG2jsAAAY]","timestamp":"2026-08-04 17:55:25"}
{"level":"info","message":"GET /api/catalogos/categorias 304 - 21ms","timestamp":"2026-08-04 17:55:25"}
{"level":"info","message":"GET /api/notificaciones 304 - 16ms","timestamp":"2026-08-04 17:55:25"}
{"level":"info","message":"GET /api/juez/ensayos 200 - 32ms","timestamp":"2026-08-04 17:55:25"}
{"level":"info","message":"GET /api/documentos/6d6d7577-e396-45a6-81d4-3cea410c4434.pdf?token=eyJhbGciOiJIUzI1NiIsInR5cCI6IkpXVCJ9.eyJpZF91c3VhcmlvIjo4LCJ1c3VhcmlvIjoianVlejEiLCJpZF90aXBvdXN1YXJpbyI6Mywic2Vzc2lvbl9pZCI6IjA2MzBhZjVjLTM5NDUtNDg0ZC05ZWVlLTYyZDFmOWQ0ZjIxNCIsImlhdCI6MTc4NTg4NzcyMywiZXhwIjoxNzg1OTE2NTIzfQ.dOSGcjPTeb46DM8RU41p_MBE70mthZHPq2pDiIyaGYI 200 - 5ms","timestamp":"2026-08-04 17:55:30"}
{"level":"info","message":"POST /api/juez/calificar 200 - 33ms","timestamp":"2026-08-04 17:55:43"}
{"level":"info","message":"GET /api/juez/ensayos 200 - 13ms","timestamp":"2026-08-04 17:55:43"}
{"level":"info","message":"GET /api/juez/ensayos 304 - 7ms","timestamp":"2026-08-04 17:56:02"}
{"level":"info","message":"[SOCKET] Forzando cierre de conexión para usuario ID: 8","timestamp":"2026-08-04 17:56:11"}
{"level":"info","message":"[SOCKET] Conexión cerrada: juez1 [ID: CpECv9hFgvVIG2jsAAAY]","timestamp":"2026-08-04 17:56:11"}
{"level":"info","message":"POST /api/auth/logout 200 - 13ms","timestamp":"2026-08-04 17:56:11"}
{"level":"info","message":"GET /api/catalogos/convocatoria-activa 304 - 2ms","timestamp":"2026-08-04 17:56:12"}
{"level":"info","message":"GET /api/catalogos/categorias 304 - 3ms","timestamp":"2026-08-04 17:56:12"}
{"level":"info","message":"GET /api/catalogos/categorias 304 - 8ms","timestamp":"2026-08-04 17:56:12"}
{"level":"info","message":"POST /api/auth/login 200 - 74ms","timestamp":"2026-08-04 17:56:17"}
{"level":"info","message":"[SOCKET] Conexión establecida: superadmin (Superadmin Sistema IECM) [ID: 33OE_lB_0HUed1bhAAAa]","timestamp":"2026-08-04 17:56:17"}
{"level":"info","message":"[SOCKET] Conexión cerrada: superadmin [ID: 33OE_lB_0HUed1bhAAAa]","timestamp":"2026-08-04 17:56:19"}
{"level":"info","message":"GET /api/catalogos/convocatoria-activa 304 - 6ms","timestamp":"2026-08-04 17:56:19"}
{"level":"info","message":"GET /api/notificaciones 304 - 14ms","timestamp":"2026-08-04 17:56:19"}
{"level":"info","message":"GET /api/catalogos/tema 304 - 12ms","timestamp":"2026-08-04 17:56:19"}
{"level":"info","message":"[SOCKET] Conexión establecida: superadmin (Superadmin Sistema IECM) [ID: bXLlla9hSX13YoThAAAd]","timestamp":"2026-08-04 17:56:19"}
{"level":"info","message":"GET /api/catalogos/categorias 304 - 23ms","timestamp":"2026-08-04 17:56:19"}
{"level":"info","message":"GET /api/superadmin/usuarios 200 - 33ms","timestamp":"2026-08-04 17:56:19"}
{"level":"info","message":"GET /api/notificaciones 304 - 6ms","timestamp":"2026-08-04 17:56:19"}
{"level":"info","message":"GET /api/superadmin/usuarios 304 - 7ms","timestamp":"2026-08-04 17:56:23"}
{"level":"info","message":"GET /api/superadmin/convocatorias 304 - 5ms","timestamp":"2026-08-04 17:56:23"}
{"level":"info","message":"GET /api/superadmin/categorias/1 304 - 7ms","timestamp":"2026-08-04 17:56:23"}
{"level":"info","message":"GET /api/superadmin/requisitos-archivos/1 304 - 7ms","timestamp":"2026-08-04 17:56:23"}
{"level":"info","message":"POST /api/superadmin/convocatorias 200 - 33ms","timestamp":"2026-08-04 17:56:30"}
{"level":"info","message":"GET /api/catalogos/convocatoria-activa 200 - 3ms","timestamp":"2026-08-04 17:56:30"}
{"level":"info","message":"GET /api/catalogos/categorias 304 - 10ms","timestamp":"2026-08-04 17:56:30"}
{"level":"info","message":"GET /api/superadmin/convocatorias 200 - 5ms","timestamp":"2026-08-04 17:56:30"}
{"level":"info","message":"GET /api/superadmin/categorias/1 304 - 7ms","timestamp":"2026-08-04 17:56:30"}
{"level":"info","message":"GET /api/superadmin/requisitos-archivos/1 304 - 5ms","timestamp":"2026-08-04 17:56:30"}
{"level":"info","message":"GET /api/superadmin/usuarios 304 - 8ms","timestamp":"2026-08-04 17:56:36"}
{"level":"info","message":"GET /api/superadmin/usuarios 304 - 9ms","timestamp":"2026-08-04 17:56:40"}
{"level":"info","message":"GET /api/superadmin/usuarios 304 - 7ms","timestamp":"2026-08-04 17:56:44"}
{"level":"info","message":"[SOCKET] Conexión cerrada: validador [ID: MZrXvO8NhFBqPkE9AAAD]","timestamp":"2026-08-04 17:56:46"}
{"level":"info","message":"GET /api/catalogos/tema 304 - 3ms","timestamp":"2026-08-04 17:56:46"}
{"level":"info","message":"GET /api/catalogos/convocatoria-activa 200 - 8ms","timestamp":"2026-08-04 17:56:46"}
{"level":"info","message":"GET /api/notificaciones 304 - 14ms","timestamp":"2026-08-04 17:56:46"}
{"level":"info","message":"GET /api/catalogos/tema 304 - 6ms","timestamp":"2026-08-04 17:56:46"}
{"level":"info","message":"GET /api/catalogos/categorias 304 - 13ms","timestamp":"2026-08-04 17:56:46"}
{"level":"info","message":"GET /api/admin/participantes 200 - 27ms","timestamp":"2026-08-04 17:56:46"}
{"level":"info","message":"GET /api/notificaciones 304 - 15ms","timestamp":"2026-08-04 17:56:46"}
{"level":"info","message":"[SOCKET] Conexión establecida: validador (Validador Valdes IECM) [ID: 91YB1yQg1qqKvUfiAAAh]","timestamp":"2026-08-04 17:56:46"}
{"level":"info","message":"[SOCKET] Conexión cerrada: validador [ID: 91YB1yQg1qqKvUfiAAAh]","timestamp":"2026-08-04 17:56:46"}
{"level":"info","message":"GET /api/catalogos/tema 304 - 4ms","timestamp":"2026-08-04 17:56:46"}
{"level":"info","message":"GET /api/catalogos/convocatoria-activa 304 - 6ms","timestamp":"2026-08-04 17:56:46"}
{"level":"info","message":"GET /api/catalogos/tema 304 - 6ms","timestamp":"2026-08-04 17:56:46"}
{"level":"info","message":"GET /api/notificaciones 304 - 11ms","timestamp":"2026-08-04 17:56:46"}
{"level":"info","message":"GET /api/catalogos/categorias 304 - 10ms","timestamp":"2026-08-04 17:56:46"}
{"level":"info","message":"[SOCKET] Conexión establecida: validador (Validador Valdes IECM) [ID: eLm5qm24sxB0k7qOAAAl]","timestamp":"2026-08-04 17:56:46"}
{"level":"info","message":"GET /api/notificaciones 304 - 10ms","timestamp":"2026-08-04 17:56:46"}
{"level":"info","message":"GET /api/admin/participantes 304 - 36ms","timestamp":"2026-08-04 17:56:46"}
{"level":"info","message":"GET /api/superadmin/usuarios 304 - 8ms","timestamp":"2026-08-04 17:56:48"}
{"level":"info","message":"GET /api/superadmin/usuarios 304 - 10ms","timestamp":"2026-08-04 17:56:52"}
{"level":"info","message":"GET /api/superadmin/usuarios 304 - 14ms","timestamp":"2026-08-04 17:56:56"}
{"level":"info","message":"GET /api/superadmin/usuarios 304 - 12ms","timestamp":"2026-08-04 17:57:00"}
{"level":"info","message":"GET /api/superadmin/usuarios 304 - 10ms","timestamp":"2026-08-04 17:57:04"}
{"level":"info","message":"GET /api/superadmin/usuarios 304 - 12ms","timestamp":"2026-08-04 17:57:08"}
{"level":"info","message":"GET /api/superadmin/usuarios 304 - 12ms","timestamp":"2026-08-04 17:57:12"}
{"level":"info","message":"GET /api/superadmin/usuarios 304 - 5ms","timestamp":"2026-08-04 17:57:16"}
{"level":"info","message":"GET /api/superadmin/usuarios 304 - 11ms","timestamp":"2026-08-04 17:57:20"}
{"level":"info","message":"GET /api/superadmin/usuarios 304 - 9ms","timestamp":"2026-08-04 17:57:24"}
{"level":"info","message":"GET /api/superadmin/usuarios 304 - 11ms","timestamp":"2026-08-04 17:57:28"}
{"level":"info","message":"GET /api/superadmin/usuarios 304 - 11ms","timestamp":"2026-08-04 17:57:32"}
{"level":"info","message":"GET /api/superadmin/usuarios 304 - 10ms","timestamp":"2026-08-04 17:57:36"}
{"level":"info","message":"GET /api/superadmin/usuarios 304 - 12ms","timestamp":"2026-08-04 17:57:40"}
{"level":"info","message":"GET /api/superadmin/usuarios 304 - 11ms","timestamp":"2026-08-04 17:57:44"}
{"level":"info","message":"GET /api/superadmin/usuarios 304 - 10ms","timestamp":"2026-08-04 17:57:48"}
{"level":"info","message":"GET /api/superadmin/usuarios 304 - 7ms","timestamp":"2026-08-04 17:58:12"}
{"level":"info","message":"GET /api/superadmin/usuarios 304 - 6ms","timestamp":"2026-08-04 17:59:12"}
{"level":"info","message":"GET /api/superadmin/usuarios 304 - 8ms","timestamp":"2026-08-04 18:00:12"}
{"level":"info","message":"GET /api/superadmin/usuarios 304 - 10ms","timestamp":"2026-08-04 18:01:12"}
{"level":"info","message":"GET /api/superadmin/usuarios 304 - 6ms","timestamp":"2026-08-04 18:02:12"}
{"level":"info","message":"GET /api/superadmin/usuarios 304 - 7ms","timestamp":"2026-08-04 18:03:12"}
{"level":"info","message":"GET /api/superadmin/usuarios 304 - 7ms","timestamp":"2026-08-04 18:04:12"}
{"level":"info","message":"GET /api/superadmin/usuarios 304 - 7ms","timestamp":"2026-08-04 18:05:12"}
{"level":"info","message":"GET /api/superadmin/usuarios 304 - 10ms","timestamp":"2026-08-04 18:06:12"}
{"level":"info","message":"GET /api/superadmin/usuarios 304 - 6ms","timestamp":"2026-08-04 18:07:12"}
{"level":"info","message":"GET /api/superadmin/usuarios 304 - 6ms","timestamp":"2026-08-04 18:08:12"}
{"level":"info","message":"GET /api/superadmin/usuarios 304 - 9ms","timestamp":"2026-08-04 18:09:12"}
{"level":"info","message":"GET /api/superadmin/usuarios 304 - 7ms","timestamp":"2026-08-04 18:10:12"}
{"level":"info","message":"GET /api/superadmin/usuarios 304 - 7ms","timestamp":"2026-08-04 18:11:12"}
{"level":"info","message":"GET /api/superadmin/usuarios 304 - 9ms","timestamp":"2026-08-04 18:12:12"}
{"level":"info","message":"GET /api/superadmin/usuarios 304 - 6ms","timestamp":"2026-08-04 18:13:12"}
{"level":"info","message":"GET /api/superadmin/usuarios 304 - 6ms","timestamp":"2026-08-04 18:14:12"}
{"level":"info","message":"GET /api/superadmin/usuarios 304 - 8ms","timestamp":"2026-08-04 18:15:12"}
{"level":"info","message":"GET /api/superadmin/usuarios 304 - 7ms","timestamp":"2026-08-04 18:16:12"}
{"level":"info","message":"GET /api/superadmin/usuarios 304 - 9ms","timestamp":"2026-08-04 18:17:12"}
{"level":"info","message":"GET /api/superadmin/usuarios 304 - 7ms","timestamp":"2026-08-04 18:18:12"}
{"level":"info","message":"GET /api/superadmin/usuarios 304 - 6ms","timestamp":"2026-08-04 18:19:12"}
{"level":"info","message":"GET /api/superadmin/usuarios 304 - 6ms","timestamp":"2026-08-04 18:20:12"}
{"level":"info","message":"GET /api/superadmin/usuarios 304 - 7ms","timestamp":"2026-08-04 18:21:12"}
{"level":"info","message":"GET /api/superadmin/usuarios 304 - 7ms","timestamp":"2026-08-04 18:22:12"}
{"level":"info","message":"GET /api/superadmin/usuarios 304 - 7ms","timestamp":"2026-08-04 18:23:12"}
{"level":"info","message":"GET /api/superadmin/usuarios 304 - 6ms","timestamp":"2026-08-04 18:24:12"}
{"level":"info","message":"GET /api/superadmin/usuarios 304 - 6ms","timestamp":"2026-08-04 18:25:12"}
{"level":"info","message":"GET /api/superadmin/usuarios 304 - 6ms","timestamp":"2026-08-04 18:26:12"}
{"level":"info","message":"GET /api/superadmin/usuarios 304 - 6ms","timestamp":"2026-08-04 18:27:12"}
{"level":"info","message":"GET /api/superadmin/usuarios 304 - 6ms","timestamp":"2026-08-04 18:28:12"}
{"level":"info","message":"GET /api/superadmin/usuarios 304 - 8ms","timestamp":"2026-08-04 18:29:12"}
{"level":"info","message":"GET /api/superadmin/usuarios 304 - 8ms","timestamp":"2026-08-04 18:30:12"}
{"level":"info","message":"GET /api/superadmin/usuarios 304 - 7ms","timestamp":"2026-08-04 18:31:12"}
{"level":"info","message":"GET /api/superadmin/usuarios 304 - 6ms","timestamp":"2026-08-04 18:32:12"}
{"level":"info","message":"GET /api/superadmin/usuarios 304 - 5ms","timestamp":"2026-08-04 18:33:12"}
{"level":"info","message":"GET /api/superadmin/usuarios 304 - 8ms","timestamp":"2026-08-04 18:34:12"}
{"level":"info","message":"GET /api/superadmin/usuarios 304 - 8ms","timestamp":"2026-08-04 18:35:12"}
{"level":"info","message":"GET /api/superadmin/usuarios 304 - 8ms","timestamp":"2026-08-04 18:36:12"}
{"level":"info","message":"GET /api/superadmin/usuarios 304 - 5ms","timestamp":"2026-08-04 18:37:12"}
{"level":"info","message":"GET /api/superadmin/usuarios 304 - 6ms","timestamp":"2026-08-04 18:38:12"}
{"level":"info","message":"GET /api/superadmin/usuarios 304 - 7ms","timestamp":"2026-08-04 18:39:12"}
{"level":"info","message":"GET /api/superadmin/usuarios 304 - 6ms","timestamp":"2026-08-04 18:40:12"}
{"level":"info","message":"GET /api/superadmin/usuarios 304 - 7ms","timestamp":"2026-08-04 18:41:12"}
{"level":"info","message":"GET /api/superadmin/usuarios 304 - 7ms","timestamp":"2026-08-04 18:42:12"}
{"level":"info","message":"GET /api/superadmin/usuarios 304 - 6ms","timestamp":"2026-08-04 18:43:12"}
{"level":"info","message":"GET /api/superadmin/usuarios 304 - 7ms","timestamp":"2026-08-04 18:44:12"}
{"level":"info","message":"GET /api/superadmin/usuarios 304 - 7ms","timestamp":"2026-08-04 18:45:12"}
{"level":"info","message":"GET /api/superadmin/usuarios 304 - 7ms","timestamp":"2026-08-04 18:46:12"}
{"level":"info","message":"GET /api/superadmin/usuarios 304 - 11ms","timestamp":"2026-08-04 18:47:12"}
{"level":"info","message":"GET /api/superadmin/usuarios 304 - 5ms","timestamp":"2026-08-04 18:48:12"}
{"level":"info","message":"GET /api/superadmin/usuarios 304 - 6ms","timestamp":"2026-08-04 18:49:12"}
{"level":"info","message":"GET /api/superadmin/usuarios 304 - 6ms","timestamp":"2026-08-04 18:50:12"}
{"level":"info","message":"GET /api/superadmin/usuarios 304 - 6ms","timestamp":"2026-08-04 18:51:12"}
{"level":"info","message":"GET /api/superadmin/usuarios 304 - 6ms","timestamp":"2026-08-04 18:52:12"}
{"level":"info","message":"GET /api/superadmin/usuarios 304 - 7ms","timestamp":"2026-08-04 18:53:12"}
{"level":"info","message":"GET /api/superadmin/usuarios 304 - 6ms","timestamp":"2026-08-04 18:54:12"}
{"level":"info","message":"GET /api/superadmin/usuarios 304 - 7ms","timestamp":"2026-08-04 18:55:12"}
{"level":"info","message":"GET /api/superadmin/usuarios 304 - 6ms","timestamp":"2026-08-04 18:56:12"}
{"level":"info","message":"GET /api/superadmin/usuarios 304 - 7ms","timestamp":"2026-08-04 18:57:12"}
{"level":"info","message":"GET /api/superadmin/usuarios 304 - 7ms","timestamp":"2026-08-04 18:58:12"}
{"level":"info","message":"GET /api/superadmin/usuarios 304 - 7ms","timestamp":"2026-08-04 18:59:12"}
{"level":"info","message":"GET /api/superadmin/usuarios 304 - 8ms","timestamp":"2026-08-04 19:00:12"}
{"level":"info","message":"GET /api/superadmin/usuarios 304 - 12ms","timestamp":"2026-08-04 19:01:12"}
{"level":"info","message":"GET /api/superadmin/usuarios 304 - 8ms","timestamp":"2026-08-04 19:02:12"}
{"level":"info","message":"GET /api/superadmin/usuarios 304 - 7ms","timestamp":"2026-08-04 19:03:12"}
{"level":"info","message":"GET /api/superadmin/usuarios 304 - 6ms","timestamp":"2026-08-04 19:04:12"}
{"level":"info","message":"GET /api/superadmin/usuarios 304 - 6ms","timestamp":"2026-08-04 19:05:12"}
{"level":"info","message":"GET /api/superadmin/usuarios 304 - 7ms","timestamp":"2026-08-04 19:06:12"}
{"level":"info","message":"GET /api/superadmin/usuarios 304 - 6ms","timestamp":"2026-08-04 19:07:12"}
{"level":"info","message":"GET /api/superadmin/usuarios 304 - 6ms","timestamp":"2026-08-04 19:08:12"}
{"level":"info","message":"GET /api/superadmin/usuarios 304 - 6ms","timestamp":"2026-08-04 19:09:12"}
{"level":"info","message":"GET /api/superadmin/usuarios 304 - 6ms","timestamp":"2026-08-04 19:10:12"}
{"level":"info","message":"GET /api/superadmin/usuarios 304 - 9ms","timestamp":"2026-08-04 19:11:12"}
{"level":"info","message":"GET /api/superadmin/usuarios 304 - 6ms","timestamp":"2026-08-04 19:12:12"}
{"level":"info","message":"GET /api/superadmin/usuarios 304 - 7ms","timestamp":"2026-08-04 19:13:12"}
{"level":"info","message":"GET /api/superadmin/usuarios 304 - 6ms","timestamp":"2026-08-04 19:14:12"}
{"level":"info","message":"GET /api/superadmin/usuarios 304 - 8ms","timestamp":"2026-08-04 19:15:12"}
{"level":"info","message":"GET /api/superadmin/usuarios 304 - 6ms","timestamp":"2026-08-04 19:16:12"}
{"level":"info","message":"GET /api/superadmin/usuarios 304 - 7ms","timestamp":"2026-08-04 19:17:12"}
{"level":"info","message":"GET /api/superadmin/usuarios 304 - 6ms","timestamp":"2026-08-04 19:18:12"}
{"level":"info","message":"GET /api/superadmin/usuarios 304 - 9ms","timestamp":"2026-08-04 19:19:12"}
{"level":"info","message":"GET /api/superadmin/usuarios 304 - 7ms","timestamp":"2026-08-04 19:20:12"}
{"level":"info","message":"GET /api/superadmin/usuarios 304 - 6ms","timestamp":"2026-08-04 19:21:12"}
{"level":"info","message":"GET /api/superadmin/usuarios 304 - 11ms","timestamp":"2026-08-04 19:22:12"}
{"level":"info","message":"GET /api/superadmin/usuarios 304 - 9ms","timestamp":"2026-08-04 19:23:13"}
{"level":"info","message":"GET /api/superadmin/usuarios 304 - 9ms","timestamp":"2026-08-04 19:24:13"}
{"level":"info","message":"GET /api/superadmin/usuarios 304 - 7ms","timestamp":"2026-08-04 19:25:12"}
{"level":"info","message":"GET /api/superadmin/usuarios 304 - 6ms","timestamp":"2026-08-04 19:26:13"}
{"level":"info","message":"GET /api/superadmin/usuarios 304 - 7ms","timestamp":"2026-08-04 19:27:13"}
{"level":"info","message":"GET /api/superadmin/usuarios 304 - 6ms","timestamp":"2026-08-04 19:28:13"}
{"level":"info","message":"GET /api/superadmin/usuarios 304 - 8ms","timestamp":"2026-08-04 19:29:13"}
{"level":"info","message":"GET /api/superadmin/usuarios 304 - 12ms","timestamp":"2026-08-04 19:30:13"}
{"level":"info","message":"GET /api/superadmin/usuarios 304 - 7ms","timestamp":"2026-08-04 19:31:12"}
{"level":"info","message":"GET /api/superadmin/usuarios 304 - 6ms","timestamp":"2026-08-04 19:32:12"}
{"level":"info","message":"GET /api/superadmin/usuarios 304 - 9ms","timestamp":"2026-08-04 19:33:13"}
{"level":"info","message":"GET /api/superadmin/usuarios 304 - 9ms","timestamp":"2026-08-04 19:34:13"}
{"level":"info","message":"GET /api/superadmin/usuarios 304 - 7ms","timestamp":"2026-08-04 19:35:13"}
{"level":"info","message":"GET /api/superadmin/usuarios 304 - 11ms","timestamp":"2026-08-04 19:36:13"}
{"level":"info","message":"GET /api/superadmin/usuarios 304 - 6ms","timestamp":"2026-08-04 19:37:13"}
{"level":"info","message":"GET /api/superadmin/usuarios 304 - 7ms","timestamp":"2026-08-04 19:38:13"}
{"level":"info","message":"GET /api/superadmin/usuarios 304 - 7ms","timestamp":"2026-08-04 19:39:13"}
{"level":"info","message":"GET /api/superadmin/usuarios 304 - 7ms","timestamp":"2026-08-04 19:40:13"}
{"level":"info","message":"GET /api/superadmin/usuarios 304 - 6ms","timestamp":"2026-08-04 19:41:13"}
{"level":"info","message":"GET /api/superadmin/usuarios 304 - 10ms","timestamp":"2026-08-04 19:42:13"}
{"level":"info","message":"GET /api/superadmin/usuarios 304 - 6ms","timestamp":"2026-08-04 19:43:13"}
{"level":"info","message":"GET /api/superadmin/usuarios 304 - 7ms","timestamp":"2026-08-04 19:44:13"}
{"level":"info","message":"GET /api/superadmin/usuarios 304 - 7ms","timestamp":"2026-08-04 19:45:13"}
{"level":"info","message":"GET /api/superadmin/usuarios 304 - 9ms","timestamp":"2026-08-04 19:46:13"}
{"level":"info","message":"GET /api/superadmin/usuarios 304 - 8ms","timestamp":"2026-08-04 19:47:13"}
{"level":"info","message":"GET /api/superadmin/usuarios 304 - 6ms","timestamp":"2026-08-04 19:48:13"}
{"level":"info","message":"GET /api/superadmin/usuarios 304 - 6ms","timestamp":"2026-08-04 19:49:13"}
{"level":"info","message":"GET /api/superadmin/usuarios 304 - 6ms","timestamp":"2026-08-04 19:50:13"}
{"level":"info","message":"GET /api/superadmin/usuarios 304 - 7ms","timestamp":"2026-08-04 19:51:13"}
{"level":"info","message":"GET /api/superadmin/usuarios 304 - 8ms","timestamp":"2026-08-04 19:52:13"}
{"level":"info","message":"GET /api/superadmin/usuarios 304 - 6ms","timestamp":"2026-08-04 19:53:13"}
{"level":"info","message":"GET /api/superadmin/usuarios 304 - 11ms","timestamp":"2026-08-04 19:54:13"}
{"level":"info","message":"GET /api/superadmin/usuarios 304 - 7ms","timestamp":"2026-08-04 19:55:13"}
{"level":"info","message":"GET /api/superadmin/usuarios 304 - 6ms","timestamp":"2026-08-04 19:56:13"}
{"level":"info","message":"GET /api/superadmin/usuarios 304 - 6ms","timestamp":"2026-08-04 19:57:13"}
{"level":"info","message":"GET /api/superadmin/usuarios 304 - 6ms","timestamp":"2026-08-04 19:58:13"}
{"level":"info","message":"GET /api/superadmin/usuarios 304 - 126ms","timestamp":"2026-08-04 19:59:13"}
{"level":"info","message":"GET /api/superadmin/usuarios 304 - 6ms","timestamp":"2026-08-04 20:00:13"}
{"level":"info","message":"GET /api/superadmin/usuarios 304 - 6ms","timestamp":"2026-08-04 20:01:13"}
{"level":"info","message":"GET /api/superadmin/usuarios 304 - 6ms","timestamp":"2026-08-04 20:02:13"}
{"level":"info","message":"GET /api/superadmin/usuarios 304 - 6ms","timestamp":"2026-08-04 20:03:13"}
{"level":"info","message":"GET /api/superadmin/usuarios 304 - 10ms","timestamp":"2026-08-04 20:04:13"}
{"level":"info","message":"GET /api/superadmin/usuarios 304 - 6ms","timestamp":"2026-08-04 20:05:13"}
{"level":"info","message":"GET /api/superadmin/usuarios 304 - 12ms","timestamp":"2026-08-04 20:06:13"}
{"level":"info","message":"GET /api/superadmin/usuarios 304 - 7ms","timestamp":"2026-08-04 20:07:13"}
{"level":"info","message":"GET /api/superadmin/usuarios 304 - 6ms","timestamp":"2026-08-04 20:08:13"}
{"level":"info","message":"GET /api/superadmin/usuarios 304 - 6ms","timestamp":"2026-08-04 20:09:13"}
{"level":"info","message":"GET /api/superadmin/usuarios 304 - 8ms","timestamp":"2026-08-04 20:10:13"}
{"level":"info","message":"GET /api/superadmin/usuarios 304 - 6ms","timestamp":"2026-08-04 20:11:13"}
{"level":"info","message":"GET /api/superadmin/usuarios 304 - 10ms","timestamp":"2026-08-04 20:12:13"}
{"level":"info","message":"GET /api/superadmin/usuarios 304 - 8ms","timestamp":"2026-08-04 20:13:13"}
{"level":"info","message":"GET /api/superadmin/usuarios 304 - 6ms","timestamp":"2026-08-04 20:14:13"}
{"level":"info","message":"GET /api/superadmin/usuarios 304 - 8ms","timestamp":"2026-08-04 20:15:13"}
{"level":"info","message":"GET /api/superadmin/usuarios 304 - 5ms","timestamp":"2026-08-04 20:16:13"}
{"level":"info","message":"GET /api/superadmin/usuarios 304 - 8ms","timestamp":"2026-08-04 20:17:13"}
{"level":"info","message":"GET /api/superadmin/usuarios 304 - 8ms","timestamp":"2026-08-04 20:18:13"}
{"level":"info","message":"GET /api/superadmin/usuarios 304 - 7ms","timestamp":"2026-08-04 20:19:13"}
{"level":"info","message":"GET /api/superadmin/usuarios 304 - 6ms","timestamp":"2026-08-04 20:20:13"}
{"level":"info","message":"GET /api/superadmin/usuarios 304 - 6ms","timestamp":"2026-08-04 20:21:13"}
{"level":"info","message":"GET /api/superadmin/usuarios 304 - 8ms","timestamp":"2026-08-04 20:22:13"}
{"level":"info","message":"GET /api/superadmin/usuarios 304 - 8ms","timestamp":"2026-08-04 20:23:13"}
{"level":"info","message":"GET /api/superadmin/usuarios 304 - 6ms","timestamp":"2026-08-04 20:24:13"}
{"level":"info","message":"GET /api/superadmin/usuarios 304 - 6ms","timestamp":"2026-08-04 20:25:13"}
{"level":"info","message":"GET /api/superadmin/usuarios 304 - 6ms","timestamp":"2026-08-04 20:26:13"}
{"level":"info","message":"GET /api/superadmin/usuarios 304 - 7ms","timestamp":"2026-08-04 20:27:13"}
{"level":"info","message":"GET /api/superadmin/usuarios 304 - 10ms","timestamp":"2026-08-04 20:28:13"}
{"level":"info","message":"GET /api/superadmin/usuarios 304 - 9ms","timestamp":"2026-08-04 20:29:13"}
{"level":"info","message":"GET /api/superadmin/usuarios 304 - 6ms","timestamp":"2026-08-04 20:30:13"}
{"level":"info","message":"GET /api/superadmin/usuarios 304 - 9ms","timestamp":"2026-08-04 20:31:13"}
{"level":"info","message":"GET /api/superadmin/usuarios 304 - 5ms","timestamp":"2026-08-04 20:32:13"}
{"level":"info","message":"GET /api/superadmin/usuarios 304 - 6ms","timestamp":"2026-08-04 20:33:13"}
{"level":"info","message":"GET /api/superadmin/usuarios 304 - 6ms","timestamp":"2026-08-04 20:34:13"}
{"level":"info","message":"GET /api/superadmin/usuarios 304 - 7ms","timestamp":"2026-08-04 20:35:13"}
{"level":"info","message":"GET /api/superadmin/usuarios 304 - 6ms","timestamp":"2026-08-04 20:36:13"}
{"level":"info","message":"GET /api/superadmin/usuarios 304 - 5ms","timestamp":"2026-08-04 20:37:13"}
{"level":"info","message":"GET /api/superadmin/usuarios 304 - 6ms","timestamp":"2026-08-04 20:38:13"}
{"level":"info","message":"GET /api/superadmin/usuarios 304 - 11ms","timestamp":"2026-08-04 20:39:13"}
{"level":"info","message":"GET /api/superadmin/usuarios 304 - 7ms","timestamp":"2026-08-04 20:40:13"}
{"level":"info","message":"GET /api/superadmin/usuarios 304 - 5ms","timestamp":"2026-08-04 20:41:13"}
{"level":"info","message":"GET /api/superadmin/usuarios 304 - 8ms","timestamp":"2026-08-04 20:42:13"}
{"level":"info","message":"GET /api/superadmin/usuarios 304 - 6ms","timestamp":"2026-08-04 20:43:13"}
{"level":"info","message":"GET /api/superadmin/usuarios 304 - 6ms","timestamp":"2026-08-04 20:44:13"}
{"level":"info","message":"GET /api/superadmin/usuarios 304 - 7ms","timestamp":"2026-08-04 20:45:13"}
{"level":"info","message":"GET /api/superadmin/usuarios 304 - 6ms","timestamp":"2026-08-04 20:46:13"}
{"level":"info","message":"GET /api/superadmin/usuarios 304 - 9ms","timestamp":"2026-08-04 20:47:13"}
{"level":"info","message":"GET /api/superadmin/usuarios 304 - 7ms","timestamp":"2026-08-04 20:48:13"}
{"level":"info","message":"GET /api/superadmin/usuarios 304 - 6ms","timestamp":"2026-08-04 20:49:13"}
{"level":"info","message":"GET /api/superadmin/usuarios 304 - 8ms","timestamp":"2026-08-04 20:50:13"}
{"level":"info","message":"GET /api/superadmin/usuarios 304 - 6ms","timestamp":"2026-08-04 20:51:13"}
{"level":"info","message":"GET /api/superadmin/usuarios 304 - 7ms","timestamp":"2026-08-04 20:52:13"}
{"level":"info","message":"GET /api/superadmin/usuarios 304 - 9ms","timestamp":"2026-08-04 20:53:13"}
{"level":"info","message":"GET /api/superadmin/usuarios 304 - 9ms","timestamp":"2026-08-04 20:54:13"}
{"level":"info","message":"GET /api/superadmin/usuarios 304 - 7ms","timestamp":"2026-08-04 20:55:13"}
{"level":"info","message":"GET /api/superadmin/usuarios 304 - 5ms","timestamp":"2026-08-04 20:56:13"}
{"level":"info","message":"GET /api/superadmin/usuarios 304 - 8ms","timestamp":"2026-08-04 20:57:13"}
{"level":"info","message":"GET /api/superadmin/usuarios 304 - 7ms","timestamp":"2026-08-04 20:58:13"}
{"level":"info","message":"GET /api/superadmin/usuarios 304 - 11ms","timestamp":"2026-08-04 20:59:13"}
{"level":"info","message":"GET /api/superadmin/usuarios 304 - 9ms","timestamp":"2026-08-04 21:00:13"}
{"level":"info","message":"GET /api/superadmin/usuarios 304 - 5ms","timestamp":"2026-08-04 21:01:13"}
{"level":"info","message":"GET /api/superadmin/usuarios 304 - 6ms","timestamp":"2026-08-04 21:02:13"}
{"level":"info","message":"GET /api/superadmin/usuarios 304 - 10ms","timestamp":"2026-08-04 21:03:13"}
{"level":"info","message":"GET /api/superadmin/usuarios 304 - 10ms","timestamp":"2026-08-04 21:04:13"}
{"level":"info","message":"GET /api/superadmin/usuarios 304 - 9ms","timestamp":"2026-08-04 21:05:13"}
{"level":"info","message":"GET /api/superadmin/usuarios 304 - 7ms","timestamp":"2026-08-04 21:06:13"}
{"level":"info","message":"GET /api/superadmin/usuarios 304 - 6ms","timestamp":"2026-08-04 21:07:13"}
{"level":"info","message":"GET /api/superadmin/usuarios 304 - 7ms","timestamp":"2026-08-04 21:08:13"}
{"level":"info","message":"GET /api/superadmin/usuarios 304 - 9ms","timestamp":"2026-08-04 21:09:13"}
{"level":"info","message":"GET /api/superadmin/usuarios 304 - 8ms","timestamp":"2026-08-04 21:10:13"}
{"level":"info","message":"GET /api/superadmin/usuarios 304 - 8ms","timestamp":"2026-08-04 21:11:13"}
{"level":"info","message":"GET /api/superadmin/usuarios 304 - 6ms","timestamp":"2026-08-04 21:12:13"}
{"level":"info","message":"GET /api/superadmin/usuarios 304 - 6ms","timestamp":"2026-08-04 21:13:13"}
{"level":"info","message":"GET /api/superadmin/usuarios 304 - 6ms","timestamp":"2026-08-04 21:14:13"}
{"level":"info","message":"GET /api/superadmin/usuarios 304 - 7ms","timestamp":"2026-08-04 21:15:13"}
{"level":"info","message":"GET /api/superadmin/usuarios 304 - 7ms","timestamp":"2026-08-04 21:16:13"}
{"level":"info","message":"GET /api/superadmin/usuarios 304 - 10ms","timestamp":"2026-08-04 21:17:13"}
{"level":"info","message":"GET /api/superadmin/usuarios 304 - 7ms","timestamp":"2026-08-04 21:18:13"}
{"level":"info","message":"GET /api/superadmin/usuarios 304 - 6ms","timestamp":"2026-08-04 21:19:13"}
{"level":"info","message":"GET /api/superadmin/usuarios 304 - 6ms","timestamp":"2026-08-04 21:20:13"}
{"level":"info","message":"GET /api/superadmin/usuarios 304 - 10ms","timestamp":"2026-08-04 21:21:13"}
{"level":"info","message":"GET /api/superadmin/usuarios 304 - 10ms","timestamp":"2026-08-04 21:22:13"}
{"level":"info","message":"GET /api/superadmin/usuarios 304 - 13ms","timestamp":"2026-08-04 21:23:13"}
{"level":"info","message":"GET /api/superadmin/usuarios 304 - 6ms","timestamp":"2026-08-04 21:24:13"}
{"level":"info","message":"GET /api/superadmin/usuarios 304 - 9ms","timestamp":"2026-08-04 21:25:13"}
{"level":"info","message":"GET /api/superadmin/usuarios 304 - 8ms","timestamp":"2026-08-04 21:26:13"}
{"level":"info","message":"GET /api/superadmin/usuarios 304 - 10ms","timestamp":"2026-08-04 21:27:13"}
{"level":"info","message":"GET /api/superadmin/usuarios 304 - 7ms","timestamp":"2026-08-04 21:28:13"}
{"level":"info","message":"GET /api/superadmin/usuarios 304 - 7ms","timestamp":"2026-08-04 21:29:13"}
{"level":"info","message":"GET /api/superadmin/usuarios 304 - 6ms","timestamp":"2026-08-04 21:30:13"}
{"level":"info","message":"GET /api/superadmin/usuarios 304 - 6ms","timestamp":"2026-08-04 21:31:13"}
{"level":"info","message":"GET /api/superadmin/usuarios 304 - 7ms","timestamp":"2026-08-04 21:32:13"}
{"level":"info","message":"GET /api/superadmin/usuarios 304 - 9ms","timestamp":"2026-08-04 21:33:13"}
{"level":"info","message":"GET /api/superadmin/usuarios 304 - 6ms","timestamp":"2026-08-04 21:34:13"}
{"level":"info","message":"GET /api/superadmin/usuarios 304 - 7ms","timestamp":"2026-08-04 21:35:13"}
{"level":"info","message":"GET /api/superadmin/usuarios 304 - 7ms","timestamp":"2026-08-04 21:36:13"}
{"level":"info","message":"GET /api/superadmin/usuarios 304 - 7ms","timestamp":"2026-08-04 21:37:13"}
{"level":"info","message":"GET /api/superadmin/usuarios 304 - 6ms","timestamp":"2026-08-04 21:38:13"}
{"level":"info","message":"GET /api/superadmin/usuarios 304 - 11ms","timestamp":"2026-08-04 21:39:13"}
{"level":"info","message":"GET /api/superadmin/usuarios 304 - 9ms","timestamp":"2026-08-04 21:40:13"}
{"level":"info","message":"GET /api/superadmin/usuarios 304 - 9ms","timestamp":"2026-08-04 21:41:13"}
{"level":"info","message":"GET /api/superadmin/usuarios 304 - 6ms","timestamp":"2026-08-04 21:42:13"}
{"level":"info","message":"GET /api/superadmin/usuarios 304 - 6ms","timestamp":"2026-08-04 21:43:13"}
{"level":"info","message":"GET /api/superadmin/usuarios 304 - 7ms","timestamp":"2026-08-04 21:44:13"}
{"level":"info","message":"GET /api/superadmin/usuarios 304 - 11ms","timestamp":"2026-08-04 21:45:13"}
{"level":"info","message":"GET /api/superadmin/usuarios 304 - 8ms","timestamp":"2026-08-04 21:46:13"}
{"level":"info","message":"GET /api/superadmin/usuarios 304 - 10ms","timestamp":"2026-08-04 21:47:13"}
{"level":"info","message":"GET /api/superadmin/usuarios 304 - 5ms","timestamp":"2026-08-04 21:48:13"}
{"level":"info","message":"GET /api/superadmin/usuarios 304 - 5ms","timestamp":"2026-08-04 21:49:13"}
{"level":"info","message":"GET /api/superadmin/usuarios 304 - 8ms","timestamp":"2026-08-04 21:50:13"}
{"level":"info","message":"GET /api/superadmin/usuarios 304 - 8ms","timestamp":"2026-08-04 21:51:13"}
{"level":"info","message":"GET /api/superadmin/usuarios 304 - 6ms","timestamp":"2026-08-04 21:52:13"}
{"level":"info","message":"GET /api/superadmin/usuarios 304 - 8ms","timestamp":"2026-08-04 21:53:13"}
{"level":"info","message":"GET /api/superadmin/usuarios 304 - 5ms","timestamp":"2026-08-04 21:54:13"}
{"level":"info","message":"GET /api/superadmin/usuarios 304 - 8ms","timestamp":"2026-08-04 21:55:13"}
{"level":"info","message":"GET /api/superadmin/usuarios 304 - 7ms","timestamp":"2026-08-04 21:56:13"}
{"level":"info","message":"GET /api/superadmin/usuarios 304 - 9ms","timestamp":"2026-08-04 21:57:13"}
{"level":"info","message":"GET /api/superadmin/usuarios 304 - 7ms","timestamp":"2026-08-04 21:58:13"}
{"level":"info","message":"GET /api/superadmin/usuarios 304 - 7ms","timestamp":"2026-08-04 21:59:13"}
{"level":"info","message":"GET /api/superadmin/usuarios 304 - 7ms","timestamp":"2026-08-04 22:00:13"}
{"level":"info","message":"GET /api/superadmin/usuarios 304 - 6ms","timestamp":"2026-08-04 22:01:13"}
{"level":"info","message":"GET /api/superadmin/usuarios 304 - 6ms","timestamp":"2026-08-04 22:02:13"}
{"level":"info","message":"GET /api/superadmin/usuarios 304 - 6ms","timestamp":"2026-08-04 22:03:13"}
{"level":"info","message":"GET /api/superadmin/usuarios 304 - 7ms","timestamp":"2026-08-04 22:04:13"}
{"level":"info","message":"GET /api/superadmin/usuarios 304 - 5ms","timestamp":"2026-08-04 22:05:13"}
{"level":"info","message":"GET /api/superadmin/usuarios 304 - 6ms","timestamp":"2026-08-04 22:06:13"}
{"level":"info","message":"GET /api/superadmin/usuarios 304 - 6ms","timestamp":"2026-08-04 22:07:13"}
{"level":"info","message":"GET /api/superadmin/usuarios 304 - 7ms","timestamp":"2026-08-04 22:08:13"}
{"level":"info","message":"GET /api/superadmin/usuarios 304 - 6ms","timestamp":"2026-08-04 22:09:13"}
{"level":"info","message":"GET /api/superadmin/usuarios 304 - 7ms","timestamp":"2026-08-04 22:10:13"}
{"level":"info","message":"GET /api/superadmin/usuarios 304 - 6ms","timestamp":"2026-08-04 22:11:13"}
{"level":"info","message":"GET /api/superadmin/usuarios 304 - 6ms","timestamp":"2026-08-04 22:12:13"}
{"level":"info","message":"GET /api/superadmin/usuarios 304 - 6ms","timestamp":"2026-08-04 22:13:13"}
{"level":"info","message":"GET /api/superadmin/usuarios 304 - 7ms","timestamp":"2026-08-04 22:14:13"}
{"level":"info","message":"GET /api/superadmin/usuarios 304 - 6ms","timestamp":"2026-08-04 22:15:13"}
{"level":"info","message":"GET /api/superadmin/usuarios 304 - 6ms","timestamp":"2026-08-04 22:16:13"}
{"level":"info","message":"GET /api/superadmin/usuarios 304 - 6ms","timestamp":"2026-08-04 22:17:13"}
{"level":"info","message":"GET /api/superadmin/usuarios 304 - 6ms","timestamp":"2026-08-04 22:18:13"}
{"level":"info","message":"GET /api/superadmin/usuarios 304 - 5ms","timestamp":"2026-08-04 22:19:13"}
{"level":"info","message":"GET /api/superadmin/usuarios 304 - 7ms","timestamp":"2026-08-04 22:20:13"}
{"level":"info","message":"GET /api/superadmin/usuarios 304 - 7ms","timestamp":"2026-08-04 22:21:13"}
{"level":"info","message":"GET /api/superadmin/usuarios 304 - 7ms","timestamp":"2026-08-04 22:22:13"}
{"level":"info","message":"GET /api/superadmin/usuarios 304 - 7ms","timestamp":"2026-08-04 22:23:13"}
{"level":"info","message":"GET /api/superadmin/usuarios 304 - 7ms","timestamp":"2026-08-04 22:24:13"}
{"level":"info","message":"GET /api/superadmin/usuarios 304 - 5ms","timestamp":"2026-08-04 22:25:13"}
{"level":"info","message":"GET /api/superadmin/usuarios 304 - 6ms","timestamp":"2026-08-04 22:26:13"}
{"level":"info","message":"GET /api/superadmin/usuarios 304 - 6ms","timestamp":"2026-08-04 22:27:13"}
{"level":"info","message":"GET /api/superadmin/usuarios 304 - 8ms","timestamp":"2026-08-04 22:28:13"}
{"level":"info","message":"GET /api/superadmin/usuarios 304 - 6ms","timestamp":"2026-08-04 22:29:13"}
{"level":"info","message":"GET /api/superadmin/usuarios 304 - 6ms","timestamp":"2026-08-04 22:30:13"}
{"level":"info","message":"GET /api/superadmin/usuarios 304 - 6ms","timestamp":"2026-08-04 22:31:13"}
{"level":"info","message":"GET /api/superadmin/usuarios 304 - 7ms","timestamp":"2026-08-04 22:32:13"}
{"level":"info","message":"GET /api/superadmin/usuarios 304 - 5ms","timestamp":"2026-08-04 22:33:13"}
{"level":"info","message":"GET /api/superadmin/usuarios 304 - 6ms","timestamp":"2026-08-04 22:34:13"}
{"level":"info","message":"GET /api/superadmin/usuarios 304 - 6ms","timestamp":"2026-08-04 22:35:13"}
{"level":"info","message":"GET /api/superadmin/usuarios 304 - 6ms","timestamp":"2026-08-04 22:36:13"}
{"level":"info","message":"GET /api/superadmin/usuarios 304 - 6ms","timestamp":"2026-08-04 22:37:13"}
{"level":"info","message":"GET /api/superadmin/usuarios 304 - 8ms","timestamp":"2026-08-04 22:38:13"}
{"level":"info","message":"GET /api/superadmin/usuarios 304 - 7ms","timestamp":"2026-08-04 22:39:13"}
{"level":"info","message":"GET /api/superadmin/usuarios 304 - 5ms","timestamp":"2026-08-04 22:40:13"}
{"level":"info","message":"GET /api/superadmin/usuarios 304 - 8ms","timestamp":"2026-08-04 22:41:13"}
{"level":"info","message":"GET /api/superadmin/usuarios 304 - 7ms","timestamp":"2026-08-04 22:42:13"}
{"level":"info","message":"GET /api/superadmin/usuarios 304 - 7ms","timestamp":"2026-08-04 22:43:13"}
{"level":"info","message":"GET /api/superadmin/usuarios 304 - 10ms","timestamp":"2026-08-04 22:44:13"}
{"level":"info","message":"GET /api/superadmin/usuarios 304 - 5ms","timestamp":"2026-08-04 22:45:13"}
{"level":"info","message":"GET /api/superadmin/usuarios 304 - 6ms","timestamp":"2026-08-04 22:46:13"}
{"level":"info","message":"GET /api/superadmin/usuarios 304 - 6ms","timestamp":"2026-08-04 22:47:13"}
{"level":"info","message":"GET /api/superadmin/usuarios 304 - 7ms","timestamp":"2026-08-04 22:48:13"}
{"level":"info","message":"GET /api/superadmin/usuarios 304 - 7ms","timestamp":"2026-08-04 22:49:13"}
{"level":"info","message":"GET /api/superadmin/usuarios 304 - 8ms","timestamp":"2026-08-04 22:50:13"}
{"level":"info","message":"GET /api/superadmin/usuarios 304 - 7ms","timestamp":"2026-08-04 22:51:13"}
{"level":"info","message":"GET /api/superadmin/usuarios 304 - 6ms","timestamp":"2026-08-04 22:52:13"}
{"level":"info","message":"GET /api/superadmin/usuarios 304 - 6ms","timestamp":"2026-08-04 22:53:13"}
{"level":"info","message":"GET /api/superadmin/usuarios 304 - 7ms","timestamp":"2026-08-04 22:54:13"}
{"level":"info","message":"GET /api/superadmin/usuarios 304 - 6ms","timestamp":"2026-08-04 22:55:13"}
{"level":"info","message":"GET /api/superadmin/usuarios 304 - 6ms","timestamp":"2026-08-04 22:56:13"}
{"level":"info","message":"GET /api/superadmin/usuarios 304 - 6ms","timestamp":"2026-08-04 22:57:13"}
{"level":"info","message":"GET /api/superadmin/usuarios 304 - 7ms","timestamp":"2026-08-04 22:58:13"}
{"level":"info","message":"GET /api/superadmin/usuarios 304 - 7ms","timestamp":"2026-08-04 22:59:13"}
{"level":"info","message":"GET /api/superadmin/usuarios 304 - 9ms","timestamp":"2026-08-04 23:00:13"}
{"level":"info","message":"GET /api/superadmin/usuarios 304 - 8ms","timestamp":"2026-08-04 23:01:13"}
{"level":"info","message":"GET /api/superadmin/usuarios 304 - 9ms","timestamp":"2026-08-04 23:02:13"}
{"level":"info","message":"GET /api/superadmin/usuarios 304 - 7ms","timestamp":"2026-08-04 23:03:13"}
{"level":"info","message":"GET /api/superadmin/usuarios 304 - 6ms","timestamp":"2026-08-04 23:04:13"}
{"level":"info","message":"GET /api/superadmin/usuarios 304 - 6ms","timestamp":"2026-08-04 23:05:13"}
{"level":"info","message":"GET /api/superadmin/usuarios 304 - 6ms","timestamp":"2026-08-04 23:06:13"}
{"level":"info","message":"GET /api/superadmin/usuarios 304 - 7ms","timestamp":"2026-08-04 23:07:13"}
{"level":"info","message":"GET /api/superadmin/usuarios 304 - 7ms","timestamp":"2026-08-04 23:08:13"}
{"level":"info","message":"GET /api/superadmin/usuarios 304 - 9ms","timestamp":"2026-08-04 23:09:13"}
{"level":"info","message":"GET /api/superadmin/usuarios 304 - 6ms","timestamp":"2026-08-04 23:10:13"}
{"level":"info","message":"GET /api/superadmin/usuarios 304 - 6ms","timestamp":"2026-08-04 23:11:13"}
{"level":"info","message":"GET /api/superadmin/usuarios 304 - 8ms","timestamp":"2026-08-04 23:12:13"}
{"level":"info","message":"GET /api/superadmin/usuarios 304 - 9ms","timestamp":"2026-08-04 23:13:13"}
{"level":"info","message":"GET /api/superadmin/usuarios 304 - 7ms","timestamp":"2026-08-04 23:14:13"}
{"level":"info","message":"GET /api/superadmin/usuarios 304 - 10ms","timestamp":"2026-08-04 23:15:13"}
{"level":"info","message":"GET /api/superadmin/usuarios 304 - 8ms","timestamp":"2026-08-04 23:16:13"}
{"level":"info","message":"GET /api/superadmin/usuarios 304 - 6ms","timestamp":"2026-08-04 23:17:13"}
{"level":"info","message":"GET /api/superadmin/usuarios 304 - 7ms","timestamp":"2026-08-04 23:18:13"}
{"level":"info","message":"GET /api/superadmin/usuarios 304 - 5ms","timestamp":"2026-08-04 23:19:13"}
{"level":"info","message":"GET /api/superadmin/usuarios 304 - 6ms","timestamp":"2026-08-04 23:20:13"}
{"level":"info","message":"GET /api/superadmin/usuarios 304 - 6ms","timestamp":"2026-08-04 23:21:13"}
{"level":"info","message":"GET /api/superadmin/usuarios 304 - 9ms","timestamp":"2026-08-04 23:22:13"}
{"level":"info","message":"GET /api/superadmin/usuarios 304 - 6ms","timestamp":"2026-08-04 23:23:13"}
{"level":"info","message":"GET /api/superadmin/usuarios 304 - 9ms","timestamp":"2026-08-04 23:24:13"}
{"level":"info","message":"GET /api/superadmin/usuarios 304 - 5ms","timestamp":"2026-08-04 23:25:13"}
{"level":"info","message":"GET /api/superadmin/usuarios 304 - 7ms","timestamp":"2026-08-04 23:26:13"}
{"level":"info","message":"GET /api/superadmin/usuarios 304 - 6ms","timestamp":"2026-08-04 23:27:13"}
{"level":"info","message":"GET /api/superadmin/usuarios 304 - 9ms","timestamp":"2026-08-04 23:28:13"}
{"level":"info","message":"GET /api/superadmin/usuarios 304 - 8ms","timestamp":"2026-08-04 23:29:13"}
{"level":"info","message":"GET /api/superadmin/usuarios 304 - 9ms","timestamp":"2026-08-04 23:30:13"}
{"level":"info","message":"GET /api/superadmin/usuarios 304 - 6ms","timestamp":"2026-08-04 23:31:13"}
{"level":"info","message":"GET /api/superadmin/usuarios 304 - 7ms","timestamp":"2026-08-04 23:32:13"}
{"level":"info","message":"GET /api/superadmin/usuarios 304 - 5ms","timestamp":"2026-08-04 23:33:13"}
{"level":"info","message":"GET /api/superadmin/usuarios 304 - 6ms","timestamp":"2026-08-04 23:34:13"}
{"level":"info","message":"GET /api/superadmin/usuarios 304 - 7ms","timestamp":"2026-08-04 23:35:13"}
{"level":"info","message":"GET /api/superadmin/usuarios 304 - 7ms","timestamp":"2026-08-04 23:36:13"}
{"level":"info","message":"GET /api/superadmin/usuarios 304 - 5ms","timestamp":"2026-08-04 23:37:13"}
{"level":"info","message":"GET /api/superadmin/usuarios 304 - 6ms","timestamp":"2026-08-04 23:38:13"}
{"level":"info","message":"GET /api/superadmin/usuarios 304 - 8ms","timestamp":"2026-08-04 23:39:13"}
{"level":"info","message":"GET /api/superadmin/usuarios 304 - 8ms","timestamp":"2026-08-04 23:40:13"}
{"level":"info","message":"GET /api/superadmin/usuarios 304 - 7ms","timestamp":"2026-08-04 23:41:13"}
{"level":"info","message":"GET /api/superadmin/usuarios 304 - 6ms","timestamp":"2026-08-04 23:42:13"}
{"level":"info","message":"GET /api/superadmin/usuarios 304 - 6ms","timestamp":"2026-08-04 23:43:13"}
{"level":"info","message":"GET /api/superadmin/usuarios 304 - 6ms","timestamp":"2026-08-04 23:44:13"}
{"level":"info","message":"GET /api/superadmin/usuarios 304 - 9ms","timestamp":"2026-08-04 23:45:13"}
{"level":"info","message":"GET /api/superadmin/usuarios 304 - 7ms","timestamp":"2026-08-04 23:46:13"}
{"level":"info","message":"GET /api/superadmin/usuarios 304 - 7ms","timestamp":"2026-08-04 23:47:13"}
{"level":"info","message":"GET /api/superadmin/usuarios 304 - 7ms","timestamp":"2026-08-04 23:48:13"}
{"level":"info","message":"GET /api/superadmin/usuarios 304 - 6ms","timestamp":"2026-08-04 23:49:13"}
{"level":"info","message":"GET /api/superadmin/usuarios 304 - 6ms","timestamp":"2026-08-04 23:50:13"}
{"level":"info","message":"GET /api/superadmin/usuarios 304 - 6ms","timestamp":"2026-08-04 23:51:13"}
{"level":"info","message":"GET /api/superadmin/usuarios 304 - 10ms","timestamp":"2026-08-04 23:52:13"}
{"level":"info","message":"GET /api/superadmin/usuarios 304 - 6ms","timestamp":"2026-08-04 23:53:13"}
{"level":"info","message":"GET /api/superadmin/usuarios 304 - 9ms","timestamp":"2026-08-04 23:54:13"}
{"level":"info","message":"GET /api/superadmin/usuarios 304 - 5ms","timestamp":"2026-08-04 23:55:13"}
{"level":"info","message":"GET /api/superadmin/usuarios 304 - 7ms","timestamp":"2026-08-04 23:56:13"}
{"level":"info","message":"GET /api/superadmin/usuarios 304 - 6ms","timestamp":"2026-08-04 23:57:13"}
{"level":"info","message":"GET /api/superadmin/usuarios 304 - 7ms","timestamp":"2026-08-04 23:58:13"}
{"level":"info","message":"GET /api/superadmin/usuarios 304 - 6ms","timestamp":"2026-08-04 23:59:13"}
{"level":"info","message":"GET /api/superadmin/usuarios 304 - 6ms","timestamp":"2026-08-05 00:00:13"}
{"level":"info","message":"GET /api/superadmin/usuarios 304 - 7ms","timestamp":"2026-08-05 00:01:13"}
{"level":"info","message":"GET /api/superadmin/usuarios 304 - 7ms","timestamp":"2026-08-05 00:02:13"}
{"level":"info","message":"GET /api/superadmin/usuarios 304 - 12ms","timestamp":"2026-08-05 00:03:13"}
{"level":"info","message":"GET /api/superadmin/usuarios 304 - 6ms","timestamp":"2026-08-05 00:04:13"}
{"level":"info","message":"GET /api/superadmin/usuarios 304 - 9ms","timestamp":"2026-08-05 00:05:13"}
{"level":"info","message":"GET /api/superadmin/usuarios 304 - 8ms","timestamp":"2026-08-05 00:06:13"}
{"level":"info","message":"GET /api/superadmin/usuarios 304 - 6ms","timestamp":"2026-08-05 00:07:13"}
{"level":"info","message":"GET /api/superadmin/usuarios 304 - 7ms","timestamp":"2026-08-05 00:08:13"}
{"level":"info","message":"GET /api/superadmin/usuarios 304 - 7ms","timestamp":"2026-08-05 00:09:13"}
{"level":"info","message":"GET /api/superadmin/usuarios 304 - 6ms","timestamp":"2026-08-05 00:10:13"}
{"level":"info","message":"GET /api/superadmin/usuarios 304 - 6ms","timestamp":"2026-08-05 00:11:13"}
{"level":"info","message":"GET /api/superadmin/usuarios 304 - 9ms","timestamp":"2026-08-05 00:12:13"}
{"level":"info","message":"GET /api/superadmin/usuarios 304 - 7ms","timestamp":"2026-08-05 00:13:13"}
{"level":"info","message":"GET /api/superadmin/usuarios 304 - 6ms","timestamp":"2026-08-05 00:14:13"}
{"level":"info","message":"GET /api/superadmin/usuarios 304 - 10ms","timestamp":"2026-08-05 00:15:13"}
{"level":"info","message":"GET /api/superadmin/usuarios 304 - 6ms","timestamp":"2026-08-05 00:16:13"}
{"level":"info","message":"GET /api/superadmin/usuarios 304 - 8ms","timestamp":"2026-08-05 00:17:13"}
{"level":"info","message":"GET /api/superadmin/usuarios 304 - 7ms","timestamp":"2026-08-05 00:18:13"}
{"level":"info","message":"GET /api/superadmin/usuarios 304 - 7ms","timestamp":"2026-08-05 00:19:13"}
{"level":"info","message":"GET /api/superadmin/usuarios 304 - 6ms","timestamp":"2026-08-05 00:20:13"}
{"level":"info","message":"GET /api/superadmin/usuarios 304 - 9ms","timestamp":"2026-08-05 00:21:13"}
{"level":"info","message":"GET /api/superadmin/usuarios 304 - 7ms","timestamp":"2026-08-05 00:22:13"}
{"level":"info","message":"GET /api/superadmin/usuarios 304 - 7ms","timestamp":"2026-08-05 00:23:13"}
{"level":"info","message":"GET /api/superadmin/usuarios 304 - 7ms","timestamp":"2026-08-05 00:24:13"}
{"level":"info","message":"GET /api/superadmin/usuarios 304 - 8ms","timestamp":"2026-08-05 00:25:13"}
{"level":"info","message":"GET /api/superadmin/usuarios 304 - 7ms","timestamp":"2026-08-05 00:26:13"}
{"level":"info","message":"GET /api/superadmin/usuarios 304 - 7ms","timestamp":"2026-08-05 00:27:13"}
{"level":"info","message":"GET /api/superadmin/usuarios 304 - 7ms","timestamp":"2026-08-05 00:28:13"}
{"level":"info","message":"GET /api/superadmin/usuarios 304 - 7ms","timestamp":"2026-08-05 00:29:13"}
{"level":"info","message":"GET /api/superadmin/usuarios 304 - 6ms","timestamp":"2026-08-05 00:30:13"}
{"level":"info","message":"GET /api/superadmin/usuarios 304 - 12ms","timestamp":"2026-08-05 00:31:13"}
{"level":"info","message":"GET /api/superadmin/usuarios 304 - 7ms","timestamp":"2026-08-05 00:32:13"}
{"level":"info","message":"GET /api/superadmin/usuarios 304 - 6ms","timestamp":"2026-08-05 00:33:13"}
{"level":"info","message":"GET /api/superadmin/usuarios 304 - 6ms","timestamp":"2026-08-05 00:34:13"}
{"level":"info","message":"GET /api/superadmin/usuarios 304 - 6ms","timestamp":"2026-08-05 00:35:13"}
{"level":"info","message":"GET /api/superadmin/usuarios 304 - 5ms","timestamp":"2026-08-05 00:36:13"}
{"level":"info","message":"GET /api/superadmin/usuarios 304 - 10ms","timestamp":"2026-08-05 00:37:13"}
{"level":"info","message":"GET /api/superadmin/usuarios 304 - 7ms","timestamp":"2026-08-05 00:38:13"}
{"level":"info","message":"GET /api/superadmin/usuarios 304 - 7ms","timestamp":"2026-08-05 00:39:13"}
{"level":"info","message":"GET /api/superadmin/usuarios 304 - 6ms","timestamp":"2026-08-05 00:40:13"}
{"level":"info","message":"GET /api/superadmin/usuarios 304 - 6ms","timestamp":"2026-08-05 00:41:13"}
{"level":"info","message":"GET /api/superadmin/usuarios 304 - 6ms","timestamp":"2026-08-05 00:42:13"}
{"level":"info","message":"GET /api/superadmin/usuarios 304 - 6ms","timestamp":"2026-08-05 00:43:13"}
{"level":"info","message":"GET /api/superadmin/usuarios 304 - 7ms","timestamp":"2026-08-05 00:44:13"}
{"level":"info","message":"GET /api/superadmin/usuarios 304 - 8ms","timestamp":"2026-08-05 00:45:13"}
{"level":"info","message":"GET /api/superadmin/usuarios 304 - 7ms","timestamp":"2026-08-05 00:46:13"}
{"level":"info","message":"GET /api/superadmin/usuarios 304 - 5ms","timestamp":"2026-08-05 00:47:13"}
{"level":"info","message":"GET /api/superadmin/usuarios 304 - 7ms","timestamp":"2026-08-05 00:48:13"}
{"level":"info","message":"GET /api/superadmin/usuarios 304 - 7ms","timestamp":"2026-08-05 00:49:13"}
{"level":"info","message":"GET /api/superadmin/usuarios 304 - 9ms","timestamp":"2026-08-05 00:50:13"}
{"level":"info","message":"GET /api/superadmin/usuarios 304 - 6ms","timestamp":"2026-08-05 00:51:13"}
{"level":"info","message":"GET /api/superadmin/usuarios 304 - 7ms","timestamp":"2026-08-05 00:52:13"}
{"level":"info","message":"GET /api/superadmin/usuarios 304 - 6ms","timestamp":"2026-08-05 00:53:13"}
{"level":"info","message":"GET /api/superadmin/usuarios 304 - 7ms","timestamp":"2026-08-05 00:54:13"}
{"level":"info","message":"GET /api/superadmin/usuarios 304 - 8ms","timestamp":"2026-08-05 00:55:13"}
{"level":"info","message":"GET /api/superadmin/usuarios 304 - 7ms","timestamp":"2026-08-05 00:56:13"}
{"level":"info","message":"GET /api/superadmin/usuarios 304 - 7ms","timestamp":"2026-08-05 00:57:13"}
{"level":"info","message":"GET /api/superadmin/usuarios 304 - 5ms","timestamp":"2026-08-05 00:58:13"}
{"level":"info","message":"GET /api/superadmin/usuarios 304 - 8ms","timestamp":"2026-08-05 00:59:13"}
{"level":"info","message":"GET /api/superadmin/usuarios 304 - 5ms","timestamp":"2026-08-05 01:00:13"}
{"level":"info","message":"GET /api/superadmin/usuarios 304 - 6ms","timestamp":"2026-08-05 01:01:13"}
{"level":"info","message":"GET /api/superadmin/usuarios 304 - 6ms","timestamp":"2026-08-05 01:02:13"}
{"level":"info","message":"GET /api/superadmin/usuarios 304 - 7ms","timestamp":"2026-08-05 01:03:13"}
{"level":"info","message":"GET /api/superadmin/usuarios 304 - 6ms","timestamp":"2026-08-05 01:04:13"}
{"level":"info","message":"GET /api/superadmin/usuarios 304 - 8ms","timestamp":"2026-08-05 01:05:13"}
{"level":"info","message":"GET /api/superadmin/usuarios 304 - 7ms","timestamp":"2026-08-05 01:06:13"}
{"level":"info","message":"GET /api/superadmin/usuarios 304 - 7ms","timestamp":"2026-08-05 01:07:13"}
{"level":"info","message":"GET /api/superadmin/usuarios 304 - 7ms","timestamp":"2026-08-05 01:08:13"}
{"level":"info","message":"GET /api/superadmin/usuarios 304 - 6ms","timestamp":"2026-08-05 01:09:13"}
{"level":"info","message":"GET /api/superadmin/usuarios 304 - 6ms","timestamp":"2026-08-05 01:10:13"}
{"level":"info","message":"GET /api/superadmin/usuarios 304 - 8ms","timestamp":"2026-08-05 01:11:13"}
{"level":"info","message":"GET /api/superadmin/usuarios 304 - 6ms","timestamp":"2026-08-05 01:12:13"}
{"level":"info","message":"GET /api/superadmin/usuarios 304 - 9ms","timestamp":"2026-08-05 01:13:13"}
{"level":"info","message":"GET /api/superadmin/usuarios 304 - 6ms","timestamp":"2026-08-05 01:14:13"}
{"level":"info","message":"GET /api/superadmin/usuarios 304 - 5ms","timestamp":"2026-08-05 01:15:13"}
{"level":"info","message":"GET /api/superadmin/usuarios 304 - 6ms","timestamp":"2026-08-05 01:16:13"}
{"level":"info","message":"GET /api/superadmin/usuarios 304 - 6ms","timestamp":"2026-08-05 01:17:13"}
{"level":"info","message":"GET /api/superadmin/usuarios 304 - 7ms","timestamp":"2026-08-05 01:18:13"}
{"level":"info","message":"GET /api/superadmin/usuarios 304 - 7ms","timestamp":"2026-08-05 01:19:13"}
{"level":"info","message":"GET /api/superadmin/usuarios 304 - 7ms","timestamp":"2026-08-05 01:20:13"}
{"level":"info","message":"GET /api/superadmin/usuarios 304 - 9ms","timestamp":"2026-08-05 01:21:13"}
{"level":"info","message":"GET /api/superadmin/usuarios 304 - 6ms","timestamp":"2026-08-05 01:22:13"}
{"level":"info","message":"GET /api/superadmin/usuarios 304 - 9ms","timestamp":"2026-08-05 01:23:13"}
{"level":"info","message":"GET /api/superadmin/usuarios 304 - 6ms","timestamp":"2026-08-05 01:24:13"}
{"level":"info","message":"GET /api/superadmin/usuarios 304 - 10ms","timestamp":"2026-08-05 01:25:13"}
{"level":"info","message":"GET /api/superadmin/usuarios 304 - 6ms","timestamp":"2026-08-05 01:26:13"}
{"level":"info","message":"GET /api/superadmin/usuarios 304 - 12ms","timestamp":"2026-08-05 01:27:13"}
{"level":"info","message":"GET /api/superadmin/usuarios 304 - 6ms","timestamp":"2026-08-05 01:28:13"}
{"level":"info","message":"GET /api/superadmin/usuarios 304 - 9ms","timestamp":"2026-08-05 01:29:13"}
{"level":"info","message":"GET /api/superadmin/usuarios 304 - 8ms","timestamp":"2026-08-05 01:30:13"}
{"level":"info","message":"GET /api/superadmin/usuarios 304 - 5ms","timestamp":"2026-08-05 01:31:13"}
{"level":"info","message":"GET /api/superadmin/usuarios 304 - 7ms","timestamp":"2026-08-05 01:32:13"}
{"level":"info","message":"GET /api/superadmin/usuarios 304 - 5ms","timestamp":"2026-08-05 01:33:13"}
{"level":"info","message":"GET /api/superadmin/usuarios 304 - 7ms","timestamp":"2026-08-05 01:34:13"}
{"level":"info","message":"GET /api/superadmin/usuarios 304 - 9ms","timestamp":"2026-08-05 01:35:13"}
{"level":"info","message":"GET /api/superadmin/usuarios 304 - 7ms","timestamp":"2026-08-05 01:36:13"}
{"level":"info","message":"GET /api/superadmin/usuarios 304 - 6ms","timestamp":"2026-08-05 01:37:13"}
{"level":"info","message":"GET /api/superadmin/usuarios 304 - 6ms","timestamp":"2026-08-05 01:38:13"}
{"level":"info","message":"GET /api/superadmin/usuarios 304 - 10ms","timestamp":"2026-08-05 01:39:13"}
{"level":"info","message":"GET /api/superadmin/usuarios 304 - 6ms","timestamp":"2026-08-05 01:40:13"}
{"level":"info","message":"GET /api/superadmin/usuarios 304 - 9ms","timestamp":"2026-08-05 01:41:13"}
{"level":"info","message":"GET /api/superadmin/usuarios 304 - 6ms","timestamp":"2026-08-05 01:42:13"}
{"level":"info","message":"GET /api/superadmin/usuarios 304 - 6ms","timestamp":"2026-08-05 01:43:13"}
{"level":"info","message":"GET /api/superadmin/usuarios 304 - 7ms","timestamp":"2026-08-05 01:44:13"}
{"level":"info","message":"GET /api/superadmin/usuarios 304 - 8ms","timestamp":"2026-08-05 01:45:13"}
{"level":"info","message":"GET /api/superadmin/usuarios 304 - 6ms","timestamp":"2026-08-05 01:46:13"}
{"level":"info","message":"GET /api/superadmin/usuarios 304 - 8ms","timestamp":"2026-08-05 01:47:13"}
{"level":"info","message":"GET /api/superadmin/usuarios 304 - 7ms","timestamp":"2026-08-05 01:48:13"}
{"level":"info","message":"GET /api/superadmin/usuarios 304 - 2ms","timestamp":"2026-08-05 01:49:13"}
{"level":"info","message":"GET /api/superadmin/usuarios 304 - 9ms","timestamp":"2026-08-05 01:50:13"}
{"level":"info","message":"GET /api/superadmin/usuarios 304 - 7ms","timestamp":"2026-08-05 01:51:13"}
{"level":"info","message":"GET /api/superadmin/usuarios 304 - 6ms","timestamp":"2026-08-05 01:52:13"}
{"level":"info","message":"GET /api/superadmin/usuarios 304 - 7ms","timestamp":"2026-08-05 01:53:13"}
{"level":"info","message":"GET /api/superadmin/usuarios 304 - 7ms","timestamp":"2026-08-05 01:54:13"}
{"level":"info","message":"GET /api/superadmin/usuarios 304 - 5ms","timestamp":"2026-08-05 01:55:13"}
{"level":"info","message":"GET /api/superadmin/usuarios 304 - 6ms","timestamp":"2026-08-05 01:56:13"}
{"level":"info","message":"GET /api/superadmin/usuarios 401 - 1ms","timestamp":"2026-08-05 01:57:13"}
{"level":"info","message":"[SOCKET] Conexión cerrada: superadmin [ID: bXLlla9hSX13YoThAAAd]","timestamp":"2026-08-05 01:57:13"}
{"level":"info","message":"GET /api/superadmin/usuarios 401 - 1ms","timestamp":"2026-08-05 01:58:13"}
{"level":"info","message":"GET /api/catalogos/convocatoria-activa 304 - 6ms","timestamp":"2026-08-05 09:17:11"}
{"level":"info","message":"GET /api/catalogos/categorias 304 - 9ms","timestamp":"2026-08-05 09:17:11"}
{"level":"info","message":"GET /api/catalogos/categorias 304 - 5ms","timestamp":"2026-08-05 09:17:11"}
{"level":"info","message":"GET /api/catalogos/convocatoria-activa 304 - 3ms","timestamp":"2026-08-05 09:17:15"}
{"level":"info","message":"GET /api/catalogos/categorias 304 - 7ms","timestamp":"2026-08-05 09:17:15"}
{"level":"info","message":"GET /api/catalogos/convocatoria-activa 304 - 23ms","timestamp":"2026-08-05 10:55:25"}
{"level":"info","message":"GET /api/catalogos/categorias 304 - 19ms","timestamp":"2026-08-05 10:55:25"}
{"level":"info","message":"GET /api/catalogos/categorias 304 - 4ms","timestamp":"2026-08-05 10:55:25"}
{"level":"info","message":"POST /api/auth/login 200 - 76ms","timestamp":"2026-08-05 10:55:43"}
{"level":"info","message":"[SOCKET] Conexión establecida: superadmin (Superadmin Sistema IECM) [ID: 3QJVeamUz3WL40h4AAAn]","timestamp":"2026-08-05 10:55:43"}
{"level":"info","message":"[SOCKET] Conexión cerrada: superadmin [ID: 3QJVeamUz3WL40h4AAAn]","timestamp":"2026-08-05 10:55:45"}
{"level":"info","message":"GET /api/notificaciones 304 - 8ms","timestamp":"2026-08-05 10:55:45"}
{"level":"info","message":"GET /api/catalogos/convocatoria-activa 304 - 5ms","timestamp":"2026-08-05 10:55:45"}
{"level":"info","message":"GET /api/catalogos/tema 304 - 11ms","timestamp":"2026-08-05 10:55:45"}
{"level":"info","message":"[SOCKET] Conexión establecida: superadmin (Superadmin Sistema IECM) [ID: qMRBlVDxhoOkbqu5AAAq]","timestamp":"2026-08-05 10:55:45"}
{"level":"info","message":"GET /api/catalogos/categorias 304 - 19ms","timestamp":"2026-08-05 10:55:45"}
{"level":"info","message":"GET /api/superadmin/usuarios 304 - 30ms","timestamp":"2026-08-05 10:55:45"}
{"level":"info","message":"GET /api/notificaciones 304 - 16ms","timestamp":"2026-08-05 10:55:45"}
{"level":"info","message":"GET /api/superadmin/usuarios 304 - 8ms","timestamp":"2026-08-05 10:55:49"}
{"level":"info","message":"GET /api/superadmin/usuarios 304 - 11ms","timestamp":"2026-08-05 10:55:53"}
{"level":"info","message":"GET /api/superadmin/usuarios 304 - 7ms","timestamp":"2026-08-05 10:55:57"}
{"level":"info","message":"GET /api/superadmin/usuarios 304 - 9ms","timestamp":"2026-08-05 10:56:01"}
{"level":"info","message":"GET /api/superadmin/convocatorias 200 - 4ms","timestamp":"2026-08-05 10:56:02"}
{"level":"info","message":"GET /api/superadmin/categorias/1 304 - 6ms","timestamp":"2026-08-05 10:56:02"}
{"level":"info","message":"GET /api/superadmin/requisitos-archivos/1 304 - 9ms","timestamp":"2026-08-05 10:56:02"}
{"level":"info","message":"POST /api/superadmin/convocatorias 200 - 25ms","timestamp":"2026-08-05 10:56:15"}
{"level":"info","message":"GET /api/catalogos/convocatoria-activa 200 - 3ms","timestamp":"2026-08-05 10:56:15"}
{"level":"info","message":"GET /api/catalogos/categorias 304 - 7ms","timestamp":"2026-08-05 10:56:15"}
{"level":"info","message":"GET /api/superadmin/convocatorias 200 - 6ms","timestamp":"2026-08-05 10:56:15"}
{"level":"info","message":"GET /api/superadmin/categorias/1 304 - 5ms","timestamp":"2026-08-05 10:56:15"}
{"level":"info","message":"GET /api/superadmin/requisitos-archivos/1 304 - 4ms","timestamp":"2026-08-05 10:56:15"}
{"level":"info","message":"[SOCKET] Forzando cierre de conexión para usuario ID: 1","timestamp":"2026-08-05 10:56:19"}
{"level":"info","message":"[SOCKET] Conexión cerrada: superadmin [ID: qMRBlVDxhoOkbqu5AAAq]","timestamp":"2026-08-05 10:56:19"}
{"level":"info","message":"POST /api/auth/logout 200 - 15ms","timestamp":"2026-08-05 10:56:19"}
{"level":"info","message":"GET /api/catalogos/convocatoria-activa 304 - 4ms","timestamp":"2026-08-05 10:56:19"}
{"level":"info","message":"GET /api/catalogos/categorias 304 - 7ms","timestamp":"2026-08-05 10:56:19"}
{"level":"info","message":"GET /api/catalogos/categorias 304 - 4ms","timestamp":"2026-08-05 10:56:19"}
{"level":"info","message":"GET /api/catalogos/convocatoria-activa 304 - 1ms","timestamp":"2026-08-05 10:56:22"}
{"level":"info","message":"GET /api/catalogos/categorias 304 - 6ms","timestamp":"2026-08-05 10:56:22"}
{"level":"info","message":"GET /api/catalogos/convocatoria-activa 304 - 4ms","timestamp":"2026-08-05 10:56:24"}
{"level":"info","message":"GET /api/catalogos/categorias 304 - 8ms","timestamp":"2026-08-05 10:56:24"}
{"level":"info","message":"GET /api/catalogos/categorias 304 - 3ms","timestamp":"2026-08-05 10:56:24"}
{"level":"info","message":"POST /api/auth/login 200 - 86ms","timestamp":"2026-08-05 10:56:35"}
{"level":"info","message":"[SOCKET] Conexión cerrada: validador [ID: eLm5qm24sxB0k7qOAAAl]","timestamp":"2026-08-05 10:56:35"}
{"level":"info","message":"[SOCKET] Conexión establecida: validador (Validador Valdes IECM) [ID: kLHNFlQK4teBfyJ9AAAs]","timestamp":"2026-08-05 10:56:35"}
{"level":"info","message":"[SOCKET] Conexión cerrada: validador [ID: kLHNFlQK4teBfyJ9AAAs]","timestamp":"2026-08-05 10:56:36"}
{"level":"info","message":"GET /api/catalogos/convocatoria-activa 304 - 5ms","timestamp":"2026-08-05 10:56:36"}
{"level":"info","message":"GET /api/notificaciones 304 - 11ms","timestamp":"2026-08-05 10:56:36"}
{"level":"info","message":"GET /api/catalogos/tema 304 - 8ms","timestamp":"2026-08-05 10:56:37"}
{"level":"info","message":"GET /api/catalogos/categorias 304 - 13ms","timestamp":"2026-08-05 10:56:37"}
{"level":"info","message":"[SOCKET] Conexión establecida: validador (Validador Valdes IECM) [ID: 5HClMGlrjG022aAsAAAv]","timestamp":"2026-08-05 10:56:37"}
{"level":"info","message":"GET /api/admin/participantes 200 - 24ms","timestamp":"2026-08-05 10:56:37"}
{"level":"info","message":"GET /api/notificaciones 304 - 5ms","timestamp":"2026-08-05 10:56:37"}
{"level":"info","message":"GET /api/catalogos/convocatoria-activa 200 - 2ms","timestamp":"2026-08-05 10:57:10"}
{"level":"info","message":"GET /api/catalogos/categorias 304 - 4ms","timestamp":"2026-08-05 10:57:10"}
{"level":"info","message":"GET /api/catalogos/categorias 304 - 3ms","timestamp":"2026-08-05 10:57:10"}
{"level":"info","message":"POST /api/auth/login 401 - 63ms","timestamp":"2026-08-05 10:57:17"}
{"level":"info","message":"POST /api/auth/login 200 - 90ms","timestamp":"2026-08-05 10:57:25"}
{"level":"info","message":"[SOCKET] Conexión establecida: superadmin (Superadmin Sistema IECM) [ID: EGeJH5T4uflIoUZCAAAx]","timestamp":"2026-08-05 10:57:25"}
{"level":"info","message":"[SOCKET] Conexión cerrada: superadmin [ID: EGeJH5T4uflIoUZCAAAx]","timestamp":"2026-08-05 10:57:27"}
{"level":"info","message":"GET /api/catalogos/convocatoria-activa 304 - 4ms","timestamp":"2026-08-05 10:57:27"}
{"level":"info","message":"GET /api/notificaciones 304 - 15ms","timestamp":"2026-08-05 10:57:27"}
{"level":"info","message":"GET /api/catalogos/tema 304 - 12ms","timestamp":"2026-08-05 10:57:27"}
{"level":"info","message":"GET /api/catalogos/categorias 304 - 20ms","timestamp":"2026-08-05 10:57:27"}
{"level":"info","message":"[SOCKET] Conexión establecida: superadmin (Superadmin Sistema IECM) [ID: 1CzKyDWaMamw7pgoAAA0]","timestamp":"2026-08-05 10:57:27"}
{"level":"info","message":"GET /api/superadmin/usuarios 200 - 32ms","timestamp":"2026-08-05 10:57:27"}
{"level":"info","message":"GET /api/notificaciones 304 - 5ms","timestamp":"2026-08-05 10:57:27"}
{"level":"info","message":"GET /api/superadmin/usuarios 304 - 10ms","timestamp":"2026-08-05 10:57:31"}
{"level":"info","message":"GET /api/superadmin/usuarios 304 - 12ms","timestamp":"2026-08-05 10:57:35"}
{"level":"info","message":"PUT /api/superadmin/usuarios/5 200 - 94ms","timestamp":"2026-08-05 10:57:38"}
{"level":"info","message":"GET /api/superadmin/usuarios 304 - 15ms","timestamp":"2026-08-05 10:57:38"}
{"level":"info","message":"GET /api/superadmin/usuarios 304 - 6ms","timestamp":"2026-08-05 10:57:39"}
{"level":"info","message":"[SOCKET] Forzando cierre de conexión para usuario ID: 1","timestamp":"2026-08-05 10:57:40"}
{"level":"info","message":"[SOCKET] Conexión cerrada: superadmin [ID: 1CzKyDWaMamw7pgoAAA0]","timestamp":"2026-08-05 10:57:40"}
{"level":"info","message":"POST /api/auth/logout 200 - 14ms","timestamp":"2026-08-05 10:57:40"}
{"level":"info","message":"GET /api/catalogos/convocatoria-activa 304 - 2ms","timestamp":"2026-08-05 10:57:40"}
{"level":"info","message":"GET /api/catalogos/categorias 304 - 3ms","timestamp":"2026-08-05 10:57:40"}
{"level":"info","message":"GET /api/catalogos/categorias 304 - 5ms","timestamp":"2026-08-05 10:57:40"}
{"level":"info","message":"POST /api/auth/login 200 - 77ms","timestamp":"2026-08-05 10:57:52"}
{"level":"info","message":"[SOCKET] Conexión establecida: Manuel (Manuel Crespo Serrano) [ID: fHvA0y6eJsvInMBOAAA2]","timestamp":"2026-08-05 10:57:52"}
{"level":"info","message":"[SOCKET] Conexión cerrada: Manuel [ID: fHvA0y6eJsvInMBOAAA2]","timestamp":"2026-08-05 10:57:54"}
{"level":"info","message":"GET /api/notificaciones 304 - 5ms","timestamp":"2026-08-05 10:57:54"}
{"level":"info","message":"GET /api/catalogos/tema 304 - 4ms","timestamp":"2026-08-05 10:57:54"}
{"level":"info","message":"GET /api/catalogos/convocatoria-activa 304 - 4ms","timestamp":"2026-08-05 10:57:54"}
{"level":"info","message":"GET /api/catalogos/alcaldias 304 - 6ms","timestamp":"2026-08-05 10:57:54"}
{"level":"info","message":"GET /api/catalogos/te-enteraste 304 - 6ms","timestamp":"2026-08-05 10:57:54"}
{"level":"info","message":"GET /api/catalogos/categorias 304 - 10ms","timestamp":"2026-08-05 10:57:54"}
{"level":"info","message":"GET /api/catalogos/manifestaciones 304 - 5ms","timestamp":"2026-08-05 10:57:54"}
{"level":"info","message":"[SOCKET] Conexión establecida: Manuel (Manuel Crespo Serrano) [ID: GZnBxzV1niWdS2UUAAA5]","timestamp":"2026-08-05 10:57:54"}
{"level":"info","message":"GET /api/notificaciones 304 - 6ms","timestamp":"2026-08-05 10:57:54"}
{"level":"info","message":"GET /api/catalogos/tema 304 - 4ms","timestamp":"2026-08-05 10:57:54"}
{"level":"info","message":"GET /api/catalogos/convocatoria-activa 304 - 5ms","timestamp":"2026-08-05 10:57:54"}
{"level":"info","message":"GET /api/catalogos/categorias 304 - 6ms","timestamp":"2026-08-05 10:57:54"}
{"level":"info","message":"GET /api/participante/mi-registro 200 - 8ms","timestamp":"2026-08-05 10:57:54"}
{"level":"info","message":"GET /api/catalogos/requisitos-archivos 304 - 5ms","timestamp":"2026-08-05 10:57:54"}
{"level":"info","message":"GET /api/participante/mis-archivos 304 - 5ms","timestamp":"2026-08-05 10:57:54"}
{"level":"info","message":"GET /api/admin/participante-archivos/3 304 - 6ms","timestamp":"2026-08-05 10:58:01"}
{"level":"info","message":"POST /api/admin/observaciones/3 200 - 46ms","timestamp":"2026-08-05 10:58:06"}
{"level":"info","message":"GET /api/admin/participantes 200 - 11ms","timestamp":"2026-08-05 10:58:06"}
{"level":"info","message":"[SOCKET] Conexión cerrada: Manuel [ID: GZnBxzV1niWdS2UUAAA5]","timestamp":"2026-08-05 10:58:11"}
{"level":"info","message":"GET /api/catalogos/tema 304 - 2ms","timestamp":"2026-08-05 10:58:11"}
{"level":"info","message":"GET /api/catalogos/tema 304 - 2ms","timestamp":"2026-08-05 10:58:11"}
{"level":"info","message":"GET /api/catalogos/convocatoria-activa 304 - 3ms","timestamp":"2026-08-05 10:58:11"}
{"level":"info","message":"GET /api/notificaciones 200 - 7ms","timestamp":"2026-08-05 10:58:11"}
{"level":"info","message":"GET /api/catalogos/categorias 304 - 8ms","timestamp":"2026-08-05 10:58:11"}
{"level":"info","message":"GET /api/catalogos/alcaldias 304 - 4ms","timestamp":"2026-08-05 10:58:11"}
{"level":"info","message":"GET /api/catalogos/te-enteraste 304 - 4ms","timestamp":"2026-08-05 10:58:11"}
{"level":"info","message":"GET /api/catalogos/tema 304 - 5ms","timestamp":"2026-08-05 10:58:11"}
{"level":"info","message":"GET /api/catalogos/manifestaciones 304 - 6ms","timestamp":"2026-08-05 10:58:11"}
{"level":"info","message":"GET /api/catalogos/convocatoria-activa 304 - 5ms","timestamp":"2026-08-05 10:58:11"}
{"level":"info","message":"[SOCKET] Conexión establecida: Manuel (Manuel Crespo Serrano) [ID: W1sYy_uKbZwEDXcCAAA9]","timestamp":"2026-08-05 10:58:11"}
{"level":"info","message":"GET /api/notificaciones 304 - 12ms","timestamp":"2026-08-05 10:58:11"}
{"level":"info","message":"GET /api/catalogos/categorias 304 - 8ms","timestamp":"2026-08-05 10:58:11"}
{"level":"info","message":"GET /api/participante/mi-registro 200 - 10ms","timestamp":"2026-08-05 10:58:11"}
{"level":"info","message":"GET /api/catalogos/requisitos-archivos 304 - 5ms","timestamp":"2026-08-05 10:58:11"}
{"level":"info","message":"GET /api/participante/mis-archivos 304 - 6ms","timestamp":"2026-08-05 10:58:11"}
{"level":"info","message":"GET /api/notificaciones 304 - 8ms","timestamp":"2026-08-05 10:58:16"}
{"level":"info","message":"POST /api/participante/subir-archivo-requisito 200 - 43ms","timestamp":"2026-08-05 10:58:36"}
{"level":"info","message":"GET /api/catalogos/requisitos-archivos 304 - 4ms","timestamp":"2026-08-05 10:58:36"}
{"level":"info","message":"GET /api/participante/mis-archivos 200 - 8ms","timestamp":"2026-08-05 10:58:36"}
{"level":"info","message":"GET /api/participante/mi-registro 200 - 10ms","timestamp":"2026-08-05 10:58:36"}
{"level":"info","message":"POST /api/participante/completar-registro 200 - 45ms","timestamp":"2026-08-05 10:58:39"}
{"level":"info","message":"GET /api/participante/mi-registro 200 - 13ms","timestamp":"2026-08-05 10:58:40"}
{"level":"info","message":"GET /api/notificaciones 304 - 7ms","timestamp":"2026-08-05 10:58:43"}
{"level":"info","message":"POST /api/notificaciones/marcar-leida 200 - 8ms","timestamp":"2026-08-05 10:58:43"}
{"level":"info","message":"GET /api/notificaciones 200 - 7ms","timestamp":"2026-08-05 10:58:45"}
{"level":"info","message":"[SOCKET] Conexión cerrada: validador [ID: 5HClMGlrjG022aAsAAAv]","timestamp":"2026-08-05 10:58:49"}
{"level":"info","message":"GET /api/catalogos/tema 304 - 3ms","timestamp":"2026-08-05 10:58:49"}
{"level":"info","message":"GET /api/catalogos/convocatoria-activa 304 - 3ms","timestamp":"2026-08-05 10:58:49"}
{"level":"info","message":"GET /api/notificaciones 304 - 11ms","timestamp":"2026-08-05 10:58:49"}
{"level":"info","message":"GET /api/catalogos/tema 304 - 8ms","timestamp":"2026-08-05 10:58:49"}
{"level":"info","message":"GET /api/catalogos/categorias 304 - 14ms","timestamp":"2026-08-05 10:58:49"}
{"level":"info","message":"[SOCKET] Conexión establecida: validador (Validador Valdes IECM) [ID: SK92Gy2k2AUq_JgNAABB]","timestamp":"2026-08-05 10:58:49"}
{"level":"info","message":"GET /api/admin/participantes 200 - 23ms","timestamp":"2026-08-05 10:58:49"}
{"level":"info","message":"GET /api/notificaciones 304 - 6ms","timestamp":"2026-08-05 10:58:49"}
{"level":"info","message":"GET /api/admin/participante-archivos/3 200 - 6ms","timestamp":"2026-08-05 10:58:53"}
{"level":"info","message":"POST /api/admin/validar/3 200 - 37ms","timestamp":"2026-08-05 10:59:02"}
{"level":"info","message":"GET /api/admin/participantes 200 - 10ms","timestamp":"2026-08-05 10:59:02"}
{"level":"info","message":"[SOCKET] Conexión cerrada: Manuel [ID: W1sYy_uKbZwEDXcCAAA9]","timestamp":"2026-08-05 10:59:05"}
{"level":"info","message":"GET /api/catalogos/tema 304 - 3ms","timestamp":"2026-08-05 10:59:05"}
{"level":"info","message":"GET /api/catalogos/convocatoria-activa 304 - 2ms","timestamp":"2026-08-05 10:59:05"}
{"level":"info","message":"GET /api/notificaciones 200 - 9ms","timestamp":"2026-08-05 10:59:05"}
{"level":"info","message":"GET /api/catalogos/alcaldias 304 - 5ms","timestamp":"2026-08-05 10:59:05"}
{"level":"info","message":"GET /api/catalogos/categorias 304 - 9ms","timestamp":"2026-08-05 10:59:05"}
{"level":"info","message":"GET /api/catalogos/manifestaciones 304 - 4ms","timestamp":"2026-08-05 10:59:05"}
{"level":"info","message":"GET /api/catalogos/te-enteraste 304 - 6ms","timestamp":"2026-08-05 10:59:05"}
{"level":"info","message":"GET /api/catalogos/tema 304 - 4ms","timestamp":"2026-08-05 10:59:05"}
{"level":"info","message":"GET /api/catalogos/convocatoria-activa 304 - 6ms","timestamp":"2026-08-05 10:59:05"}
{"level":"info","message":"[SOCKET] Conexión establecida: Manuel (Manuel Crespo Serrano) [ID: uOBDCz9XdklJS3YyAABF]","timestamp":"2026-08-05 10:59:05"}
{"level":"info","message":"GET /api/notificaciones 304 - 6ms","timestamp":"2026-08-05 10:59:05"}
{"level":"info","message":"GET /api/catalogos/tema 304 - 3ms","timestamp":"2026-08-05 10:59:05"}
{"level":"info","message":"GET /api/catalogos/categorias 304 - 8ms","timestamp":"2026-08-05 10:59:05"}
{"level":"info","message":"GET /api/participante/mi-registro 200 - 11ms","timestamp":"2026-08-05 10:59:05"}
{"level":"info","message":"GET /api/catalogos/requisitos-archivos 304 - 4ms","timestamp":"2026-08-05 10:59:05"}
{"level":"info","message":"GET /api/participante/mis-archivos 304 - 5ms","timestamp":"2026-08-05 10:59:05"}
{"level":"info","message":"GET /api/notificaciones 304 - 7ms","timestamp":"2026-08-05 10:59:11"}
{"level":"info","message":"GET /api/documentos/descargar-acuse 200 - 9ms","timestamp":"2026-08-05 10:59:20"}
{"level":"info","message":"GET /api/documentos/obtener-acuse?token=eyJhbGciOiJIUzI1NiIsInR5cCI6IkpXVCJ9.eyJpZF9wYXJ0aWNpcGFudGUiOjMsImlkX3VzdWFyaW8iOjUsImp0aSI6ImFhNzVhZGQzLTI5NjUtNGViZC05NzI2LTE2ZGYwZWQ1ZWE2MCIsImlhdCI6MTc4NTk0OTE2MCwiZXhwIjoxNzg1OTUwMDYwfQ.TjEV9s2grjhRERD0Z4oMQFdWsWYy-5MSIfAXBYqdDE0 200 - 89ms","timestamp":"2026-08-05 10:59:20"}
{"level":"info","message":"GET /api/participante/mi-registro 200 - 9ms","timestamp":"2026-08-05 10:59:22"}
{"level":"info","message":"[SOCKET] Forzando cierre de conexión para usuario ID: 7","timestamp":"2026-08-05 10:59:42"}
{"level":"info","message":"[SOCKET] Conexión cerrada: validador [ID: SK92Gy2k2AUq_JgNAABB]","timestamp":"2026-08-05 10:59:42"}
{"level":"info","message":"POST /api/auth/logout 200 - 10ms","timestamp":"2026-08-05 10:59:42"}
{"level":"info","message":"GET /api/catalogos/convocatoria-activa 304 - 2ms","timestamp":"2026-08-05 10:59:43"}
{"level":"info","message":"GET /api/catalogos/categorias 304 - 5ms","timestamp":"2026-08-05 10:59:43"}
{"level":"info","message":"GET /api/catalogos/categorias 304 - 6ms","timestamp":"2026-08-05 10:59:43"}
{"level":"info","message":"POST /api/auth/login 200 - 80ms","timestamp":"2026-08-05 10:59:50"}
{"level":"info","message":"[SOCKET] Conexión establecida: juez1 (Juez de Ensayo Jurado IECM) [ID: d_SLgabRKqHNosKTAABH]","timestamp":"2026-08-05 10:59:50"}
{"level":"info","message":"[SOCKET] Conexión cerrada: juez1 [ID: d_SLgabRKqHNosKTAABH]","timestamp":"2026-08-05 10:59:52"}
{"level":"info","message":"GET /api/catalogos/convocatoria-activa 304 - 11ms","timestamp":"2026-08-05 10:59:52"}
{"level":"info","message":"GET /api/notificaciones 304 - 18ms","timestamp":"2026-08-05 10:59:52"}
{"level":"info","message":"GET /api/catalogos/categorias 304 - 23ms","timestamp":"2026-08-05 10:59:52"}
{"level":"info","message":"GET /api/catalogos/tema 304 - 21ms","timestamp":"2026-08-05 10:59:52"}
{"level":"info","message":"[SOCKET] Conexión establecida: juez1 (Juez de Ensayo Jurado IECM) [ID: pEoZNHM0ICoOlDVzAABK]","timestamp":"2026-08-05 10:59:52"}
{"level":"info","message":"GET /api/juez/ensayos 200 - 36ms","timestamp":"2026-08-05 10:59:52"}
{"level":"info","message":"GET /api/notificaciones 304 - 8ms","timestamp":"2026-08-05 10:59:52"}
{"level":"info","message":"POST /api/juez/calificar 200 - 22ms","timestamp":"2026-08-05 11:00:49"}
{"level":"info","message":"GET /api/juez/ensayos 200 - 8ms","timestamp":"2026-08-05 11:00:49"}
{"level":"info","message":"[SOCKET] Forzando cierre de conexión para usuario ID: 5","timestamp":"2026-08-05 11:00:53"}
{"level":"info","message":"[SOCKET] Conexión cerrada: Manuel [ID: uOBDCz9XdklJS3YyAABF]","timestamp":"2026-08-05 11:00:53"}
{"level":"info","message":"POST /api/auth/logout 200 - 10ms","timestamp":"2026-08-05 11:00:53"}
{"level":"info","message":"GET /api/catalogos/convocatoria-activa 304 - 2ms","timestamp":"2026-08-05 11:00:54"}
{"level":"info","message":"GET /api/catalogos/categorias 304 - 4ms","timestamp":"2026-08-05 11:00:54"}
{"level":"info","message":"GET /api/catalogos/categorias 304 - 3ms","timestamp":"2026-08-05 11:00:54"}
{"level":"info","message":"POST /api/auth/login 200 - 67ms","timestamp":"2026-08-05 11:00:59"}
{"level":"info","message":"[SOCKET] Conexión establecida: validador (Validador Valdes IECM) [ID: MV1RIXVCaqgxA_WbAABM]","timestamp":"2026-08-05 11:00:59"}
{"level":"info","message":"[SOCKET] Conexión cerrada: validador [ID: MV1RIXVCaqgxA_WbAABM]","timestamp":"2026-08-05 11:01:01"}
{"level":"info","message":"GET /api/catalogos/convocatoria-activa 304 - 7ms","timestamp":"2026-08-05 11:01:01"}
{"level":"info","message":"GET /api/notificaciones 200 - 15ms","timestamp":"2026-08-05 11:01:01"}
{"level":"info","message":"GET /api/catalogos/tema 304 - 11ms","timestamp":"2026-08-05 11:01:01"}
{"level":"info","message":"[SOCKET] Conexión establecida: validador (Validador Valdes IECM) [ID: ABVO8m4t7gj_KmD1AABP]","timestamp":"2026-08-05 11:01:01"}
{"level":"info","message":"GET /api/catalogos/categorias 304 - 22ms","timestamp":"2026-08-05 11:01:01"}
{"level":"info","message":"GET /api/notificaciones 304 - 7ms","timestamp":"2026-08-05 11:01:01"}
{"level":"info","message":"GET /api/admin/participantes 200 - 33ms","timestamp":"2026-08-05 11:01:01"}
{"level":"info","message":"[SOCKET] Conexión cerrada: validador [ID: ABVO8m4t7gj_KmD1AABP]","timestamp":"2026-08-05 11:01:08"}
{"level":"info","message":"GET /api/catalogos/tema 304 - 3ms","timestamp":"2026-08-05 11:01:09"}
{"level":"info","message":"GET /api/notificaciones 304 - 6ms","timestamp":"2026-08-05 11:01:09"}
{"level":"info","message":"GET /api/catalogos/convocatoria-activa 304 - 4ms","timestamp":"2026-08-05 11:01:09"}
{"level":"info","message":"GET /api/catalogos/tema 304 - 5ms","timestamp":"2026-08-05 11:01:09"}
{"level":"info","message":"GET /api/catalogos/categorias 304 - 9ms","timestamp":"2026-08-05 11:01:09"}
{"level":"info","message":"GET /api/admin/participantes 304 - 21ms","timestamp":"2026-08-05 11:01:09"}
{"level":"info","message":"[SOCKET] Conexión establecida: validador (Validador Valdes IECM) [ID: bw-k7PVx6gjxQQEJAABT]","timestamp":"2026-08-05 11:01:09"}
{"level":"info","message":"GET /api/notificaciones 304 - 9ms","timestamp":"2026-08-05 11:01:09"}
{"level":"info","message":"POST /api/juez/calificar 200 - 15ms","timestamp":"2026-08-05 11:01:22"}
{"level":"info","message":"GET /api/juez/ensayos 200 - 7ms","timestamp":"2026-08-05 11:01:22"}
{"level":"info","message":"[SOCKET] Conexión cerrada: validador [ID: bw-k7PVx6gjxQQEJAABT]","timestamp":"2026-08-05 11:01:26"}
{"level":"info","message":"GET /api/catalogos/tema 304 - 2ms","timestamp":"2026-08-05 11:01:26"}
{"level":"info","message":"GET /api/notificaciones 304 - 5ms","timestamp":"2026-08-05 11:01:26"}
{"level":"info","message":"GET /api/catalogos/convocatoria-activa 304 - 6ms","timestamp":"2026-08-05 11:01:26"}
{"level":"info","message":"GET /api/catalogos/tema 304 - 4ms","timestamp":"2026-08-05 11:01:26"}
{"level":"info","message":"GET /api/catalogos/categorias 304 - 10ms","timestamp":"2026-08-05 11:01:26"}
{"level":"info","message":"GET /api/admin/participantes 200 - 20ms","timestamp":"2026-08-05 11:01:26"}
{"level":"info","message":"[SOCKET] Conexión establecida: validador (Validador Valdes IECM) [ID: ljpBTIfYKeQDkrH2AABX]","timestamp":"2026-08-05 11:01:26"}
{"level":"info","message":"GET /api/notificaciones 304 - 12ms","timestamp":"2026-08-05 11:01:26"}
{"level":"info","message":"POST /api/juez/calificar 200 - 17ms","timestamp":"2026-08-05 11:01:30"}
{"level":"info","message":"GET /api/juez/ensayos 200 - 6ms","timestamp":"2026-08-05 11:01:30"}
{"level":"info","message":"[SOCKET] Conexión cerrada: validador [ID: ljpBTIfYKeQDkrH2AABX]","timestamp":"2026-08-05 11:01:32"}
{"level":"info","message":"GET /api/catalogos/tema 304 - 3ms","timestamp":"2026-08-05 11:01:32"}
{"level":"info","message":"GET /api/catalogos/convocatoria-activa 304 - 4ms","timestamp":"2026-08-05 11:01:32"}
{"level":"info","message":"GET /api/notificaciones 304 - 9ms","timestamp":"2026-08-05 11:01:32"}
{"level":"info","message":"GET /api/catalogos/categorias 304 - 8ms","timestamp":"2026-08-05 11:01:32"}
{"level":"info","message":"GET /api/catalogos/tema 304 - 3ms","timestamp":"2026-08-05 11:01:32"}
{"level":"info","message":"GET /api/admin/participantes 200 - 21ms","timestamp":"2026-08-05 11:01:32"}
{"level":"info","message":"[SOCKET] Conexión establecida: validador (Validador Valdes IECM) [ID: MgwqW8gTMGDY2uCUAABb]","timestamp":"2026-08-05 11:01:32"}
{"level":"info","message":"GET /api/notificaciones 304 - 9ms","timestamp":"2026-08-05 11:01:32"}
{"level":"info","message":"[SOCKET] Forzando cierre de conexión para usuario ID: 8","timestamp":"2026-08-05 11:02:05"}
{"level":"info","message":"[SOCKET] Conexión cerrada: juez1 [ID: pEoZNHM0ICoOlDVzAABK]","timestamp":"2026-08-05 11:02:05"}
{"level":"info","message":"POST /api/auth/logout 200 - 13ms","timestamp":"2026-08-05 11:02:05"}
{"level":"info","message":"GET /api/catalogos/convocatoria-activa 304 - 5ms","timestamp":"2026-08-05 11:02:05"}
{"level":"info","message":"GET /api/catalogos/categorias 304 - 8ms","timestamp":"2026-08-05 11:02:05"}
{"level":"info","message":"GET /api/catalogos/categorias 304 - 4ms","timestamp":"2026-08-05 11:02:05"}
{"level":"info","message":"POST /api/auth/login 200 - 65ms","timestamp":"2026-08-05 11:02:12"}
{"level":"info","message":"[SOCKET] Conexión establecida: superadmin (Superadmin Sistema IECM) [ID: qozzv0OpECgG0Cm-AABd]","timestamp":"2026-08-05 11:02:12"}
{"level":"info","message":"[SOCKET] Conexión cerrada: superadmin [ID: qozzv0OpECgG0Cm-AABd]","timestamp":"2026-08-05 11:02:14"}
{"level":"info","message":"GET /api/notificaciones 304 - 5ms","timestamp":"2026-08-05 11:02:14"}
{"level":"info","message":"GET /api/catalogos/convocatoria-activa 304 - 4ms","timestamp":"2026-08-05 11:02:14"}
{"level":"info","message":"GET /api/catalogos/tema 304 - 7ms","timestamp":"2026-08-05 11:02:14"}
{"level":"info","message":"[SOCKET] Conexión establecida: superadmin (Superadmin Sistema IECM) [ID: AazROKCBZTc071kNAABg]","timestamp":"2026-08-05 11:02:14"}
{"level":"info","message":"GET /api/catalogos/categorias 304 - 20ms","timestamp":"2026-08-05 11:02:14"}
{"level":"info","message":"GET /api/notificaciones 304 - 15ms","timestamp":"2026-08-05 11:02:14"}
{"level":"info","message":"GET /api/superadmin/usuarios 200 - 29ms","timestamp":"2026-08-05 11:02:14"}
{"level":"info","message":"GET /api/superadmin/usuarios 304 - 10ms","timestamp":"2026-08-05 11:02:18"}
{"level":"info","message":"GET /api/superadmin/convocatorias 304 - 6ms","timestamp":"2026-08-05 11:02:21"}
{"level":"info","message":"GET /api/superadmin/categorias/1 304 - 5ms","timestamp":"2026-08-05 11:02:21"}
{"level":"info","message":"GET /api/superadmin/requisitos-archivos/1 304 - 4ms","timestamp":"2026-08-05 11:02:21"}
{"level":"info","message":"GET /api/superadmin/categorias/1 304 - 7ms","timestamp":"2026-08-05 11:02:24"}
{"level":"info","message":"GET /api/superadmin/requisitos-archivos/1 304 - 7ms","timestamp":"2026-08-05 11:02:24"}
{"level":"info","message":"POST /api/superadmin/tema 200 - 18ms","timestamp":"2026-08-05 11:02:38"}
{"level":"info","message":"POST /api/superadmin/tema 200 - 14ms","timestamp":"2026-08-05 11:02:44"}
{"level":"info","message":"[SOCKET] Forzando cierre de conexión para usuario ID: 1","timestamp":"2026-08-05 11:02:57"}
{"level":"info","message":"[SOCKET] Conexión cerrada: superadmin [ID: AazROKCBZTc071kNAABg]","timestamp":"2026-08-05 11:02:57"}
{"level":"info","message":"POST /api/auth/logout 200 - 14ms","timestamp":"2026-08-05 11:02:57"}
{"level":"info","message":"GET /api/catalogos/convocatoria-activa 304 - 3ms","timestamp":"2026-08-05 11:02:57"}
{"level":"info","message":"GET /api/catalogos/categorias 304 - 7ms","timestamp":"2026-08-05 11:02:57"}
{"level":"info","message":"GET /api/catalogos/categorias 304 - 7ms","timestamp":"2026-08-05 11:02:57"}
{"level":"info","message":"POST /api/auth/login 200 - 76ms","timestamp":"2026-08-05 11:03:07"}
{"level":"info","message":"[SOCKET] Conexión establecida: superadmin (Superadmin Sistema IECM) [ID: WJbbq6VP_8KFKp-aAABi]","timestamp":"2026-08-05 11:03:07"}
{"level":"info","message":"[SOCKET] Conexión cerrada: superadmin [ID: WJbbq6VP_8KFKp-aAABi]","timestamp":"2026-08-05 11:03:09"}
{"level":"info","message":"GET /api/catalogos/convocatoria-activa 304 - 5ms","timestamp":"2026-08-05 11:03:09"}
{"level":"info","message":"GET /api/notificaciones 304 - 10ms","timestamp":"2026-08-05 11:03:09"}
{"level":"info","message":"GET /api/catalogos/tema 200 - 8ms","timestamp":"2026-08-05 11:03:09"}
{"level":"info","message":"GET /api/catalogos/categorias 304 - 16ms","timestamp":"2026-08-05 11:03:09"}
{"level":"info","message":"[SOCKET] Conexión establecida: superadmin (Superadmin Sistema IECM) [ID: VR4fotc5aHLAeHTxAABl]","timestamp":"2026-08-05 11:03:09"}
{"level":"info","message":"GET /api/superadmin/usuarios 304 - 24ms","timestamp":"2026-08-05 11:03:09"}
{"level":"info","message":"GET /api/notificaciones 304 - 6ms","timestamp":"2026-08-05 11:03:09"}
{"level":"info","message":"GET /api/superadmin/convocatorias 304 - 5ms","timestamp":"2026-08-05 11:03:12"}
{"level":"info","message":"GET /api/superadmin/categorias/1 304 - 4ms","timestamp":"2026-08-05 11:03:12"}
{"level":"info","message":"GET /api/superadmin/requisitos-archivos/1 304 - 5ms","timestamp":"2026-08-05 11:03:12"}
{"level":"info","message":"POST /api/superadmin/convocatorias 200 - 21ms","timestamp":"2026-08-05 11:03:36"}
{"level":"info","message":"GET /api/catalogos/convocatoria-activa 200 - 3ms","timestamp":"2026-08-05 11:03:36"}
{"level":"info","message":"GET /api/catalogos/categorias 304 - 4ms","timestamp":"2026-08-05 11:03:36"}
{"level":"info","message":"GET /api/superadmin/convocatorias 200 - 4ms","timestamp":"2026-08-05 11:03:36"}
{"level":"info","message":"GET /api/superadmin/categorias/1 304 - 5ms","timestamp":"2026-08-05 11:03:36"}
{"level":"info","message":"GET /api/superadmin/requisitos-archivos/1 304 - 5ms","timestamp":"2026-08-05 11:03:36"}
{"level":"info","message":"[SOCKET] Forzando cierre de conexión para usuario ID: 1","timestamp":"2026-08-05 11:03:40"}
{"level":"info","message":"[SOCKET] Conexión cerrada: superadmin [ID: VR4fotc5aHLAeHTxAABl]","timestamp":"2026-08-05 11:03:40"}
{"level":"info","message":"POST /api/auth/logout 200 - 14ms","timestamp":"2026-08-05 11:03:40"}
{"level":"info","message":"GET /api/catalogos/convocatoria-activa 304 - 2ms","timestamp":"2026-08-05 11:03:40"}
{"level":"info","message":"GET /api/catalogos/categorias 304 - 8ms","timestamp":"2026-08-05 11:03:40"}
{"level":"info","message":"GET /api/catalogos/categorias 304 - 3ms","timestamp":"2026-08-05 11:03:40"}
{"level":"info","message":"GET /api/catalogos/convocatoria-activa 304 - 2ms","timestamp":"2026-08-05 11:08:27"}
{"level":"info","message":"GET /api/catalogos/categorias 304 - 5ms","timestamp":"2026-08-05 11:08:27"}
{"level":"info","message":"GET /api/admin/participantes 304 - 11ms","timestamp":"2026-08-05 11:17:21"}
{"level":"info","message":"[SOCKET] Forzando cierre de conexión para usuario ID: 7","timestamp":"2026-08-05 11:17:24"}
{"level":"info","message":"[SOCKET] Conexión cerrada: validador [ID: MgwqW8gTMGDY2uCUAABb]","timestamp":"2026-08-05 11:17:24"}
{"level":"info","message":"POST /api/auth/logout 200 - 11ms","timestamp":"2026-08-05 11:17:24"}
{"level":"info","message":"GET /api/catalogos/convocatoria-activa 200 - 3ms","timestamp":"2026-08-05 11:17:24"}
{"level":"info","message":"GET /api/catalogos/categorias 304 - 8ms","timestamp":"2026-08-05 11:17:24"}
{"level":"info","message":"GET /api/catalogos/categorias 304 - 5ms","timestamp":"2026-08-05 11:17:24"}
{"level":"info","message":"GET /api/catalogos/convocatoria-activa 304 - 3ms","timestamp":"2026-08-05 11:17:48"}
{"level":"info","message":"GET /api/catalogos/categorias 304 - 6ms","timestamp":"2026-08-05 11:17:48"}
{"level":"info","message":"GET /api/catalogos/convocatoria-activa 304 - 3ms","timestamp":"2026-08-05 11:24:34"}
{"level":"info","message":"GET /api/catalogos/categorias 304 - 4ms","timestamp":"2026-08-05 11:24:34"}
{"level":"info","message":"GET /api/catalogos/categorias 304 - 3ms","timestamp":"2026-08-05 11:24:34"}
{"level":"info","message":"POST /api/auth/login 200 - 71ms","timestamp":"2026-08-05 11:24:46"}
{"level":"info","message":"[SOCKET] Conexión establecida: superadmin (Superadmin Sistema IECM) [ID: DhVK5bU_uBooSxlZAABn]","timestamp":"2026-08-05 11:24:46"}
{"level":"info","message":"[SOCKET] Conexión cerrada: superadmin [ID: DhVK5bU_uBooSxlZAABn]","timestamp":"2026-08-05 11:24:48"}
{"level":"info","message":"GET /api/catalogos/convocatoria-activa 304 - 6ms","timestamp":"2026-08-05 11:24:48"}
{"level":"info","message":"GET /api/notificaciones 304 - 11ms","timestamp":"2026-08-05 11:24:48"}
{"level":"info","message":"GET /api/catalogos/categorias 304 - 15ms","timestamp":"2026-08-05 11:24:48"}
{"level":"info","message":"GET /api/catalogos/tema 304 - 10ms","timestamp":"2026-08-05 11:24:48"}
{"level":"info","message":"[SOCKET] Conexión establecida: superadmin (Superadmin Sistema IECM) [ID: amVypdY7zneQoAcgAABq]","timestamp":"2026-08-05 11:24:48"}
{"level":"info","message":"GET /api/superadmin/usuarios 200 - 28ms","timestamp":"2026-08-05 11:24:48"}
{"level":"info","message":"GET /api/notificaciones 304 - 9ms","timestamp":"2026-08-05 11:24:48"}
{"level":"info","message":"GET /api/superadmin/usuarios 304 - 7ms","timestamp":"2026-08-05 11:24:52"}
{"level":"info","message":"GET /api/superadmin/usuarios 304 - 5ms","timestamp":"2026-08-05 11:24:56"}
{"level":"info","message":"GET /api/notificaciones 304 - 5ms","timestamp":"2026-08-05 11:24:57"}
{"level":"info","message":"GET /api/superadmin/usuarios 304 - 8ms","timestamp":"2026-08-05 11:25:00"}
{"level":"info","message":"GET /api/superadmin/usuarios 304 - 8ms","timestamp":"2026-08-05 11:25:08"}
{"level":"info","message":"GET /api/superadmin/usuarios 304 - 6ms","timestamp":"2026-08-05 11:25:12"}
{"level":"info","message":"GET /api/superadmin/usuarios 304 - 7ms","timestamp":"2026-08-05 11:25:16"}
{"level":"info","message":"GET /api/superadmin/usuarios 304 - 10ms","timestamp":"2026-08-05 11:25:20"}
{"level":"info","message":"GET /api/superadmin/usuarios 304 - 6ms","timestamp":"2026-08-05 11:25:24"}
{"level":"info","message":"GET /api/superadmin/usuarios 304 - 6ms","timestamp":"2026-08-05 11:25:28"}
{"level":"info","message":"GET /api/superadmin/usuarios 304 - 7ms","timestamp":"2026-08-05 11:25:32"}
{"level":"info","message":"GET /api/superadmin/usuarios 304 - 6ms","timestamp":"2026-08-05 11:25:36"}
{"level":"info","message":"GET /api/superadmin/usuarios 304 - 5ms","timestamp":"2026-08-05 11:25:40"}
{"level":"info","message":"GET /api/superadmin/usuarios 304 - 6ms","timestamp":"2026-08-05 11:25:44"}
{"level":"info","message":"GET /api/superadmin/usuarios 304 - 6ms","timestamp":"2026-08-05 11:25:48"}
{"level":"info","message":"GET /api/superadmin/usuarios 304 - 6ms","timestamp":"2026-08-05 11:25:52"}
{"level":"info","message":"GET /api/superadmin/usuarios 304 - 6ms","timestamp":"2026-08-05 11:25:56"}
{"level":"info","message":"GET /api/superadmin/usuarios 304 - 7ms","timestamp":"2026-08-05 11:26:00"}
{"level":"info","message":"GET /api/superadmin/usuarios 304 - 9ms","timestamp":"2026-08-05 11:26:04"}
{"level":"info","message":"GET /api/superadmin/usuarios 304 - 6ms","timestamp":"2026-08-05 11:26:08"}
{"level":"info","message":"GET /api/superadmin/usuarios 304 - 6ms","timestamp":"2026-08-05 11:26:12"}
{"level":"info","message":"GET /api/superadmin/usuarios 304 - 7ms","timestamp":"2026-08-05 11:26:16"}
{"level":"info","message":"GET /api/superadmin/usuarios 304 - 6ms","timestamp":"2026-08-05 11:26:20"}
{"level":"info","message":"GET /api/superadmin/usuarios 304 - 6ms","timestamp":"2026-08-05 11:26:24"}
{"level":"info","message":"GET /api/superadmin/usuarios 304 - 5ms","timestamp":"2026-08-05 11:26:28"}
{"level":"info","message":"GET /api/superadmin/usuarios 304 - 6ms","timestamp":"2026-08-05 11:26:32"}
{"level":"info","message":"GET /api/superadmin/usuarios 304 - 6ms","timestamp":"2026-08-05 11:26:36"}
{"level":"info","message":"GET /api/superadmin/usuarios 304 - 6ms","timestamp":"2026-08-05 11:26:40"}
{"level":"info","message":"GET /api/superadmin/usuarios 304 - 6ms","timestamp":"2026-08-05 11:26:44"}
{"level":"info","message":"GET /api/superadmin/usuarios 304 - 6ms","timestamp":"2026-08-05 11:26:48"}
{"level":"info","message":"GET /api/superadmin/usuarios 304 - 5ms","timestamp":"2026-08-05 11:26:52"}
{"level":"info","message":"GET /api/superadmin/usuarios 304 - 6ms","timestamp":"2026-08-05 11:26:56"}
{"level":"info","message":"GET /api/superadmin/usuarios 304 - 6ms","timestamp":"2026-08-05 11:27:00"}
{"level":"info","message":"GET /api/superadmin/usuarios 304 - 7ms","timestamp":"2026-08-05 11:27:04"}
{"level":"info","message":"GET /api/superadmin/usuarios 304 - 5ms","timestamp":"2026-08-05 11:27:08"}
{"level":"info","message":"GET /api/superadmin/usuarios 304 - 7ms","timestamp":"2026-08-05 11:27:12"}
{"level":"info","message":"GET /api/superadmin/usuarios 304 - 7ms","timestamp":"2026-08-05 11:27:16"}
{"level":"info","message":"GET /api/superadmin/usuarios 304 - 6ms","timestamp":"2026-08-05 11:27:20"}
{"level":"info","message":"GET /api/superadmin/usuarios 304 - 5ms","timestamp":"2026-08-05 11:27:24"}
{"level":"info","message":"GET /api/superadmin/usuarios 304 - 6ms","timestamp":"2026-08-05 11:27:28"}
{"level":"info","message":"GET /api/superadmin/usuarios 304 - 5ms","timestamp":"2026-08-05 11:27:32"}
{"level":"info","message":"GET /api/superadmin/usuarios 304 - 7ms","timestamp":"2026-08-05 11:27:36"}
{"level":"info","message":"GET /api/superadmin/usuarios 304 - 5ms","timestamp":"2026-08-05 11:27:40"}
{"level":"info","message":"GET /api/superadmin/usuarios 304 - 6ms","timestamp":"2026-08-05 11:27:44"}
{"level":"info","message":"GET /api/superadmin/usuarios 304 - 6ms","timestamp":"2026-08-05 11:27:48"}
{"level":"info","message":"GET /api/superadmin/usuarios 304 - 5ms","timestamp":"2026-08-05 11:27:52"}
{"level":"info","message":"GET /api/superadmin/usuarios 304 - 6ms","timestamp":"2026-08-05 11:27:56"}
{"level":"info","message":"GET /api/superadmin/usuarios 304 - 5ms","timestamp":"2026-08-05 11:28:00"}
{"level":"info","message":"GET /api/superadmin/usuarios 304 - 7ms","timestamp":"2026-08-05 11:28:04"}
{"level":"info","message":"GET /api/superadmin/usuarios 304 - 6ms","timestamp":"2026-08-05 11:28:08"}
{"level":"info","message":"GET /api/superadmin/usuarios 304 - 6ms","timestamp":"2026-08-05 11:28:12"}
{"level":"info","message":"GET /api/superadmin/usuarios 304 - 5ms","timestamp":"2026-08-05 11:28:16"}
{"level":"info","message":"GET /api/superadmin/usuarios 304 - 7ms","timestamp":"2026-08-05 11:28:20"}
{"level":"info","message":"GET /api/superadmin/usuarios 304 - 6ms","timestamp":"2026-08-05 11:28:24"}
{"level":"info","message":"GET /api/superadmin/usuarios 304 - 7ms","timestamp":"2026-08-05 11:28:28"}
{"level":"info","message":"GET /api/superadmin/usuarios 304 - 5ms","timestamp":"2026-08-05 11:28:32"}
{"level":"info","message":"GET /api/superadmin/usuarios 304 - 7ms","timestamp":"2026-08-05 11:28:36"}
{"level":"info","message":"GET /api/superadmin/usuarios 304 - 5ms","timestamp":"2026-08-05 11:28:40"}
{"level":"info","message":"GET /api/superadmin/usuarios 304 - 6ms","timestamp":"2026-08-05 11:28:44"}
{"level":"info","message":"GET /api/superadmin/usuarios 304 - 7ms","timestamp":"2026-08-05 11:28:48"}
{"level":"info","message":"GET /api/superadmin/usuarios 304 - 6ms","timestamp":"2026-08-05 11:28:52"}
{"level":"info","message":"GET /api/superadmin/usuarios 304 - 6ms","timestamp":"2026-08-05 11:28:56"}
{"level":"info","message":"GET /api/superadmin/usuarios 304 - 7ms","timestamp":"2026-08-05 11:29:00"}
{"level":"info","message":"GET /api/superadmin/usuarios 304 - 6ms","timestamp":"2026-08-05 11:29:04"}
{"level":"info","message":"GET /api/superadmin/usuarios 304 - 6ms","timestamp":"2026-08-05 11:29:08"}
{"level":"info","message":"GET /api/superadmin/usuarios 304 - 6ms","timestamp":"2026-08-05 11:29:12"}
{"level":"info","message":"GET /api/superadmin/usuarios 304 - 5ms","timestamp":"2026-08-05 11:29:16"}
{"level":"info","message":"GET /api/superadmin/usuarios 304 - 7ms","timestamp":"2026-08-05 11:29:20"}
{"level":"info","message":"GET /api/superadmin/usuarios 304 - 6ms","timestamp":"2026-08-05 11:29:24"}
{"level":"info","message":"GET /api/superadmin/usuarios 304 - 7ms","timestamp":"2026-08-05 11:29:28"}
{"level":"info","message":"GET /api/superadmin/usuarios 304 - 5ms","timestamp":"2026-08-05 11:29:32"}
{"level":"info","message":"GET /api/superadmin/usuarios 304 - 6ms","timestamp":"2026-08-05 11:29:36"}
{"level":"info","message":"GET /api/superadmin/usuarios 304 - 6ms","timestamp":"2026-08-05 11:29:40"}
{"level":"info","message":"GET /api/superadmin/usuarios 304 - 5ms","timestamp":"2026-08-05 11:29:44"}
{"level":"info","message":"GET /api/superadmin/usuarios 304 - 7ms","timestamp":"2026-08-05 11:29:48"}
{"level":"info","message":"GET /api/superadmin/usuarios 304 - 6ms","timestamp":"2026-08-05 11:29:52"}
{"level":"info","message":"GET /api/superadmin/usuarios 304 - 5ms","timestamp":"2026-08-05 11:29:56"}
{"level":"info","message":"GET /api/superadmin/usuarios 304 - 6ms","timestamp":"2026-08-05 11:30:00"}
{"level":"info","message":"GET /api/superadmin/usuarios 304 - 6ms","timestamp":"2026-08-05 11:30:04"}
{"level":"info","message":"GET /api/superadmin/usuarios 304 - 7ms","timestamp":"2026-08-05 11:30:08"}
{"level":"info","message":"GET /api/superadmin/usuarios 304 - 6ms","timestamp":"2026-08-05 11:30:12"}
{"level":"info","message":"GET /api/superadmin/usuarios 304 - 5ms","timestamp":"2026-08-05 11:30:16"}
{"level":"info","message":"GET /api/superadmin/usuarios 304 - 9ms","timestamp":"2026-08-05 11:30:20"}
{"level":"info","message":"GET /api/superadmin/usuarios 304 - 5ms","timestamp":"2026-08-05 11:30:24"}
{"level":"info","message":"GET /api/superadmin/usuarios 304 - 5ms","timestamp":"2026-08-05 11:30:28"}
{"level":"info","message":"GET /api/superadmin/usuarios 304 - 5ms","timestamp":"2026-08-05 11:30:32"}
{"level":"info","message":"GET /api/superadmin/usuarios 304 - 5ms","timestamp":"2026-08-05 11:30:36"}
{"level":"info","message":"GET /api/superadmin/usuarios 304 - 6ms","timestamp":"2026-08-05 11:30:40"}
{"level":"info","message":"GET /api/superadmin/usuarios 304 - 5ms","timestamp":"2026-08-05 11:30:44"}
{"level":"info","message":"GET /api/superadmin/usuarios 304 - 6ms","timestamp":"2026-08-05 11:30:48"}
{"level":"info","message":"GET /api/superadmin/usuarios 304 - 6ms","timestamp":"2026-08-05 11:30:52"}
{"level":"info","message":"GET /api/superadmin/usuarios 304 - 5ms","timestamp":"2026-08-05 11:30:56"}
{"level":"info","message":"GET /api/superadmin/usuarios 304 - 5ms","timestamp":"2026-08-05 11:31:00"}
{"level":"info","message":"GET /api/superadmin/usuarios 304 - 6ms","timestamp":"2026-08-05 11:31:04"}
{"level":"info","message":"GET /api/superadmin/usuarios 304 - 6ms","timestamp":"2026-08-05 11:31:08"}
{"level":"info","message":"GET /api/superadmin/usuarios 304 - 5ms","timestamp":"2026-08-05 11:31:12"}
{"level":"info","message":"GET /api/superadmin/usuarios 304 - 6ms","timestamp":"2026-08-05 11:31:16"}
{"level":"info","message":"GET /api/superadmin/usuarios 304 - 5ms","timestamp":"2026-08-05 11:31:20"}
{"level":"info","message":"GET /api/superadmin/usuarios 304 - 6ms","timestamp":"2026-08-05 11:31:24"}
{"level":"info","message":"GET /api/superadmin/usuarios 304 - 6ms","timestamp":"2026-08-05 11:31:28"}
{"level":"info","message":"GET /api/superadmin/usuarios 304 - 5ms","timestamp":"2026-08-05 11:31:32"}
{"level":"info","message":"GET /api/superadmin/usuarios 304 - 6ms","timestamp":"2026-08-05 11:31:36"}
{"level":"info","message":"GET /api/superadmin/usuarios 304 - 6ms","timestamp":"2026-08-05 11:31:40"}
{"level":"info","message":"GET /api/superadmin/usuarios 304 - 7ms","timestamp":"2026-08-05 11:31:44"}
{"level":"info","message":"GET /api/superadmin/usuarios 304 - 6ms","timestamp":"2026-08-05 11:31:48"}
{"level":"info","message":"GET /api/superadmin/usuarios 304 - 6ms","timestamp":"2026-08-05 11:31:52"}
{"level":"info","message":"GET /api/superadmin/usuarios 304 - 5ms","timestamp":"2026-08-05 11:31:56"}
{"level":"info","message":"GET /api/superadmin/usuarios 304 - 6ms","timestamp":"2026-08-05 11:32:00"}
{"level":"info","message":"GET /api/superadmin/usuarios 304 - 6ms","timestamp":"2026-08-05 11:32:04"}
{"level":"info","message":"GET /api/superadmin/usuarios 304 - 7ms","timestamp":"2026-08-05 11:32:08"}
{"level":"info","message":"GET /api/superadmin/usuarios 304 - 5ms","timestamp":"2026-08-05 11:32:12"}
{"level":"info","message":"GET /api/superadmin/usuarios 304 - 6ms","timestamp":"2026-08-05 11:32:16"}
{"level":"info","message":"GET /api/superadmin/usuarios 304 - 5ms","timestamp":"2026-08-05 11:32:20"}
{"level":"info","message":"GET /api/superadmin/usuarios 304 - 6ms","timestamp":"2026-08-05 11:32:24"}
{"level":"info","message":"GET /api/superadmin/usuarios 304 - 5ms","timestamp":"2026-08-05 11:32:28"}
{"level":"info","message":"GET /api/superadmin/usuarios 304 - 6ms","timestamp":"2026-08-05 11:32:32"}
{"level":"info","message":"GET /api/superadmin/usuarios 304 - 6ms","timestamp":"2026-08-05 11:32:36"}
{"level":"info","message":"GET /api/superadmin/usuarios 304 - 7ms","timestamp":"2026-08-05 11:32:40"}
{"level":"info","message":"GET /api/superadmin/usuarios 304 - 7ms","timestamp":"2026-08-05 11:32:44"}
{"level":"info","message":"GET /api/superadmin/usuarios 304 - 6ms","timestamp":"2026-08-05 11:32:48"}
{"level":"info","message":"GET /api/superadmin/usuarios 304 - 6ms","timestamp":"2026-08-05 11:32:52"}
{"level":"info","message":"GET /api/superadmin/usuarios 304 - 6ms","timestamp":"2026-08-05 11:32:56"}
{"level":"info","message":"GET /api/superadmin/usuarios 304 - 5ms","timestamp":"2026-08-05 11:33:00"}
{"level":"info","message":"GET /api/superadmin/usuarios 304 - 10ms","timestamp":"2026-08-05 11:33:04"}
{"level":"info","message":"GET /api/superadmin/usuarios 304 - 6ms","timestamp":"2026-08-05 11:33:08"}
{"level":"info","message":"GET /api/superadmin/usuarios 304 - 7ms","timestamp":"2026-08-05 11:33:12"}
{"level":"info","message":"GET /api/superadmin/usuarios 304 - 6ms","timestamp":"2026-08-05 11:33:16"}
{"level":"info","message":"GET /api/superadmin/usuarios 304 - 6ms","timestamp":"2026-08-05 11:33:20"}
{"level":"info","message":"GET /api/superadmin/usuarios 304 - 6ms","timestamp":"2026-08-05 11:33:24"}
{"level":"info","message":"GET /api/superadmin/usuarios 304 - 6ms","timestamp":"2026-08-05 11:33:28"}
{"level":"info","message":"GET /api/superadmin/usuarios 304 - 5ms","timestamp":"2026-08-05 11:33:32"}
{"level":"info","message":"GET /api/superadmin/usuarios 304 - 5ms","timestamp":"2026-08-05 11:33:36"}
{"level":"info","message":"GET /api/superadmin/usuarios 304 - 6ms","timestamp":"2026-08-05 11:33:40"}
{"level":"info","message":"GET /api/superadmin/usuarios 304 - 7ms","timestamp":"2026-08-05 11:33:44"}
{"level":"info","message":"GET /api/superadmin/usuarios 304 - 6ms","timestamp":"2026-08-05 11:33:48"}
{"level":"info","message":"GET /api/superadmin/usuarios 304 - 7ms","timestamp":"2026-08-05 11:33:52"}
{"level":"info","message":"GET /api/superadmin/usuarios 304 - 6ms","timestamp":"2026-08-05 11:33:56"}
{"level":"info","message":"GET /api/superadmin/usuarios 304 - 6ms","timestamp":"2026-08-05 11:34:00"}
{"level":"info","message":"GET /api/superadmin/usuarios 304 - 7ms","timestamp":"2026-08-05 11:34:04"}
{"level":"info","message":"GET /api/superadmin/usuarios 304 - 6ms","timestamp":"2026-08-05 11:34:08"}
{"level":"info","message":"GET /api/superadmin/usuarios 304 - 7ms","timestamp":"2026-08-05 11:34:12"}
{"level":"info","message":"GET /api/superadmin/usuarios 304 - 6ms","timestamp":"2026-08-05 11:34:16"}
{"level":"info","message":"GET /api/superadmin/usuarios 304 - 6ms","timestamp":"2026-08-05 11:34:20"}
{"level":"info","message":"GET /api/superadmin/usuarios 304 - 6ms","timestamp":"2026-08-05 11:34:24"}
{"level":"info","message":"GET /api/superadmin/usuarios 304 - 5ms","timestamp":"2026-08-05 11:34:28"}
{"level":"info","message":"GET /api/superadmin/usuarios 304 - 4ms","timestamp":"2026-08-05 11:34:32"}
{"level":"info","message":"GET /api/superadmin/usuarios 304 - 6ms","timestamp":"2026-08-05 11:34:36"}
{"level":"info","message":"GET /api/superadmin/usuarios 304 - 5ms","timestamp":"2026-08-05 11:34:40"}
{"level":"info","message":"GET /api/superadmin/usuarios 304 - 8ms","timestamp":"2026-08-05 11:34:44"}
{"level":"info","message":"GET /api/superadmin/usuarios 304 - 13ms","timestamp":"2026-08-05 11:34:48"}
{"level":"info","message":"GET /api/superadmin/usuarios 304 - 8ms","timestamp":"2026-08-05 11:34:52"}
{"level":"info","message":"GET /api/superadmin/usuarios 304 - 6ms","timestamp":"2026-08-05 11:34:56"}
{"level":"info","message":"GET /api/superadmin/usuarios 304 - 8ms","timestamp":"2026-08-05 11:35:00"}
{"level":"info","message":"GET /api/superadmin/usuarios 304 - 6ms","timestamp":"2026-08-05 11:35:04"}
{"level":"info","message":"GET /api/superadmin/usuarios 304 - 7ms","timestamp":"2026-08-05 11:35:08"}
{"level":"info","message":"GET /api/superadmin/usuarios 304 - 6ms","timestamp":"2026-08-05 11:35:12"}
{"level":"info","message":"GET /api/superadmin/usuarios 304 - 6ms","timestamp":"2026-08-05 11:35:16"}
{"level":"info","message":"GET /api/superadmin/usuarios 304 - 13ms","timestamp":"2026-08-05 11:35:20"}
{"level":"info","message":"GET /api/superadmin/usuarios 304 - 7ms","timestamp":"2026-08-05 11:35:24"}
{"level":"info","message":"GET /api/superadmin/usuarios 304 - 7ms","timestamp":"2026-08-05 11:35:28"}
{"level":"info","message":"GET /api/superadmin/usuarios 304 - 6ms","timestamp":"2026-08-05 11:35:32"}
{"level":"info","message":"GET /api/superadmin/usuarios 304 - 6ms","timestamp":"2026-08-05 11:35:36"}
{"level":"info","message":"GET /api/superadmin/usuarios 304 - 5ms","timestamp":"2026-08-05 11:35:40"}
{"level":"info","message":"GET /api/superadmin/usuarios 304 - 6ms","timestamp":"2026-08-05 11:35:44"}
{"level":"info","message":"GET /api/superadmin/usuarios 304 - 8ms","timestamp":"2026-08-05 11:35:48"}
{"level":"info","message":"GET /api/superadmin/usuarios 304 - 6ms","timestamp":"2026-08-05 11:35:52"}
{"level":"info","message":"GET /api/superadmin/usuarios 304 - 5ms","timestamp":"2026-08-05 11:35:56"}
{"level":"info","message":"GET /api/superadmin/usuarios 304 - 6ms","timestamp":"2026-08-05 11:36:00"}
{"level":"info","message":"GET /api/superadmin/usuarios 304 - 8ms","timestamp":"2026-08-05 11:36:04"}
{"level":"info","message":"GET /api/superadmin/usuarios 304 - 7ms","timestamp":"2026-08-05 11:36:08"}
{"level":"info","message":"GET /api/superadmin/usuarios 304 - 6ms","timestamp":"2026-08-05 11:36:12"}
{"level":"info","message":"GET /api/superadmin/usuarios 304 - 11ms","timestamp":"2026-08-05 11:36:16"}
{"level":"info","message":"GET /api/superadmin/usuarios 304 - 10ms","timestamp":"2026-08-05 11:36:20"}
{"level":"info","message":"GET /api/superadmin/usuarios 304 - 6ms","timestamp":"2026-08-05 11:36:24"}
{"level":"info","message":"GET /api/superadmin/usuarios 304 - 9ms","timestamp":"2026-08-05 11:36:28"}
{"level":"info","message":"GET /api/superadmin/usuarios 304 - 7ms","timestamp":"2026-08-05 11:36:32"}
{"level":"info","message":"GET /api/superadmin/usuarios 304 - 5ms","timestamp":"2026-08-05 11:36:36"}
{"level":"info","message":"GET /api/superadmin/usuarios 304 - 6ms","timestamp":"2026-08-05 11:36:40"}
{"level":"info","message":"GET /api/superadmin/usuarios 304 - 6ms","timestamp":"2026-08-05 11:36:44"}
{"level":"info","message":"GET /api/superadmin/usuarios 304 - 5ms","timestamp":"2026-08-05 11:36:48"}
{"level":"info","message":"GET /api/superadmin/usuarios 304 - 6ms","timestamp":"2026-08-05 11:36:52"}
{"level":"info","message":"GET /api/superadmin/usuarios 304 - 10ms","timestamp":"2026-08-05 11:36:56"}
{"level":"info","message":"GET /api/superadmin/usuarios 304 - 8ms","timestamp":"2026-08-05 11:37:00"}
{"level":"info","message":"GET /api/superadmin/usuarios 304 - 9ms","timestamp":"2026-08-05 11:37:04"}
{"level":"info","message":"GET /api/superadmin/usuarios 304 - 5ms","timestamp":"2026-08-05 11:37:08"}
{"level":"info","message":"GET /api/superadmin/usuarios 304 - 6ms","timestamp":"2026-08-05 11:37:12"}
{"level":"info","message":"GET /api/superadmin/usuarios 304 - 7ms","timestamp":"2026-08-05 11:37:16"}
{"level":"info","message":"GET /api/superadmin/usuarios 304 - 7ms","timestamp":"2026-08-05 11:37:20"}
{"level":"info","message":"GET /api/superadmin/usuarios 304 - 6ms","timestamp":"2026-08-05 11:37:24"}
{"level":"info","message":"GET /api/superadmin/usuarios 304 - 9ms","timestamp":"2026-08-05 11:37:28"}
{"level":"info","message":"GET /api/superadmin/usuarios 304 - 7ms","timestamp":"2026-08-05 11:37:32"}
{"level":"info","message":"GET /api/superadmin/usuarios 304 - 7ms","timestamp":"2026-08-05 11:37:36"}
{"level":"info","message":"GET /api/superadmin/usuarios 304 - 8ms","timestamp":"2026-08-05 11:37:40"}
{"level":"info","message":"GET /api/superadmin/usuarios 304 - 7ms","timestamp":"2026-08-05 11:37:44"}
{"level":"info","message":"GET /api/superadmin/usuarios 304 - 12ms","timestamp":"2026-08-05 11:37:48"}
{"level":"info","message":"GET /api/superadmin/usuarios 304 - 9ms","timestamp":"2026-08-05 11:37:52"}
{"level":"info","message":"GET /api/superadmin/usuarios 304 - 9ms","timestamp":"2026-08-05 11:37:56"}
{"level":"info","message":"GET /api/superadmin/usuarios 304 - 7ms","timestamp":"2026-08-05 11:38:00"}
{"level":"info","message":"GET /api/superadmin/usuarios 304 - 9ms","timestamp":"2026-08-05 11:38:04"}
{"level":"info","message":"GET /api/superadmin/usuarios 304 - 8ms","timestamp":"2026-08-05 11:38:08"}
{"level":"info","message":"GET /api/superadmin/usuarios 304 - 9ms","timestamp":"2026-08-05 11:38:12"}
{"level":"info","message":"GET /api/superadmin/usuarios 304 - 9ms","timestamp":"2026-08-05 11:38:16"}
{"level":"info","message":"GET /api/superadmin/usuarios 304 - 8ms","timestamp":"2026-08-05 11:38:20"}
{"level":"info","message":"GET /api/superadmin/usuarios 304 - 8ms","timestamp":"2026-08-05 11:38:24"}
{"level":"info","message":"GET /api/superadmin/usuarios 304 - 7ms","timestamp":"2026-08-05 11:38:28"}
{"level":"info","message":"GET /api/superadmin/usuarios 304 - 7ms","timestamp":"2026-08-05 11:38:32"}
{"level":"info","message":"GET /api/superadmin/usuarios 304 - 6ms","timestamp":"2026-08-05 11:38:36"}
{"level":"info","message":"GET /api/superadmin/usuarios 304 - 8ms","timestamp":"2026-08-05 11:38:40"}
{"level":"info","message":"GET /api/superadmin/usuarios 304 - 10ms","timestamp":"2026-08-05 11:38:44"}
{"level":"info","message":"GET /api/superadmin/usuarios 304 - 5ms","timestamp":"2026-08-05 11:38:48"}
{"level":"info","message":"GET /api/superadmin/usuarios 304 - 7ms","timestamp":"2026-08-05 11:38:52"}
{"level":"info","message":"GET /api/superadmin/usuarios 304 - 6ms","timestamp":"2026-08-05 11:38:56"}
{"level":"info","message":"GET /api/superadmin/usuarios 304 - 9ms","timestamp":"2026-08-05 11:39:00"}
{"level":"info","message":"GET /api/superadmin/usuarios 304 - 11ms","timestamp":"2026-08-05 11:39:04"}
{"level":"info","message":"GET /api/superadmin/usuarios 304 - 8ms","timestamp":"2026-08-05 11:39:08"}
{"level":"info","message":"GET /api/superadmin/usuarios 304 - 9ms","timestamp":"2026-08-05 11:39:12"}
{"level":"info","message":"GET /api/superadmin/usuarios 304 - 7ms","timestamp":"2026-08-05 11:39:16"}
{"level":"info","message":"GET /api/superadmin/usuarios 304 - 7ms","timestamp":"2026-08-05 11:39:20"}
{"level":"info","message":"GET /api/superadmin/usuarios 304 - 8ms","timestamp":"2026-08-05 11:39:24"}
{"level":"info","message":"GET /api/superadmin/usuarios 304 - 6ms","timestamp":"2026-08-05 11:39:28"}
{"level":"info","message":"GET /api/superadmin/usuarios 304 - 5ms","timestamp":"2026-08-05 11:39:32"}
{"level":"info","message":"GET /api/superadmin/usuarios 304 - 8ms","timestamp":"2026-08-05 11:39:36"}
{"level":"info","message":"GET /api/superadmin/usuarios 304 - 7ms","timestamp":"2026-08-05 11:39:40"}
{"level":"info","message":"GET /api/superadmin/usuarios 304 - 6ms","timestamp":"2026-08-05 11:39:44"}
{"level":"info","message":"GET /api/superadmin/usuarios 304 - 12ms","timestamp":"2026-08-05 11:39:48"}
{"level":"info","message":"GET /api/superadmin/usuarios 304 - 11ms","timestamp":"2026-08-05 11:39:52"}
{"level":"info","message":"GET /api/superadmin/usuarios 304 - 6ms","timestamp":"2026-08-05 11:39:56"}
{"level":"info","message":"GET /api/superadmin/usuarios 304 - 8ms","timestamp":"2026-08-05 11:40:00"}
{"level":"info","message":"GET /api/superadmin/usuarios 304 - 5ms","timestamp":"2026-08-05 11:40:04"}
{"level":"info","message":"GET /api/superadmin/usuarios 304 - 6ms","timestamp":"2026-08-05 11:40:08"}
{"level":"info","message":"GET /api/superadmin/usuarios 304 - 6ms","timestamp":"2026-08-05 11:40:12"}
{"level":"info","message":"GET /api/superadmin/usuarios 304 - 6ms","timestamp":"2026-08-05 11:40:16"}
{"level":"info","message":"GET /api/superadmin/usuarios 304 - 5ms","timestamp":"2026-08-05 11:40:20"}
{"level":"info","message":"GET /api/superadmin/usuarios 304 - 6ms","timestamp":"2026-08-05 11:40:24"}
{"level":"info","message":"GET /api/superadmin/usuarios 304 - 6ms","timestamp":"2026-08-05 11:40:28"}
{"level":"info","message":"GET /api/superadmin/usuarios 304 - 5ms","timestamp":"2026-08-05 11:40:32"}
{"level":"info","message":"GET /api/superadmin/usuarios 304 - 5ms","timestamp":"2026-08-05 11:40:36"}
{"level":"info","message":"GET /api/superadmin/usuarios 304 - 6ms","timestamp":"2026-08-05 11:40:40"}
{"level":"info","message":"GET /api/superadmin/usuarios 304 - 5ms","timestamp":"2026-08-05 11:40:44"}
{"level":"info","message":"GET /api/superadmin/usuarios 304 - 5ms","timestamp":"2026-08-05 11:40:48"}
{"level":"info","message":"GET /api/superadmin/usuarios 304 - 6ms","timestamp":"2026-08-05 11:40:52"}
{"level":"info","message":"GET /api/superadmin/usuarios 304 - 6ms","timestamp":"2026-08-05 11:40:56"}
{"level":"info","message":"GET /api/superadmin/usuarios 304 - 6ms","timestamp":"2026-08-05 11:41:00"}
{"level":"info","message":"GET /api/superadmin/usuarios 304 - 6ms","timestamp":"2026-08-05 11:41:04"}
{"level":"info","message":"GET /api/superadmin/usuarios 304 - 6ms","timestamp":"2026-08-05 11:41:08"}
{"level":"info","message":"GET /api/superadmin/usuarios 304 - 6ms","timestamp":"2026-08-05 11:41:12"}
{"level":"info","message":"GET /api/superadmin/usuarios 304 - 6ms","timestamp":"2026-08-05 11:41:16"}
{"level":"info","message":"GET /api/superadmin/usuarios 304 - 5ms","timestamp":"2026-08-05 11:41:20"}
{"level":"info","message":"GET /api/superadmin/usuarios 304 - 6ms","timestamp":"2026-08-05 11:41:24"}
{"level":"info","message":"GET /api/superadmin/usuarios 304 - 6ms","timestamp":"2026-08-05 11:41:28"}
{"level":"info","message":"GET /api/superadmin/usuarios 304 - 5ms","timestamp":"2026-08-05 11:41:32"}
{"level":"info","message":"GET /api/superadmin/usuarios 304 - 7ms","timestamp":"2026-08-05 11:41:36"}
{"level":"info","message":"GET /api/superadmin/usuarios 304 - 6ms","timestamp":"2026-08-05 11:41:40"}
{"level":"info","message":"GET /api/superadmin/usuarios 304 - 5ms","timestamp":"2026-08-05 11:41:44"}
{"level":"info","message":"GET /api/superadmin/usuarios 304 - 4ms","timestamp":"2026-08-05 11:41:48"}
{"level":"info","message":"GET /api/superadmin/usuarios 304 - 5ms","timestamp":"2026-08-05 11:41:52"}
{"level":"info","message":"GET /api/superadmin/usuarios 304 - 7ms","timestamp":"2026-08-05 11:41:56"}
{"level":"info","message":"GET /api/superadmin/usuarios 304 - 6ms","timestamp":"2026-08-05 11:42:00"}
{"level":"info","message":"GET /api/superadmin/usuarios 304 - 4ms","timestamp":"2026-08-05 11:42:04"}
{"level":"info","message":"GET /api/superadmin/usuarios 304 - 4ms","timestamp":"2026-08-05 11:42:09"}
{"level":"info","message":"GET /api/superadmin/usuarios 304 - 6ms","timestamp":"2026-08-05 11:42:13"}
{"level":"info","message":"GET /api/superadmin/usuarios 304 - 6ms","timestamp":"2026-08-05 11:42:17"}
{"level":"info","message":"GET /api/superadmin/usuarios 304 - 6ms","timestamp":"2026-08-05 11:42:21"}
{"level":"info","message":"GET /api/superadmin/usuarios 304 - 6ms","timestamp":"2026-08-05 11:42:25"}
{"level":"info","message":"GET /api/superadmin/usuarios 304 - 6ms","timestamp":"2026-08-05 11:42:29"}
{"level":"info","message":"GET /api/superadmin/usuarios 304 - 8ms","timestamp":"2026-08-05 11:42:33"}
{"level":"info","message":"GET /api/superadmin/usuarios 304 - 5ms","timestamp":"2026-08-05 11:42:37"}
{"level":"info","message":"GET /api/superadmin/usuarios 304 - 8ms","timestamp":"2026-08-05 11:42:41"}
{"level":"info","message":"GET /api/superadmin/usuarios 304 - 6ms","timestamp":"2026-08-05 11:42:45"}
{"level":"info","message":"GET /api/superadmin/usuarios 304 - 7ms","timestamp":"2026-08-05 11:42:49"}
{"level":"info","message":"GET /api/superadmin/usuarios 304 - 7ms","timestamp":"2026-08-05 11:42:53"}
{"level":"info","message":"GET /api/superadmin/usuarios 304 - 8ms","timestamp":"2026-08-05 11:42:57"}
{"level":"info","message":"GET /api/superadmin/usuarios 304 - 7ms","timestamp":"2026-08-05 11:43:01"}
{"level":"info","message":"GET /api/superadmin/usuarios 304 - 5ms","timestamp":"2026-08-05 11:43:05"}
{"level":"info","message":"GET /api/superadmin/usuarios 304 - 6ms","timestamp":"2026-08-05 11:43:15"}
{"level":"info","message":"GET /api/superadmin/usuarios 304 - 6ms","timestamp":"2026-08-05 11:44:15"}
{"level":"info","message":"GET /api/superadmin/usuarios 304 - 5ms","timestamp":"2026-08-05 11:45:15"}
{"level":"info","message":"GET /api/superadmin/usuarios 304 - 7ms","timestamp":"2026-08-05 11:45:25"}
{"level":"info","message":"GET /api/superadmin/usuarios 304 - 7ms","timestamp":"2026-08-05 11:45:29"}
{"level":"info","message":"GET /api/superadmin/usuarios 304 - 7ms","timestamp":"2026-08-05 11:45:33"}
{"level":"info","message":"GET /api/superadmin/usuarios 304 - 6ms","timestamp":"2026-08-05 11:45:37"}
{"level":"info","message":"GET /api/superadmin/usuarios 304 - 7ms","timestamp":"2026-08-05 11:45:41"}
{"level":"info","message":"GET /api/superadmin/usuarios 304 - 5ms","timestamp":"2026-08-05 11:45:45"}
{"level":"info","message":"GET /api/superadmin/usuarios 304 - 6ms","timestamp":"2026-08-05 11:45:49"}
{"level":"info","message":"GET /api/superadmin/usuarios 304 - 5ms","timestamp":"2026-08-05 11:45:53"}
{"level":"info","message":"GET /api/superadmin/usuarios 304 - 6ms","timestamp":"2026-08-05 11:45:57"}
{"level":"info","message":"GET /api/superadmin/usuarios 304 - 7ms","timestamp":"2026-08-05 11:46:01"}
{"level":"info","message":"GET /api/superadmin/usuarios 304 - 5ms","timestamp":"2026-08-05 11:46:05"}
{"level":"info","message":"GET /api/superadmin/usuarios 304 - 5ms","timestamp":"2026-08-05 11:46:09"}
{"level":"info","message":"GET /api/superadmin/usuarios 304 - 5ms","timestamp":"2026-08-05 11:46:13"}
{"level":"info","message":"GET /api/superadmin/usuarios 304 - 8ms","timestamp":"2026-08-05 11:46:17"}
{"level":"info","message":"GET /api/superadmin/usuarios 304 - 8ms","timestamp":"2026-08-05 11:46:21"}
{"level":"info","message":"GET /api/superadmin/usuarios 304 - 8ms","timestamp":"2026-08-05 11:46:25"}
{"level":"info","message":"GET /api/superadmin/usuarios 304 - 6ms","timestamp":"2026-08-05 11:47:15"}
{"level":"info","message":"GET /api/superadmin/usuarios 304 - 4ms","timestamp":"2026-08-05 11:48:15"}
{"level":"info","message":"GET /api/superadmin/usuarios 304 - 5ms","timestamp":"2026-08-05 11:49:15"}
{"level":"info","message":"GET /api/superadmin/usuarios 304 - 5ms","timestamp":"2026-08-05 11:50:15"}
{"level":"info","message":"GET /api/superadmin/usuarios 304 - 7ms","timestamp":"2026-08-05 11:51:15"}
{"level":"info","message":"GET /api/superadmin/usuarios 304 - 5ms","timestamp":"2026-08-05 11:52:15"}
{"level":"info","message":"GET /api/superadmin/usuarios 304 - 6ms","timestamp":"2026-08-05 11:53:15"}
{"level":"info","message":"GET /api/superadmin/usuarios 304 - 5ms","timestamp":"2026-08-05 11:54:15"}
{"level":"info","message":"GET /api/superadmin/usuarios 304 - 6ms","timestamp":"2026-08-05 11:55:15"}
{"level":"info","message":"GET /api/superadmin/usuarios 304 - 5ms","timestamp":"2026-08-05 11:56:15"}
{"level":"info","message":"GET /api/superadmin/usuarios 304 - 5ms","timestamp":"2026-08-05 11:57:15"}
{"level":"info","message":"GET /api/superadmin/usuarios 304 - 6ms","timestamp":"2026-08-05 11:58:15"}
{"level":"info","message":"GET /api/superadmin/usuarios 304 - 5ms","timestamp":"2026-08-05 11:59:15"}
{"level":"info","message":"GET /api/superadmin/usuarios 304 - 6ms","timestamp":"2026-08-05 12:00:15"}
{"level":"info","message":"GET /api/superadmin/usuarios 304 - 5ms","timestamp":"2026-08-05 12:01:15"}
{"level":"info","message":"GET /api/superadmin/usuarios 304 - 7ms","timestamp":"2026-08-05 12:02:15"}
{"level":"info","message":"GET /api/superadmin/usuarios 304 - 7ms","timestamp":"2026-08-05 12:03:15"}
{"level":"info","message":"GET /api/superadmin/usuarios 304 - 5ms","timestamp":"2026-08-05 12:04:15"}
{"level":"info","message":"GET /api/superadmin/usuarios 304 - 7ms","timestamp":"2026-08-05 12:05:15"}
{"level":"info","message":"GET /api/superadmin/usuarios 304 - 7ms","timestamp":"2026-08-05 12:06:15"}
{"level":"info","message":"GET /api/superadmin/usuarios 304 - 5ms","timestamp":"2026-08-05 12:07:15"}
{"level":"info","message":"GET /api/superadmin/usuarios 304 - 6ms","timestamp":"2026-08-05 12:08:15"}
{"level":"info","message":"GET /api/superadmin/usuarios 304 - 7ms","timestamp":"2026-08-05 12:09:15"}
{"level":"info","message":"GET /api/superadmin/usuarios 304 - 6ms","timestamp":"2026-08-05 12:10:15"}
{"level":"info","message":"GET /api/superadmin/usuarios 304 - 9ms","timestamp":"2026-08-05 12:11:15"}
{"level":"info","message":"GET /api/superadmin/usuarios 304 - 6ms","timestamp":"2026-08-05 12:12:15"}
{"level":"info","message":"GET /api/superadmin/usuarios 304 - 6ms","timestamp":"2026-08-05 12:13:15"}
{"level":"info","message":"GET /api/superadmin/usuarios 304 - 7ms","timestamp":"2026-08-05 12:14:15"}
{"level":"info","message":"GET /api/superadmin/usuarios 304 - 6ms","timestamp":"2026-08-05 12:15:15"}
{"level":"info","message":"GET /api/superadmin/usuarios 304 - 7ms","timestamp":"2026-08-05 12:16:15"}
{"level":"info","message":"GET /api/superadmin/usuarios 304 - 8ms","timestamp":"2026-08-05 12:17:15"}
{"level":"info","message":"GET /api/superadmin/usuarios 304 - 7ms","timestamp":"2026-08-05 12:18:15"}
{"level":"info","message":"GET /api/superadmin/usuarios 304 - 7ms","timestamp":"2026-08-05 12:19:15"}
{"level":"info","message":"GET /api/superadmin/usuarios 304 - 6ms","timestamp":"2026-08-05 12:20:15"}
{"level":"info","message":"GET /api/superadmin/usuarios 304 - 10ms","timestamp":"2026-08-05 12:21:15"}
{"level":"info","message":"GET /api/superadmin/usuarios 304 - 6ms","timestamp":"2026-08-05 12:22:15"}
{"level":"info","message":"GET /api/superadmin/usuarios 304 - 7ms","timestamp":"2026-08-05 12:23:15"}
{"level":"info","message":"GET /api/superadmin/usuarios 304 - 6ms","timestamp":"2026-08-05 12:24:15"}
{"level":"info","message":"GET /api/superadmin/usuarios 304 - 6ms","timestamp":"2026-08-05 12:25:15"}
{"level":"info","message":"GET /api/superadmin/usuarios 304 - 7ms","timestamp":"2026-08-05 12:26:15"}
{"level":"info","message":"GET /api/superadmin/usuarios 304 - 7ms","timestamp":"2026-08-05 12:27:15"}
{"level":"info","message":"GET /api/superadmin/usuarios 304 - 7ms","timestamp":"2026-08-05 12:28:15"}
{"level":"info","message":"GET /api/superadmin/usuarios 304 - 6ms","timestamp":"2026-08-05 12:29:15"}
{"level":"info","message":"GET /api/superadmin/usuarios 304 - 7ms","timestamp":"2026-08-05 12:30:15"}
{"level":"info","message":"GET /api/superadmin/usuarios 304 - 7ms","timestamp":"2026-08-05 12:31:15"}
{"level":"info","message":"GET /api/superadmin/usuarios 304 - 6ms","timestamp":"2026-08-05 12:32:15"}
{"level":"info","message":"GET /api/superadmin/usuarios 304 - 6ms","timestamp":"2026-08-05 12:33:15"}
{"level":"info","message":"GET /api/superadmin/usuarios 304 - 7ms","timestamp":"2026-08-05 12:34:15"}
{"level":"info","message":"GET /api/superadmin/usuarios 304 - 6ms","timestamp":"2026-08-05 12:35:15"}
{"level":"info","message":"GET /api/superadmin/usuarios 304 - 6ms","timestamp":"2026-08-05 12:36:15"}
{"level":"info","message":"GET /api/superadmin/usuarios 304 - 6ms","timestamp":"2026-08-05 12:37:15"}
{"level":"info","message":"GET /api/superadmin/usuarios 304 - 7ms","timestamp":"2026-08-05 12:38:15"}
{"level":"info","message":"GET /api/superadmin/usuarios 304 - 7ms","timestamp":"2026-08-05 12:39:15"}
{"level":"info","message":"GET /api/superadmin/usuarios 304 - 7ms","timestamp":"2026-08-05 12:40:15"}
{"level":"info","message":"GET /api/superadmin/usuarios 304 - 7ms","timestamp":"2026-08-05 12:41:15"}
{"level":"info","message":"GET /api/superadmin/usuarios 304 - 6ms","timestamp":"2026-08-05 12:42:15"}
{"level":"info","message":"GET /api/superadmin/usuarios 304 - 9ms","timestamp":"2026-08-05 12:43:15"}
{"level":"info","message":"GET /api/superadmin/usuarios 304 - 7ms","timestamp":"2026-08-05 12:44:15"}
{"level":"info","message":"GET /api/superadmin/usuarios 304 - 7ms","timestamp":"2026-08-05 12:45:15"}
{"level":"info","message":"GET /api/superadmin/usuarios 304 - 7ms","timestamp":"2026-08-05 12:46:15"}
{"level":"info","message":"GET /api/superadmin/usuarios 304 - 6ms","timestamp":"2026-08-05 12:47:15"}
{"level":"info","message":"GET /api/superadmin/usuarios 304 - 6ms","timestamp":"2026-08-05 12:48:15"}
{"level":"info","message":"GET /api/superadmin/usuarios 304 - 6ms","timestamp":"2026-08-05 12:49:15"}
{"level":"info","message":"GET /api/superadmin/usuarios 304 - 7ms","timestamp":"2026-08-05 12:50:15"}
{"level":"info","message":"GET /api/superadmin/usuarios 304 - 9ms","timestamp":"2026-08-05 12:51:15"}
{"level":"info","message":"GET /api/superadmin/usuarios 304 - 7ms","timestamp":"2026-08-05 12:52:15"}
{"level":"info","message":"GET /api/superadmin/usuarios 304 - 6ms","timestamp":"2026-08-05 12:53:15"}
{"level":"info","message":"GET /api/superadmin/usuarios 304 - 11ms","timestamp":"2026-08-05 12:54:15"}
{"level":"info","message":"GET /api/superadmin/usuarios 304 - 9ms","timestamp":"2026-08-05 12:55:15"}
{"level":"info","message":"GET /api/superadmin/usuarios 304 - 8ms","timestamp":"2026-08-05 12:56:15"}
{"level":"info","message":"GET /api/superadmin/usuarios 304 - 6ms","timestamp":"2026-08-05 12:57:15"}
{"level":"info","message":"GET /api/superadmin/usuarios 304 - 7ms","timestamp":"2026-08-05 12:58:15"}
{"level":"info","message":"GET /api/superadmin/usuarios 304 - 7ms","timestamp":"2026-08-05 12:59:15"}
{"level":"info","message":"GET /api/superadmin/usuarios 304 - 7ms","timestamp":"2026-08-05 13:00:15"}
{"level":"info","message":"GET /api/superadmin/usuarios 304 - 10ms","timestamp":"2026-08-05 13:01:15"}
{"level":"info","message":"GET /api/superadmin/usuarios 304 - 11ms","timestamp":"2026-08-05 13:02:15"}
{"level":"info","message":"GET /api/superadmin/usuarios 304 - 7ms","timestamp":"2026-08-05 13:03:15"}
{"level":"info","message":"GET /api/superadmin/usuarios 304 - 8ms","timestamp":"2026-08-05 13:04:15"}
{"level":"info","message":"GET /api/superadmin/usuarios 304 - 6ms","timestamp":"2026-08-05 13:05:15"}
{"level":"info","message":"GET /api/superadmin/usuarios 304 - 7ms","timestamp":"2026-08-05 13:06:15"}
{"level":"info","message":"GET /api/superadmin/usuarios 304 - 5ms","timestamp":"2026-08-05 13:07:15"}
{"level":"info","message":"GET /api/superadmin/usuarios 304 - 6ms","timestamp":"2026-08-05 13:08:15"}
{"level":"info","message":"GET /api/superadmin/usuarios 304 - 12ms","timestamp":"2026-08-05 13:09:15"}
{"level":"info","message":"GET /api/superadmin/usuarios 304 - 10ms","timestamp":"2026-08-05 13:10:15"}
{"level":"info","message":"GET /api/superadmin/usuarios 304 - 13ms","timestamp":"2026-08-05 13:11:15"}
{"level":"info","message":"GET /api/superadmin/usuarios 304 - 7ms","timestamp":"2026-08-05 13:12:15"}
{"level":"info","message":"GET /api/superadmin/usuarios 304 - 5ms","timestamp":"2026-08-05 13:13:15"}
{"level":"info","message":"GET /api/superadmin/usuarios 304 - 7ms","timestamp":"2026-08-05 13:14:15"}
{"level":"info","message":"GET /api/superadmin/usuarios 304 - 14ms","timestamp":"2026-08-05 13:15:15"}
{"level":"info","message":"GET /api/superadmin/usuarios 304 - 6ms","timestamp":"2026-08-05 13:16:15"}
{"level":"info","message":"GET /api/superadmin/usuarios 304 - 8ms","timestamp":"2026-08-05 13:17:15"}
{"level":"info","message":"GET /api/superadmin/usuarios 304 - 10ms","timestamp":"2026-08-05 13:18:15"}
{"level":"info","message":"GET /api/superadmin/usuarios 304 - 11ms","timestamp":"2026-08-05 13:19:15"}
{"level":"info","message":"GET /api/superadmin/usuarios 304 - 7ms","timestamp":"2026-08-05 13:20:15"}
{"level":"info","message":"GET /api/superadmin/usuarios 304 - 7ms","timestamp":"2026-08-05 13:21:15"}
{"level":"info","message":"GET /api/superadmin/usuarios 304 - 7ms","timestamp":"2026-08-05 13:22:15"}
{"level":"info","message":"GET /api/superadmin/usuarios 304 - 6ms","timestamp":"2026-08-05 13:23:15"}
{"level":"info","message":"GET /api/superadmin/usuarios 304 - 6ms","timestamp":"2026-08-05 13:24:15"}
{"level":"info","message":"GET /api/superadmin/usuarios 304 - 6ms","timestamp":"2026-08-05 13:25:15"}
{"level":"info","message":"GET /api/superadmin/usuarios 304 - 6ms","timestamp":"2026-08-05 13:26:15"}
{"level":"info","message":"GET /api/superadmin/usuarios 304 - 8ms","timestamp":"2026-08-05 13:27:15"}
{"level":"info","message":"GET /api/superadmin/usuarios 304 - 9ms","timestamp":"2026-08-05 13:28:15"}
{"level":"info","message":"GET /api/superadmin/usuarios 304 - 11ms","timestamp":"2026-08-05 13:29:15"}
{"level":"info","message":"GET /api/superadmin/usuarios 304 - 6ms","timestamp":"2026-08-05 13:30:15"}
{"level":"info","message":"GET /api/superadmin/usuarios 304 - 5ms","timestamp":"2026-08-05 13:31:15"}
{"level":"info","message":"GET /api/superadmin/usuarios 304 - 10ms","timestamp":"2026-08-05 13:31:35"}
{"level":"info","message":"GET /api/superadmin/usuarios 304 - 7ms","timestamp":"2026-08-05 13:31:37"}
{"level":"info","message":"GET /api/superadmin/usuarios 304 - 7ms","timestamp":"2026-08-05 13:31:41"}
{"level":"info","message":"GET /api/superadmin/usuarios 304 - 9ms","timestamp":"2026-08-05 13:31:45"}
{"level":"info","message":"GET /api/superadmin/usuarios 304 - 7ms","timestamp":"2026-08-05 13:31:49"}
{"level":"info","message":"GET /api/superadmin/usuarios 304 - 11ms","timestamp":"2026-08-05 13:31:53"}
{"level":"info","message":"GET /api/superadmin/usuarios 304 - 7ms","timestamp":"2026-08-05 13:31:57"}
{"level":"info","message":"GET /api/superadmin/usuarios 304 - 7ms","timestamp":"2026-08-05 13:32:01"}
{"level":"info","message":"GET /api/superadmin/usuarios 304 - 9ms","timestamp":"2026-08-05 13:32:05"}
{"level":"info","message":"GET /api/superadmin/usuarios 304 - 6ms","timestamp":"2026-08-05 13:32:09"}
{"level":"info","message":"GET /api/superadmin/usuarios 304 - 6ms","timestamp":"2026-08-05 13:32:13"}
{"level":"info","message":"GET /api/superadmin/usuarios 304 - 6ms","timestamp":"2026-08-05 13:32:17"}
{"level":"info","message":"GET /api/superadmin/usuarios 304 - 7ms","timestamp":"2026-08-05 13:32:21"}
{"level":"info","message":"GET /api/superadmin/usuarios 304 - 12ms","timestamp":"2026-08-05 13:32:25"}
{"level":"info","message":"GET /api/superadmin/usuarios 304 - 5ms","timestamp":"2026-08-05 13:32:29"}
{"level":"info","message":"GET /api/superadmin/usuarios 304 - 7ms","timestamp":"2026-08-05 13:32:33"}
{"level":"info","message":"GET /api/superadmin/usuarios 304 - 14ms","timestamp":"2026-08-05 13:33:15"}
{"level":"info","message":"GET /api/superadmin/usuarios 304 - 9ms","timestamp":"2026-08-05 13:34:15"}
{"level":"info","message":"GET /api/superadmin/usuarios 304 - 8ms","timestamp":"2026-08-05 13:35:15"}
{"level":"info","message":"GET /api/superadmin/usuarios 304 - 15ms","timestamp":"2026-08-05 13:36:15"}
{"level":"info","message":"GET /api/superadmin/usuarios 304 - 10ms","timestamp":"2026-08-05 13:37:15"}
{"level":"info","message":"GET /api/superadmin/usuarios 304 - 7ms","timestamp":"2026-08-05 13:38:15"}
{"level":"info","message":"GET /api/superadmin/usuarios 304 - 7ms","timestamp":"2026-08-05 13:39:15"}
{"level":"info","message":"GET /api/superadmin/usuarios 304 - 7ms","timestamp":"2026-08-05 13:40:15"}
{"level":"info","message":"GET /api/superadmin/usuarios 304 - 7ms","timestamp":"2026-08-05 13:41:15"}
{"level":"info","message":"GET /api/superadmin/usuarios 304 - 6ms","timestamp":"2026-08-05 13:42:15"}
{"level":"info","message":"GET /api/superadmin/usuarios 304 - 9ms","timestamp":"2026-08-05 13:43:15"}
{"level":"info","message":"GET /api/superadmin/usuarios 304 - 6ms","timestamp":"2026-08-05 13:44:15"}
{"level":"info","message":"GET /api/superadmin/usuarios 304 - 5ms","timestamp":"2026-08-05 13:45:15"}
{"level":"info","message":"GET /api/superadmin/usuarios 304 - 8ms","timestamp":"2026-08-05 13:46:15"}
{"level":"info","message":"GET /api/superadmin/usuarios 304 - 8ms","timestamp":"2026-08-05 13:47:15"}
{"level":"info","message":"GET /api/superadmin/usuarios 304 - 7ms","timestamp":"2026-08-05 13:48:15"}
{"level":"info","message":"GET /api/superadmin/usuarios 304 - 8ms","timestamp":"2026-08-05 13:49:15"}
{"level":"info","message":"GET /api/superadmin/usuarios 304 - 7ms","timestamp":"2026-08-05 13:50:15"}
{"level":"info","message":"GET /api/superadmin/usuarios 304 - 9ms","timestamp":"2026-08-05 13:51:15"}
{"level":"info","message":"GET /api/superadmin/usuarios 304 - 6ms","timestamp":"2026-08-05 13:52:15"}
{"level":"info","message":"GET /api/superadmin/usuarios 304 - 16ms","timestamp":"2026-08-05 13:53:15"}
{"level":"info","message":"GET /api/superadmin/usuarios 304 - 7ms","timestamp":"2026-08-05 13:54:15"}
{"level":"info","message":"GET /api/superadmin/usuarios 304 - 5ms","timestamp":"2026-08-05 13:55:15"}
{"level":"info","message":"GET /api/superadmin/usuarios 304 - 5ms","timestamp":"2026-08-05 13:56:15"}
{"level":"info","message":"GET /api/superadmin/usuarios 304 - 7ms","timestamp":"2026-08-05 13:57:15"}
{"level":"info","message":"GET /api/superadmin/usuarios 304 - 6ms","timestamp":"2026-08-05 13:58:15"}
{"level":"info","message":"GET /api/superadmin/usuarios 304 - 6ms","timestamp":"2026-08-05 13:59:15"}
{"level":"info","message":"GET /api/superadmin/usuarios 304 - 6ms","timestamp":"2026-08-05 14:00:15"}
{"level":"info","message":"GET /api/superadmin/usuarios 304 - 7ms","timestamp":"2026-08-05 14:01:15"}
{"level":"info","message":"GET /api/superadmin/usuarios 304 - 5ms","timestamp":"2026-08-05 14:02:15"}
{"level":"info","message":"GET /api/superadmin/usuarios 304 - 8ms","timestamp":"2026-08-05 14:03:15"}
{"level":"info","message":"GET /api/superadmin/usuarios 304 - 7ms","timestamp":"2026-08-05 14:04:15"}
{"level":"info","message":"GET /api/superadmin/usuarios 304 - 5ms","timestamp":"2026-08-05 14:05:15"}
{"level":"info","message":"GET /api/superadmin/usuarios 304 - 7ms","timestamp":"2026-08-05 14:06:15"}
{"level":"info","message":"GET /api/superadmin/usuarios 304 - 6ms","timestamp":"2026-08-05 14:07:15"}
{"level":"info","message":"GET /api/superadmin/usuarios 304 - 8ms","timestamp":"2026-08-05 14:08:15"}
{"level":"info","message":"GET /api/superadmin/usuarios 304 - 6ms","timestamp":"2026-08-05 14:09:15"}
{"level":"info","message":"GET /api/superadmin/usuarios 304 - 4ms","timestamp":"2026-08-05 14:10:15"}
{"level":"info","message":"GET /api/superadmin/usuarios 304 - 8ms","timestamp":"2026-08-05 14:11:15"}
{"level":"info","message":"GET /api/superadmin/usuarios 304 - 9ms","timestamp":"2026-08-05 14:12:15"}
{"level":"info","message":"GET /api/superadmin/usuarios 304 - 11ms","timestamp":"2026-08-05 14:13:15"}
{"level":"info","message":"GET /api/superadmin/usuarios 304 - 6ms","timestamp":"2026-08-05 14:14:15"}
{"level":"info","message":"GET /api/superadmin/usuarios 304 - 7ms","timestamp":"2026-08-05 14:15:15"}
{"level":"info","message":"GET /api/superadmin/usuarios 304 - 6ms","timestamp":"2026-08-05 14:16:01"}
{"level":"info","message":"GET /api/superadmin/usuarios 304 - 7ms","timestamp":"2026-08-05 14:16:05"}
{"level":"info","message":"GET /api/superadmin/usuarios 304 - 12ms","timestamp":"2026-08-05 14:16:09"}
{"level":"info","message":"GET /api/superadmin/usuarios 304 - 8ms","timestamp":"2026-08-05 14:16:13"}
{"level":"info","message":"GET /api/superadmin/usuarios 304 - 5ms","timestamp":"2026-08-05 14:16:17"}
{"level":"info","message":"GET /api/superadmin/usuarios 304 - 9ms","timestamp":"2026-08-05 14:16:21"}
{"level":"info","message":"GET /api/superadmin/usuarios 304 - 6ms","timestamp":"2026-08-05 14:16:25"}
{"level":"info","message":"GET /api/superadmin/usuarios 304 - 9ms","timestamp":"2026-08-05 14:16:29"}
{"level":"info","message":"GET /api/superadmin/usuarios 304 - 8ms","timestamp":"2026-08-05 14:16:33"}
{"level":"info","message":"GET /api/superadmin/usuarios 304 - 5ms","timestamp":"2026-08-05 14:16:37"}
{"level":"info","message":"GET /api/superadmin/usuarios 304 - 12ms","timestamp":"2026-08-05 14:16:41"}
{"level":"info","message":"GET /api/superadmin/usuarios 304 - 8ms","timestamp":"2026-08-05 14:16:45"}
{"level":"info","message":"GET /api/superadmin/usuarios 304 - 12ms","timestamp":"2026-08-05 14:16:49"}
{"level":"info","message":"GET /api/superadmin/usuarios 304 - 10ms","timestamp":"2026-08-05 14:16:53"}
{"level":"info","message":"GET /api/superadmin/usuarios 304 - 6ms","timestamp":"2026-08-05 14:16:57"}
{"level":"info","message":"GET /api/superadmin/usuarios 304 - 12ms","timestamp":"2026-08-05 14:17:01"}
{"level":"info","message":"GET /api/superadmin/usuarios 304 - 10ms","timestamp":"2026-08-05 14:17:15"}
{"level":"info","message":"GET /api/superadmin/usuarios 304 - 7ms","timestamp":"2026-08-05 14:17:59"}
{"level":"info","message":"GET /api/superadmin/usuarios 304 - 8ms","timestamp":"2026-08-05 14:18:01"}
{"level":"info","message":"GET /api/superadmin/usuarios 304 - 11ms","timestamp":"2026-08-05 14:18:05"}
{"level":"info","message":"GET /api/superadmin/usuarios 304 - 6ms","timestamp":"2026-08-05 14:18:09"}
{"level":"info","message":"GET /api/superadmin/usuarios 304 - 6ms","timestamp":"2026-08-05 14:18:13"}
{"level":"info","message":"GET /api/superadmin/usuarios 304 - 12ms","timestamp":"2026-08-05 14:18:17"}
{"level":"info","message":"GET /api/superadmin/usuarios 304 - 4ms","timestamp":"2026-08-05 14:18:21"}
{"level":"info","message":"GET /api/superadmin/usuarios 304 - 13ms","timestamp":"2026-08-05 14:18:25"}
{"level":"info","message":"GET /api/superadmin/usuarios 304 - 10ms","timestamp":"2026-08-05 14:18:29"}
{"level":"info","message":"GET /api/superadmin/usuarios 304 - 5ms","timestamp":"2026-08-05 14:18:33"}
{"level":"info","message":"GET /api/superadmin/usuarios 304 - 6ms","timestamp":"2026-08-05 14:18:37"}
{"level":"info","message":"GET /api/superadmin/usuarios 304 - 5ms","timestamp":"2026-08-05 14:18:41"}
{"level":"info","message":"GET /api/superadmin/usuarios 304 - 5ms","timestamp":"2026-08-05 14:18:45"}
{"level":"info","message":"GET /api/superadmin/usuarios 304 - 9ms","timestamp":"2026-08-05 14:18:49"}
{"level":"info","message":"GET /api/superadmin/usuarios 304 - 6ms","timestamp":"2026-08-05 14:18:53"}
{"level":"info","message":"GET /api/superadmin/usuarios 304 - 5ms","timestamp":"2026-08-05 14:18:57"}
{"level":"info","message":"GET /api/superadmin/usuarios 304 - 5ms","timestamp":"2026-08-05 14:19:15"}
{"level":"info","message":"GET /api/superadmin/usuarios 304 - 7ms","timestamp":"2026-08-05 14:20:15"}
{"level":"info","message":"GET /api/superadmin/usuarios 304 - 6ms","timestamp":"2026-08-05 14:21:15"}
{"level":"info","message":"GET /api/superadmin/usuarios 304 - 8ms","timestamp":"2026-08-05 14:21:25"}
{"level":"info","message":"GET /api/superadmin/usuarios 304 - 6ms","timestamp":"2026-08-05 14:21:29"}
{"level":"info","message":"GET /api/superadmin/usuarios 304 - 11ms","timestamp":"2026-08-05 14:21:33"}
{"level":"info","message":"GET /api/superadmin/usuarios 304 - 12ms","timestamp":"2026-08-05 14:21:37"}
{"level":"info","message":"GET /api/superadmin/usuarios 304 - 9ms","timestamp":"2026-08-05 14:21:41"}
{"level":"info","message":"GET /api/superadmin/usuarios 304 - 12ms","timestamp":"2026-08-05 14:21:45"}
{"level":"info","message":"GET /api/superadmin/usuarios 304 - 12ms","timestamp":"2026-08-05 14:21:49"}
{"level":"info","message":"GET /api/superadmin/usuarios 304 - 12ms","timestamp":"2026-08-05 14:21:53"}
{"level":"info","message":"GET /api/superadmin/usuarios 304 - 8ms","timestamp":"2026-08-05 14:21:57"}
{"level":"info","message":"GET /api/superadmin/usuarios 304 - 11ms","timestamp":"2026-08-05 14:22:01"}
{"level":"info","message":"GET /api/superadmin/usuarios 304 - 11ms","timestamp":"2026-08-05 14:22:05"}
{"level":"info","message":"GET /api/superadmin/usuarios 304 - 11ms","timestamp":"2026-08-05 14:22:09"}
{"level":"info","message":"GET /api/superadmin/usuarios 304 - 11ms","timestamp":"2026-08-05 14:22:13"}
{"level":"info","message":"GET /api/superadmin/usuarios 304 - 8ms","timestamp":"2026-08-05 14:22:17"}
{"level":"info","message":"GET /api/superadmin/usuarios 304 - 7ms","timestamp":"2026-08-05 14:22:21"}
{"level":"info","message":"GET /api/superadmin/usuarios 304 - 7ms","timestamp":"2026-08-05 14:22:25"}
{"level":"info","message":"GET /api/superadmin/usuarios 304 - 5ms","timestamp":"2026-08-05 14:22:34"}
{"level":"info","message":"GET /api/superadmin/usuarios 304 - 9ms","timestamp":"2026-08-05 14:22:37"}
{"level":"info","message":"GET /api/superadmin/usuarios 304 - 12ms","timestamp":"2026-08-05 14:22:41"}
{"level":"info","message":"GET /api/superadmin/usuarios 304 - 12ms","timestamp":"2026-08-05 14:22:45"}
{"level":"info","message":"GET /api/superadmin/usuarios 304 - 9ms","timestamp":"2026-08-05 14:22:49"}
{"level":"info","message":"GET /api/superadmin/usuarios 304 - 8ms","timestamp":"2026-08-05 14:22:53"}
{"level":"info","message":"GET /api/superadmin/usuarios 304 - 10ms","timestamp":"2026-08-05 14:22:57"}
{"level":"info","message":"GET /api/superadmin/usuarios 304 - 8ms","timestamp":"2026-08-05 14:23:01"}
{"level":"info","message":"GET /api/superadmin/usuarios 304 - 10ms","timestamp":"2026-08-05 14:23:05"}
{"level":"info","message":"GET /api/superadmin/usuarios 304 - 11ms","timestamp":"2026-08-05 14:23:09"}
{"level":"info","message":"GET /api/superadmin/usuarios 304 - 6ms","timestamp":"2026-08-05 14:23:13"}
{"level":"info","message":"GET /api/superadmin/usuarios 304 - 9ms","timestamp":"2026-08-05 14:23:17"}
{"level":"info","message":"GET /api/superadmin/usuarios 304 - 7ms","timestamp":"2026-08-05 14:23:21"}
{"level":"info","message":"GET /api/superadmin/usuarios 304 - 7ms","timestamp":"2026-08-05 14:23:25"}
{"level":"info","message":"GET /api/superadmin/usuarios 304 - 12ms","timestamp":"2026-08-05 14:23:29"}
{"level":"info","message":"GET /api/superadmin/usuarios 304 - 6ms","timestamp":"2026-08-05 14:23:33"}
{"level":"info","message":"GET /api/superadmin/usuarios 304 - 6ms","timestamp":"2026-08-05 14:24:15"}
{"level":"info","message":"GET /api/superadmin/usuarios 304 - 6ms","timestamp":"2026-08-05 14:25:15"}
{"level":"info","message":"GET /api/superadmin/usuarios 304 - 6ms","timestamp":"2026-08-05 14:26:15"}
{"level":"info","message":"GET /api/superadmin/usuarios 304 - 6ms","timestamp":"2026-08-05 14:27:15"}
{"level":"info","message":"GET /api/superadmin/usuarios 304 - 16ms","timestamp":"2026-08-05 14:28:15"}
{"level":"info","message":"GET /api/superadmin/usuarios 304 - 6ms","timestamp":"2026-08-05 14:29:15"}
{"level":"info","message":"GET /api/superadmin/usuarios 304 - 6ms","timestamp":"2026-08-05 14:30:15"}
{"level":"info","message":"GET /api/superadmin/usuarios 304 - 6ms","timestamp":"2026-08-05 14:31:15"}
{"level":"info","message":"GET /api/superadmin/usuarios 304 - 6ms","timestamp":"2026-08-05 14:32:15"}
{"level":"info","message":"GET /api/superadmin/usuarios 304 - 6ms","timestamp":"2026-08-05 14:33:15"}
{"level":"info","message":"GET /api/superadmin/usuarios 304 - 6ms","timestamp":"2026-08-05 14:34:15"}
{"level":"info","message":"GET /api/superadmin/usuarios 304 - 7ms","timestamp":"2026-08-05 14:35:15"}
{"level":"info","message":"GET /api/superadmin/usuarios 304 - 7ms","timestamp":"2026-08-05 14:36:15"}
{"level":"info","message":"GET /api/superadmin/usuarios 304 - 7ms","timestamp":"2026-08-05 14:37:15"}
{"level":"info","message":"GET /api/superadmin/usuarios 304 - 8ms","timestamp":"2026-08-05 14:38:15"}
{"level":"info","message":"GET /api/superadmin/usuarios 304 - 7ms","timestamp":"2026-08-05 14:39:15"}
{"level":"info","message":"GET /api/superadmin/usuarios 304 - 7ms","timestamp":"2026-08-05 14:40:15"}
{"level":"info","message":"GET /api/superadmin/usuarios 304 - 11ms","timestamp":"2026-08-05 14:41:15"}
{"level":"info","message":"GET /api/superadmin/usuarios 304 - 6ms","timestamp":"2026-08-05 14:42:15"}
{"level":"info","message":"GET /api/superadmin/usuarios 304 - 7ms","timestamp":"2026-08-05 14:43:15"}
{"level":"info","message":"GET /api/superadmin/usuarios 304 - 8ms","timestamp":"2026-08-05 14:44:15"}
{"level":"info","message":"GET /api/superadmin/usuarios 304 - 7ms","timestamp":"2026-08-05 14:45:15"}
{"level":"info","message":"GET /api/superadmin/usuarios 304 - 6ms","timestamp":"2026-08-05 14:46:15"}
{"level":"info","message":"GET /api/superadmin/usuarios 304 - 8ms","timestamp":"2026-08-05 14:47:15"}
{"level":"info","message":"GET /api/superadmin/usuarios 304 - 7ms","timestamp":"2026-08-05 14:48:15"}
{"level":"info","message":"GET /api/superadmin/usuarios 304 - 6ms","timestamp":"2026-08-05 14:49:15"}
{"level":"info","message":"GET /api/superadmin/usuarios 304 - 10ms","timestamp":"2026-08-05 14:50:15"}
{"level":"info","message":"GET /api/superadmin/usuarios 304 - 7ms","timestamp":"2026-08-05 14:51:15"}
{"level":"info","message":"GET /api/superadmin/usuarios 304 - 7ms","timestamp":"2026-08-05 14:52:15"}
{"level":"info","message":"GET /api/superadmin/usuarios 304 - 8ms","timestamp":"2026-08-05 14:53:15"}
{"level":"info","message":"GET /api/superadmin/usuarios 304 - 7ms","timestamp":"2026-08-05 14:54:15"}
{"level":"info","message":"GET /api/superadmin/usuarios 304 - 7ms","timestamp":"2026-08-05 14:55:15"}
{"level":"info","message":"GET /api/superadmin/usuarios 304 - 6ms","timestamp":"2026-08-05 14:56:15"}
{"level":"info","message":"GET /api/superadmin/usuarios 304 - 7ms","timestamp":"2026-08-05 14:57:15"}
{"level":"info","message":"GET /api/superadmin/usuarios 304 - 6ms","timestamp":"2026-08-05 14:58:15"}
{"level":"info","message":"GET /api/superadmin/usuarios 304 - 11ms","timestamp":"2026-08-05 14:59:15"}
{"level":"info","message":"GET /api/superadmin/usuarios 304 - 6ms","timestamp":"2026-08-05 15:00:15"}
{"level":"info","message":"GET /api/superadmin/usuarios 304 - 7ms","timestamp":"2026-08-05 15:01:15"}
{"level":"info","message":"GET /api/superadmin/usuarios 304 - 11ms","timestamp":"2026-08-05 15:02:15"}
{"level":"info","message":"GET /api/superadmin/usuarios 304 - 9ms","timestamp":"2026-08-05 15:03:15"}
{"level":"info","message":"GET /api/superadmin/usuarios 304 - 7ms","timestamp":"2026-08-05 15:04:15"}
{"level":"info","message":"GET /api/superadmin/usuarios 304 - 7ms","timestamp":"2026-08-05 15:05:15"}
{"level":"info","message":"GET /api/superadmin/usuarios 304 - 5ms","timestamp":"2026-08-05 15:06:15"}
{"level":"info","message":"GET /api/superadmin/usuarios 304 - 5ms","timestamp":"2026-08-05 15:07:15"}
{"level":"info","message":"GET /api/superadmin/usuarios 304 - 6ms","timestamp":"2026-08-05 15:08:15"}
{"level":"info","message":"GET /api/superadmin/usuarios 304 - 10ms","timestamp":"2026-08-05 15:09:15"}
{"level":"info","message":"GET /api/superadmin/usuarios 304 - 6ms","timestamp":"2026-08-05 15:10:15"}
{"level":"info","message":"GET /api/superadmin/usuarios 304 - 6ms","timestamp":"2026-08-05 15:11:15"}
{"level":"info","message":"GET /api/superadmin/usuarios 304 - 7ms","timestamp":"2026-08-05 15:12:15"}
{"level":"info","message":"GET /api/superadmin/usuarios 304 - 6ms","timestamp":"2026-08-05 15:13:15"}
{"level":"info","message":"GET /api/superadmin/usuarios 304 - 8ms","timestamp":"2026-08-05 15:14:15"}
{"level":"info","message":"GET /api/superadmin/usuarios 304 - 6ms","timestamp":"2026-08-05 15:15:15"}
{"level":"info","message":"GET /api/superadmin/usuarios 304 - 7ms","timestamp":"2026-08-05 15:16:15"}
{"level":"info","message":"GET /api/superadmin/usuarios 304 - 6ms","timestamp":"2026-08-05 15:17:15"}
{"level":"info","message":"GET /api/superadmin/usuarios 304 - 7ms","timestamp":"2026-08-05 15:18:15"}
{"level":"info","message":"GET /api/superadmin/usuarios 304 - 7ms","timestamp":"2026-08-05 15:19:15"}
{"level":"info","message":"GET /api/superadmin/usuarios 304 - 6ms","timestamp":"2026-08-05 15:20:15"}
{"level":"info","message":"GET /api/superadmin/usuarios 304 - 6ms","timestamp":"2026-08-05 15:21:15"}
{"level":"info","message":"GET /api/superadmin/usuarios 304 - 6ms","timestamp":"2026-08-05 15:22:15"}
{"level":"info","message":"GET /api/superadmin/usuarios 304 - 6ms","timestamp":"2026-08-05 15:23:15"}
{"level":"info","message":"GET /api/superadmin/usuarios 304 - 7ms","timestamp":"2026-08-05 15:24:15"}
{"level":"info","message":"GET /api/superadmin/usuarios 304 - 7ms","timestamp":"2026-08-05 15:25:15"}
{"level":"info","message":"GET /api/superadmin/usuarios 304 - 6ms","timestamp":"2026-08-05 15:26:15"}
{"level":"info","message":"GET /api/superadmin/usuarios 304 - 7ms","timestamp":"2026-08-05 15:27:15"}
{"level":"info","message":"GET /api/superadmin/usuarios 304 - 12ms","timestamp":"2026-08-05 15:28:15"}
{"level":"info","message":"GET /api/superadmin/usuarios 304 - 9ms","timestamp":"2026-08-05 15:29:15"}
{"level":"info","message":"GET /api/superadmin/usuarios 304 - 6ms","timestamp":"2026-08-05 15:30:15"}
{"level":"info","message":"GET /api/superadmin/usuarios 304 - 7ms","timestamp":"2026-08-05 15:31:15"}
{"level":"info","message":"GET /api/superadmin/usuarios 304 - 6ms","timestamp":"2026-08-05 15:32:15"}
{"level":"info","message":"GET /api/superadmin/usuarios 304 - 7ms","timestamp":"2026-08-05 15:33:15"}
{"level":"info","message":"GET /api/superadmin/usuarios 304 - 7ms","timestamp":"2026-08-05 15:34:15"}
{"level":"info","message":"GET /api/superadmin/usuarios 304 - 6ms","timestamp":"2026-08-05 15:35:15"}
{"level":"info","message":"GET /api/superadmin/usuarios 304 - 7ms","timestamp":"2026-08-05 15:36:15"}
{"level":"info","message":"GET /api/superadmin/usuarios 304 - 6ms","timestamp":"2026-08-05 15:37:15"}
{"level":"info","message":"GET /api/superadmin/usuarios 304 - 7ms","timestamp":"2026-08-05 15:38:15"}
{"level":"info","message":"GET /api/superadmin/usuarios 304 - 6ms","timestamp":"2026-08-05 15:39:15"}
{"level":"info","message":"GET /api/superadmin/usuarios 304 - 8ms","timestamp":"2026-08-05 15:39:58"}
{"level":"info","message":"GET /api/superadmin/usuarios 304 - 9ms","timestamp":"2026-08-05 15:40:00"}
{"level":"info","message":"GET /api/superadmin/usuarios 304 - 7ms","timestamp":"2026-08-05 15:40:04"}
{"level":"info","message":"GET /api/superadmin/usuarios 304 - 8ms","timestamp":"2026-08-05 15:40:08"}
{"level":"info","message":"GET /api/superadmin/usuarios 304 - 8ms","timestamp":"2026-08-05 15:40:12"}
{"level":"info","message":"GET /api/superadmin/usuarios 304 - 7ms","timestamp":"2026-08-05 15:40:16"}
{"level":"info","message":"GET /api/superadmin/usuarios 304 - 8ms","timestamp":"2026-08-05 15:40:20"}
{"level":"info","message":"GET /api/superadmin/usuarios 304 - 11ms","timestamp":"2026-08-05 15:40:24"}
{"level":"info","message":"GET /api/superadmin/usuarios 304 - 7ms","timestamp":"2026-08-05 15:40:28"}
{"level":"info","message":"GET /api/superadmin/usuarios 304 - 7ms","timestamp":"2026-08-05 15:40:32"}
{"level":"info","message":"GET /api/superadmin/usuarios 304 - 10ms","timestamp":"2026-08-05 15:40:36"}
{"level":"info","message":"GET /api/superadmin/usuarios 304 - 9ms","timestamp":"2026-08-05 15:40:40"}
{"level":"info","message":"GET /api/superadmin/usuarios 304 - 7ms","timestamp":"2026-08-05 15:40:44"}
{"level":"info","message":"GET /api/superadmin/usuarios 304 - 7ms","timestamp":"2026-08-05 15:40:48"}
{"level":"info","message":"GET /api/superadmin/usuarios 304 - 9ms","timestamp":"2026-08-05 15:40:52"}
{"level":"info","message":"GET /api/superadmin/usuarios 304 - 6ms","timestamp":"2026-08-05 15:40:56"}
{"level":"info","message":"GET /api/superadmin/usuarios 304 - 8ms","timestamp":"2026-08-05 15:41:00"}
{"level":"info","message":"GET /api/superadmin/usuarios 304 - 11ms","timestamp":"2026-08-05 15:41:04"}
{"level":"info","message":"GET /api/superadmin/usuarios 304 - 8ms","timestamp":"2026-08-05 15:41:08"}
{"level":"info","message":"GET /api/superadmin/usuarios 304 - 7ms","timestamp":"2026-08-05 15:41:12"}
{"level":"info","message":"GET /api/superadmin/usuarios 304 - 8ms","timestamp":"2026-08-05 15:41:16"}
{"level":"info","message":"GET /api/superadmin/usuarios 304 - 8ms","timestamp":"2026-08-05 15:41:20"}
{"level":"info","message":"GET /api/superadmin/usuarios 304 - 7ms","timestamp":"2026-08-05 15:41:24"}
{"level":"info","message":"GET /api/superadmin/usuarios 304 - 8ms","timestamp":"2026-08-05 15:41:28"}
{"level":"info","message":"GET /api/superadmin/usuarios 304 - 9ms","timestamp":"2026-08-05 15:41:32"}
{"level":"info","message":"GET /api/superadmin/usuarios 304 - 6ms","timestamp":"2026-08-05 15:41:36"}
{"level":"info","message":"GET /api/superadmin/usuarios 304 - 8ms","timestamp":"2026-08-05 15:41:40"}
{"level":"info","message":"GET /api/superadmin/usuarios 304 - 8ms","timestamp":"2026-08-05 15:41:44"}
{"level":"info","message":"GET /api/superadmin/usuarios 304 - 6ms","timestamp":"2026-08-05 15:41:48"}
{"level":"info","message":"GET /api/superadmin/usuarios 304 - 8ms","timestamp":"2026-08-05 15:41:52"}
{"level":"info","message":"GET /api/superadmin/usuarios 304 - 7ms","timestamp":"2026-08-05 15:41:56"}
{"level":"info","message":"GET /api/superadmin/usuarios 304 - 9ms","timestamp":"2026-08-05 15:42:00"}
{"level":"info","message":"GET /api/superadmin/usuarios 304 - 7ms","timestamp":"2026-08-05 15:42:04"}
{"level":"info","message":"GET /api/superadmin/usuarios 304 - 10ms","timestamp":"2026-08-05 15:42:08"}
{"level":"info","message":"GET /api/superadmin/usuarios 304 - 7ms","timestamp":"2026-08-05 15:42:12"}
{"level":"info","message":"GET /api/superadmin/usuarios 304 - 7ms","timestamp":"2026-08-05 15:42:16"}
{"level":"info","message":"GET /api/superadmin/usuarios 304 - 4ms","timestamp":"2026-08-05 15:42:20"}
{"level":"info","message":"GET /api/superadmin/usuarios 304 - 7ms","timestamp":"2026-08-05 15:42:24"}
{"level":"info","message":"GET /api/superadmin/usuarios 304 - 7ms","timestamp":"2026-08-05 15:42:28"}
{"level":"info","message":"GET /api/superadmin/usuarios 304 - 6ms","timestamp":"2026-08-05 15:42:32"}
{"level":"info","message":"GET /api/superadmin/usuarios 304 - 8ms","timestamp":"2026-08-05 15:42:36"}
{"level":"info","message":"GET /api/superadmin/usuarios 304 - 9ms","timestamp":"2026-08-05 15:42:40"}
{"level":"info","message":"GET /api/superadmin/usuarios 304 - 4ms","timestamp":"2026-08-05 15:42:44"}
{"level":"info","message":"GET /api/superadmin/usuarios 304 - 6ms","timestamp":"2026-08-05 15:42:48"}
{"level":"info","message":"GET /api/superadmin/usuarios 304 - 7ms","timestamp":"2026-08-05 15:42:52"}
{"level":"info","message":"GET /api/superadmin/usuarios 304 - 9ms","timestamp":"2026-08-05 15:42:56"}
{"level":"info","message":"GET /api/superadmin/usuarios 304 - 6ms","timestamp":"2026-08-05 15:43:00"}
{"level":"info","message":"GET /api/superadmin/usuarios 304 - 7ms","timestamp":"2026-08-05 15:43:04"}
{"level":"info","message":"GET /api/superadmin/usuarios 304 - 8ms","timestamp":"2026-08-05 15:43:08"}
{"level":"info","message":"GET /api/superadmin/usuarios 304 - 8ms","timestamp":"2026-08-05 15:43:12"}
{"level":"info","message":"GET /api/superadmin/usuarios 304 - 9ms","timestamp":"2026-08-05 15:43:16"}
{"level":"info","message":"GET /api/superadmin/usuarios 304 - 8ms","timestamp":"2026-08-05 15:43:20"}
{"level":"info","message":"GET /api/superadmin/usuarios 304 - 8ms","timestamp":"2026-08-05 15:43:24"}
{"level":"info","message":"GET /api/superadmin/usuarios 304 - 5ms","timestamp":"2026-08-05 15:43:28"}
{"level":"info","message":"GET /api/superadmin/usuarios 304 - 9ms","timestamp":"2026-08-05 15:43:32"}
{"level":"info","message":"GET /api/superadmin/usuarios 304 - 12ms","timestamp":"2026-08-05 15:43:36"}
{"level":"info","message":"GET /api/superadmin/usuarios 304 - 8ms","timestamp":"2026-08-05 15:43:40"}
{"level":"info","message":"GET /api/superadmin/usuarios 304 - 7ms","timestamp":"2026-08-05 15:43:44"}
{"level":"info","message":"GET /api/superadmin/usuarios 304 - 7ms","timestamp":"2026-08-05 15:43:48"}
{"level":"info","message":"GET /api/superadmin/usuarios 304 - 10ms","timestamp":"2026-08-05 15:43:52"}
{"level":"info","message":"GET /api/superadmin/usuarios 304 - 10ms","timestamp":"2026-08-05 15:43:56"}
{"level":"info","message":"GET /api/superadmin/usuarios 304 - 7ms","timestamp":"2026-08-05 15:44:00"}
{"level":"info","message":"GET /api/superadmin/usuarios 304 - 8ms","timestamp":"2026-08-05 15:44:04"}
{"level":"info","message":"GET /api/superadmin/usuarios 304 - 8ms","timestamp":"2026-08-05 15:44:08"}
{"level":"info","message":"GET /api/superadmin/usuarios 304 - 11ms","timestamp":"2026-08-05 15:44:12"}
{"level":"info","message":"GET /api/superadmin/usuarios 304 - 7ms","timestamp":"2026-08-05 15:44:16"}
{"level":"info","message":"GET /api/superadmin/usuarios 304 - 7ms","timestamp":"2026-08-05 15:44:20"}
{"level":"info","message":"GET /api/superadmin/usuarios 304 - 12ms","timestamp":"2026-08-05 15:44:24"}
{"level":"info","message":"GET /api/superadmin/usuarios 304 - 9ms","timestamp":"2026-08-05 15:44:28"}
{"level":"info","message":"GET /api/superadmin/usuarios 304 - 7ms","timestamp":"2026-08-05 15:44:32"}
{"level":"info","message":"GET /api/superadmin/usuarios 304 - 7ms","timestamp":"2026-08-05 15:44:36"}
{"level":"info","message":"GET /api/superadmin/usuarios 304 - 9ms","timestamp":"2026-08-05 15:44:40"}
{"level":"info","message":"GET /api/superadmin/usuarios 304 - 7ms","timestamp":"2026-08-05 15:44:44"}
{"level":"info","message":"GET /api/superadmin/usuarios 304 - 8ms","timestamp":"2026-08-05 15:44:48"}
{"level":"info","message":"POST /api/superadmin/tema 200 - 17ms","timestamp":"2026-08-05 15:45:00"}
{"level":"info","message":"POST /api/superadmin/tema 200 - 13ms","timestamp":"2026-08-05 15:45:09"}
{"level":"info","message":"POST /api/superadmin/tema 200 - 11ms","timestamp":"2026-08-05 15:45:27"}
{"level":"info","message":"POST /api/superadmin/tema 200 - 13ms","timestamp":"2026-08-05 15:45:32"}
{"level":"info","message":"GET /api/superadmin/usuarios 304 - 11ms","timestamp":"2026-08-05 15:45:39"}
{"level":"info","message":"GET /api/superadmin/usuarios 304 - 7ms","timestamp":"2026-08-05 15:45:43"}
{"level":"info","message":"GET /api/superadmin/usuarios 304 - 6ms","timestamp":"2026-08-05 15:45:47"}
{"level":"info","message":"GET /api/superadmin/usuarios 304 - 9ms","timestamp":"2026-08-05 15:45:51"}
{"level":"info","message":"GET /api/superadmin/usuarios 304 - 11ms","timestamp":"2026-08-05 15:45:55"}
{"level":"info","message":"GET /api/superadmin/usuarios 304 - 8ms","timestamp":"2026-08-05 15:45:59"}
{"level":"info","message":"GET /api/superadmin/usuarios 304 - 7ms","timestamp":"2026-08-05 15:46:03"}
{"level":"info","message":"GET /api/superadmin/usuarios 304 - 9ms","timestamp":"2026-08-05 15:46:07"}
{"level":"info","message":"GET /api/superadmin/usuarios 304 - 5ms","timestamp":"2026-08-05 15:46:12"}
{"level":"info","message":"GET /api/superadmin/usuarios 304 - 5ms","timestamp":"2026-08-05 15:46:16"}
{"level":"info","message":"GET /api/superadmin/usuarios 304 - 8ms","timestamp":"2026-08-05 15:46:20"}
{"level":"info","message":"GET /api/superadmin/usuarios 304 - 5ms","timestamp":"2026-08-05 15:46:24"}
{"level":"info","message":"GET /api/superadmin/usuarios 304 - 5ms","timestamp":"2026-08-05 15:46:28"}
{"level":"info","message":"GET /api/superadmin/usuarios 304 - 8ms","timestamp":"2026-08-05 15:46:32"}
{"level":"info","message":"GET /api/superadmin/usuarios 304 - 7ms","timestamp":"2026-08-05 15:46:36"}
{"level":"info","message":"GET /api/superadmin/usuarios 304 - 8ms","timestamp":"2026-08-05 15:46:40"}
{"level":"info","message":"GET /api/superadmin/usuarios 304 - 6ms","timestamp":"2026-08-05 15:46:44"}
{"level":"info","message":"GET /api/superadmin/usuarios 304 - 5ms","timestamp":"2026-08-05 15:46:48"}
{"level":"info","message":"GET /api/superadmin/usuarios 304 - 7ms","timestamp":"2026-08-05 15:46:52"}
{"level":"info","message":"GET /api/superadmin/usuarios 304 - 10ms","timestamp":"2026-08-05 15:46:56"}
{"level":"info","message":"GET /api/superadmin/usuarios 304 - 8ms","timestamp":"2026-08-05 15:47:00"}
{"level":"info","message":"GET /api/superadmin/usuarios 304 - 6ms","timestamp":"2026-08-05 15:47:04"}
{"level":"info","message":"GET /api/superadmin/usuarios 304 - 7ms","timestamp":"2026-08-05 15:47:08"}
{"level":"info","message":"GET /api/superadmin/usuarios 304 - 6ms","timestamp":"2026-08-05 15:47:15"}
{"level":"info","message":"GET /api/superadmin/usuarios 304 - 6ms","timestamp":"2026-08-05 15:48:15"}
{"level":"info","message":"GET /api/superadmin/usuarios 304 - 6ms","timestamp":"2026-08-05 15:49:15"}
{"level":"info","message":"GET /api/superadmin/usuarios 304 - 8ms","timestamp":"2026-08-05 15:50:15"}
{"level":"info","message":"GET /api/superadmin/usuarios 304 - 10ms","timestamp":"2026-08-05 15:51:15"}
{"level":"info","message":"GET /api/superadmin/usuarios 304 - 6ms","timestamp":"2026-08-05 15:52:15"}
{"level":"info","message":"GET /api/superadmin/usuarios 304 - 6ms","timestamp":"2026-08-05 15:52:49"}
{"level":"info","message":"GET /api/superadmin/usuarios 304 - 6ms","timestamp":"2026-08-05 15:52:51"}
{"level":"info","message":"GET /api/superadmin/usuarios 304 - 7ms","timestamp":"2026-08-05 15:52:55"}
{"level":"info","message":"GET /api/superadmin/usuarios 304 - 9ms","timestamp":"2026-08-05 15:52:59"}
{"level":"info","message":"GET /api/superadmin/usuarios 304 - 6ms","timestamp":"2026-08-05 15:53:03"}
{"level":"info","message":"GET /api/superadmin/usuarios 304 - 9ms","timestamp":"2026-08-05 15:53:07"}
{"level":"info","message":"GET /api/superadmin/usuarios 304 - 12ms","timestamp":"2026-08-05 15:53:11"}
{"level":"info","message":"GET /api/superadmin/usuarios 304 - 13ms","timestamp":"2026-08-05 15:53:15"}
{"level":"info","message":"GET /api/superadmin/usuarios 304 - 10ms","timestamp":"2026-08-05 15:53:19"}
{"level":"info","message":"GET /api/superadmin/usuarios 304 - 16ms","timestamp":"2026-08-05 15:53:23"}
{"level":"info","message":"GET /api/superadmin/usuarios 304 - 10ms","timestamp":"2026-08-05 15:53:27"}
{"level":"info","message":"GET /api/superadmin/usuarios 304 - 7ms","timestamp":"2026-08-05 15:53:31"}
{"level":"info","message":"GET /api/superadmin/usuarios 304 - 5ms","timestamp":"2026-08-05 15:53:35"}
{"level":"info","message":"GET /api/superadmin/usuarios 304 - 7ms","timestamp":"2026-08-05 15:53:39"}
{"level":"info","message":"GET /api/superadmin/usuarios 304 - 7ms","timestamp":"2026-08-05 15:53:43"}
{"level":"info","message":"GET /api/superadmin/usuarios 304 - 10ms","timestamp":"2026-08-05 15:53:47"}
{"level":"info","message":"GET /api/superadmin/usuarios 304 - 9ms","timestamp":"2026-08-05 15:53:51"}
{"level":"info","message":"GET /api/superadmin/usuarios 304 - 6ms","timestamp":"2026-08-05 15:53:55"}
{"level":"info","message":"GET /api/superadmin/usuarios 304 - 8ms","timestamp":"2026-08-05 15:53:59"}
{"level":"info","message":"GET /api/superadmin/usuarios 304 - 6ms","timestamp":"2026-08-05 15:54:03"}
{"level":"info","message":"GET /api/superadmin/usuarios 304 - 8ms","timestamp":"2026-08-05 15:54:07"}
{"level":"info","message":"GET /api/superadmin/usuarios 304 - 6ms","timestamp":"2026-08-05 15:54:11"}
{"level":"info","message":"GET /api/superadmin/usuarios 304 - 15ms","timestamp":"2026-08-05 15:54:15"}
{"level":"info","message":"GET /api/superadmin/usuarios 304 - 8ms","timestamp":"2026-08-05 15:54:19"}
{"level":"info","message":"GET /api/superadmin/usuarios 304 - 8ms","timestamp":"2026-08-05 15:54:23"}
{"level":"info","message":"GET /api/superadmin/usuarios 304 - 7ms","timestamp":"2026-08-05 15:54:27"}
{"level":"info","message":"GET /api/superadmin/usuarios 304 - 5ms","timestamp":"2026-08-05 15:54:31"}
{"level":"info","message":"GET /api/superadmin/usuarios 304 - 10ms","timestamp":"2026-08-05 15:54:35"}
{"level":"info","message":"GET /api/superadmin/usuarios 304 - 8ms","timestamp":"2026-08-05 15:54:39"}
{"level":"info","message":"GET /api/superadmin/usuarios 304 - 8ms","timestamp":"2026-08-05 15:54:43"}
{"level":"info","message":"GET /api/superadmin/usuarios 304 - 7ms","timestamp":"2026-08-05 15:54:47"}
{"level":"info","message":"GET /api/superadmin/usuarios 304 - 9ms","timestamp":"2026-08-05 15:54:51"}
{"level":"info","message":"GET /api/superadmin/usuarios 304 - 8ms","timestamp":"2026-08-05 15:54:55"}
{"level":"info","message":"GET /api/superadmin/usuarios 304 - 6ms","timestamp":"2026-08-05 15:54:59"}
{"level":"info","message":"GET /api/superadmin/usuarios 304 - 8ms","timestamp":"2026-08-05 15:55:03"}
{"level":"info","message":"GET /api/superadmin/usuarios 304 - 8ms","timestamp":"2026-08-05 15:55:07"}
{"level":"info","message":"GET /api/superadmin/usuarios 304 - 9ms","timestamp":"2026-08-05 15:55:11"}
{"level":"info","message":"GET /api/superadmin/usuarios 304 - 12ms","timestamp":"2026-08-05 15:55:15"}
{"level":"info","message":"GET /api/superadmin/usuarios 304 - 9ms","timestamp":"2026-08-05 15:55:19"}
{"level":"info","message":"GET /api/superadmin/usuarios 304 - 8ms","timestamp":"2026-08-05 15:55:23"}
{"level":"info","message":"GET /api/superadmin/usuarios 304 - 9ms","timestamp":"2026-08-05 15:55:27"}
{"level":"info","message":"GET /api/superadmin/usuarios 304 - 9ms","timestamp":"2026-08-05 15:55:31"}
{"level":"info","message":"GET /api/superadmin/usuarios 304 - 9ms","timestamp":"2026-08-05 15:55:35"}
{"level":"info","message":"GET /api/superadmin/usuarios 304 - 10ms","timestamp":"2026-08-05 15:55:39"}
{"level":"info","message":"GET /api/superadmin/usuarios 304 - 9ms","timestamp":"2026-08-05 15:55:43"}
{"level":"info","message":"GET /api/superadmin/usuarios 304 - 9ms","timestamp":"2026-08-05 15:55:47"}
{"level":"info","message":"GET /api/superadmin/usuarios 304 - 9ms","timestamp":"2026-08-05 15:55:51"}
{"level":"info","message":"GET /api/superadmin/usuarios 304 - 8ms","timestamp":"2026-08-05 15:55:55"}
{"level":"info","message":"GET /api/superadmin/usuarios 304 - 8ms","timestamp":"2026-08-05 15:55:59"}
{"level":"info","message":"GET /api/superadmin/usuarios 304 - 9ms","timestamp":"2026-08-05 15:56:03"}
{"level":"info","message":"GET /api/superadmin/usuarios 304 - 9ms","timestamp":"2026-08-05 15:56:07"}
{"level":"info","message":"GET /api/superadmin/usuarios 304 - 7ms","timestamp":"2026-08-05 15:56:11"}
{"level":"info","message":"GET /api/superadmin/usuarios 304 - 8ms","timestamp":"2026-08-05 15:56:15"}
{"level":"info","message":"GET /api/superadmin/usuarios 304 - 11ms","timestamp":"2026-08-05 15:56:19"}
{"level":"info","message":"GET /api/superadmin/usuarios 304 - 10ms","timestamp":"2026-08-05 15:56:23"}
{"level":"info","message":"GET /api/superadmin/usuarios 304 - 7ms","timestamp":"2026-08-05 15:56:27"}
{"level":"info","message":"GET /api/superadmin/usuarios 304 - 10ms","timestamp":"2026-08-05 15:56:31"}
{"level":"info","message":"GET /api/superadmin/usuarios 304 - 7ms","timestamp":"2026-08-05 15:56:35"}
{"level":"info","message":"GET /api/superadmin/usuarios 304 - 7ms","timestamp":"2026-08-05 15:56:39"}
{"level":"info","message":"GET /api/superadmin/usuarios 304 - 7ms","timestamp":"2026-08-05 15:56:43"}
{"level":"info","message":"GET /api/superadmin/usuarios 304 - 11ms","timestamp":"2026-08-05 15:56:47"}
{"level":"info","message":"GET /api/superadmin/usuarios 304 - 8ms","timestamp":"2026-08-05 15:56:51"}
{"level":"info","message":"GET /api/superadmin/usuarios 304 - 8ms","timestamp":"2026-08-05 15:56:55"}
{"level":"info","message":"GET /api/superadmin/usuarios 304 - 10ms","timestamp":"2026-08-05 15:56:59"}
{"level":"info","message":"GET /api/superadmin/usuarios 304 - 7ms","timestamp":"2026-08-05 15:57:03"}
{"level":"info","message":"GET /api/superadmin/usuarios 304 - 9ms","timestamp":"2026-08-05 15:57:07"}
{"level":"info","message":"GET /api/superadmin/usuarios 304 - 9ms","timestamp":"2026-08-05 15:57:11"}
{"level":"info","message":"GET /api/superadmin/usuarios 304 - 14ms","timestamp":"2026-08-05 15:57:15"}
{"level":"info","message":"GET /api/superadmin/usuarios 304 - 10ms","timestamp":"2026-08-05 15:57:19"}
{"level":"info","message":"GET /api/superadmin/usuarios 304 - 10ms","timestamp":"2026-08-05 15:57:23"}
{"level":"info","message":"GET /api/superadmin/usuarios 304 - 9ms","timestamp":"2026-08-05 15:57:27"}
{"level":"info","message":"GET /api/superadmin/usuarios 304 - 6ms","timestamp":"2026-08-05 15:57:31"}
{"level":"info","message":"GET /api/superadmin/usuarios 304 - 8ms","timestamp":"2026-08-05 15:57:35"}
{"level":"info","message":"GET /api/superadmin/usuarios 304 - 9ms","timestamp":"2026-08-05 15:57:39"}
{"level":"info","message":"GET /api/superadmin/usuarios 304 - 7ms","timestamp":"2026-08-05 15:57:43"}
{"level":"info","message":"GET /api/superadmin/usuarios 304 - 6ms","timestamp":"2026-08-05 15:57:47"}
{"level":"info","message":"GET /api/superadmin/usuarios 304 - 4ms","timestamp":"2026-08-05 15:57:51"}
{"level":"info","message":"GET /api/superadmin/usuarios 304 - 7ms","timestamp":"2026-08-05 15:57:55"}
{"level":"info","message":"GET /api/superadmin/usuarios 304 - 10ms","timestamp":"2026-08-05 15:57:59"}
{"level":"info","message":"GET /api/superadmin/usuarios 304 - 6ms","timestamp":"2026-08-05 15:58:03"}
{"level":"info","message":"GET /api/superadmin/usuarios 304 - 6ms","timestamp":"2026-08-05 15:58:07"}
{"level":"info","message":"GET /api/superadmin/usuarios 304 - 4ms","timestamp":"2026-08-05 15:58:11"}
{"level":"info","message":"GET /api/superadmin/usuarios 304 - 7ms","timestamp":"2026-08-05 15:58:15"}
{"level":"info","message":"GET /api/superadmin/usuarios 304 - 9ms","timestamp":"2026-08-05 15:58:19"}
{"level":"info","message":"GET /api/superadmin/usuarios 304 - 7ms","timestamp":"2026-08-05 15:58:23"}
{"level":"info","message":"GET /api/superadmin/usuarios 304 - 9ms","timestamp":"2026-08-05 15:58:27"}
{"level":"info","message":"GET /api/superadmin/usuarios 304 - 9ms","timestamp":"2026-08-05 15:58:31"}
{"level":"info","message":"GET /api/superadmin/usuarios 304 - 10ms","timestamp":"2026-08-05 15:58:35"}
{"level":"info","message":"GET /api/superadmin/usuarios 304 - 7ms","timestamp":"2026-08-05 15:58:39"}
{"level":"info","message":"GET /api/superadmin/usuarios 304 - 6ms","timestamp":"2026-08-05 15:58:43"}
{"level":"info","message":"GET /api/superadmin/usuarios 304 - 9ms","timestamp":"2026-08-05 15:58:47"}
{"level":"info","message":"GET /api/superadmin/usuarios 304 - 22ms","timestamp":"2026-08-05 15:58:51"}
{"level":"info","message":"GET /api/superadmin/usuarios 304 - 9ms","timestamp":"2026-08-05 15:58:55"}
{"level":"info","message":"GET /api/superadmin/usuarios 304 - 5ms","timestamp":"2026-08-05 15:58:59"}
{"level":"info","message":"GET /api/superadmin/usuarios 304 - 7ms","timestamp":"2026-08-05 15:59:03"}
{"level":"info","message":"GET /api/superadmin/usuarios 304 - 7ms","timestamp":"2026-08-05 15:59:07"}
{"level":"info","message":"GET /api/superadmin/usuarios 304 - 5ms","timestamp":"2026-08-05 15:59:11"}
{"level":"info","message":"GET /api/superadmin/usuarios 304 - 9ms","timestamp":"2026-08-05 15:59:15"}
{"level":"info","message":"GET /api/superadmin/usuarios 304 - 6ms","timestamp":"2026-08-05 15:59:19"}
{"level":"info","message":"GET /api/superadmin/usuarios 304 - 5ms","timestamp":"2026-08-05 15:59:23"}
{"level":"info","message":"GET /api/superadmin/usuarios 304 - 5ms","timestamp":"2026-08-05 15:59:27"}
{"level":"info","message":"GET /api/superadmin/usuarios 304 - 8ms","timestamp":"2026-08-05 15:59:31"}
{"level":"info","message":"GET /api/superadmin/usuarios 304 - 7ms","timestamp":"2026-08-05 15:59:35"}
{"level":"info","message":"GET /api/superadmin/usuarios 304 - 8ms","timestamp":"2026-08-05 15:59:39"}
{"level":"info","message":"GET /api/superadmin/usuarios 304 - 5ms","timestamp":"2026-08-05 15:59:43"}
{"level":"info","message":"GET /api/superadmin/usuarios 304 - 10ms","timestamp":"2026-08-05 15:59:47"}
{"level":"info","message":"GET /api/superadmin/usuarios 304 - 12ms","timestamp":"2026-08-05 15:59:51"}
{"level":"info","message":"GET /api/superadmin/usuarios 304 - 9ms","timestamp":"2026-08-05 15:59:55"}
{"level":"info","message":"GET /api/superadmin/usuarios 304 - 6ms","timestamp":"2026-08-05 15:59:59"}
{"level":"info","message":"GET /api/superadmin/usuarios 304 - 9ms","timestamp":"2026-08-05 16:00:03"}
{"level":"info","message":"GET /api/superadmin/usuarios 304 - 7ms","timestamp":"2026-08-05 16:00:07"}
{"level":"info","message":"GET /api/superadmin/usuarios 304 - 6ms","timestamp":"2026-08-05 16:00:11"}
{"level":"info","message":"GET /api/superadmin/usuarios 304 - 9ms","timestamp":"2026-08-05 16:00:15"}
{"level":"info","message":"GET /api/superadmin/usuarios 304 - 6ms","timestamp":"2026-08-05 16:00:19"}
{"level":"info","message":"GET /api/superadmin/usuarios 304 - 9ms","timestamp":"2026-08-05 16:00:23"}
{"level":"info","message":"GET /api/superadmin/usuarios 304 - 8ms","timestamp":"2026-08-05 16:00:27"}
{"level":"info","message":"GET /api/superadmin/usuarios 304 - 8ms","timestamp":"2026-08-05 16:00:31"}
{"level":"info","message":"GET /api/superadmin/usuarios 304 - 8ms","timestamp":"2026-08-05 16:00:35"}
{"level":"info","message":"GET /api/superadmin/usuarios 304 - 7ms","timestamp":"2026-08-05 16:00:39"}
{"level":"info","message":"GET /api/superadmin/usuarios 304 - 8ms","timestamp":"2026-08-05 16:00:43"}
{"level":"info","message":"GET /api/superadmin/usuarios 304 - 7ms","timestamp":"2026-08-05 16:00:47"}
{"level":"info","message":"GET /api/superadmin/usuarios 304 - 8ms","timestamp":"2026-08-05 16:00:51"}
{"level":"info","message":"GET /api/superadmin/usuarios 304 - 9ms","timestamp":"2026-08-05 16:00:55"}
{"level":"info","message":"GET /api/superadmin/usuarios 304 - 5ms","timestamp":"2026-08-05 16:00:59"}
{"level":"info","message":"GET /api/superadmin/usuarios 304 - 12ms","timestamp":"2026-08-05 16:01:03"}
{"level":"info","message":"GET /api/superadmin/usuarios 304 - 8ms","timestamp":"2026-08-05 16:01:07"}
{"level":"info","message":"GET /api/superadmin/usuarios 304 - 9ms","timestamp":"2026-08-05 16:01:11"}
{"level":"info","message":"GET /api/superadmin/usuarios 304 - 12ms","timestamp":"2026-08-05 16:01:15"}
{"level":"info","message":"GET /api/superadmin/usuarios 304 - 9ms","timestamp":"2026-08-05 16:01:19"}
{"level":"info","message":"GET /api/superadmin/usuarios 304 - 8ms","timestamp":"2026-08-05 16:01:23"}
{"level":"info","message":"GET /api/superadmin/usuarios 304 - 7ms","timestamp":"2026-08-05 16:01:27"}
{"level":"info","message":"GET /api/superadmin/usuarios 304 - 10ms","timestamp":"2026-08-05 16:01:31"}
{"level":"info","message":"GET /api/superadmin/usuarios 304 - 9ms","timestamp":"2026-08-05 16:01:35"}
{"level":"info","message":"GET /api/superadmin/usuarios 304 - 9ms","timestamp":"2026-08-05 16:01:39"}
{"level":"info","message":"GET /api/superadmin/usuarios 304 - 7ms","timestamp":"2026-08-05 16:01:43"}
{"level":"info","message":"GET /api/superadmin/usuarios 304 - 7ms","timestamp":"2026-08-05 16:01:47"}
{"level":"info","message":"GET /api/superadmin/usuarios 304 - 8ms","timestamp":"2026-08-05 16:01:51"}
{"level":"info","message":"GET /api/superadmin/usuarios 304 - 11ms","timestamp":"2026-08-05 16:01:55"}
{"level":"info","message":"GET /api/superadmin/usuarios 304 - 9ms","timestamp":"2026-08-05 16:01:59"}
{"level":"info","message":"GET /api/superadmin/usuarios 304 - 8ms","timestamp":"2026-08-05 16:02:03"}
{"level":"info","message":"GET /api/superadmin/usuarios 304 - 10ms","timestamp":"2026-08-05 16:02:07"}
{"level":"info","message":"GET /api/superadmin/usuarios 304 - 10ms","timestamp":"2026-08-05 16:02:11"}
{"level":"info","message":"GET /api/superadmin/usuarios 304 - 15ms","timestamp":"2026-08-05 16:02:15"}
{"level":"info","message":"GET /api/superadmin/usuarios 304 - 7ms","timestamp":"2026-08-05 16:02:19"}
{"level":"info","message":"GET /api/superadmin/usuarios 304 - 7ms","timestamp":"2026-08-05 16:02:24"}
{"level":"info","message":"GET /api/superadmin/usuarios 304 - 6ms","timestamp":"2026-08-05 16:02:28"}
{"level":"info","message":"GET /api/superadmin/usuarios 304 - 7ms","timestamp":"2026-08-05 16:02:32"}
{"level":"info","message":"GET /api/superadmin/usuarios 304 - 9ms","timestamp":"2026-08-05 16:02:36"}
{"level":"info","message":"GET /api/superadmin/usuarios 304 - 9ms","timestamp":"2026-08-05 16:02:40"}
{"level":"info","message":"GET /api/superadmin/usuarios 304 - 10ms","timestamp":"2026-08-05 16:02:44"}
{"level":"info","message":"GET /api/superadmin/usuarios 304 - 7ms","timestamp":"2026-08-05 16:02:48"}
{"level":"info","message":"GET /api/superadmin/usuarios 304 - 6ms","timestamp":"2026-08-05 16:02:52"}
{"level":"info","message":"GET /api/superadmin/usuarios 304 - 12ms","timestamp":"2026-08-05 16:02:56"}
{"level":"info","message":"GET /api/superadmin/usuarios 304 - 5ms","timestamp":"2026-08-05 16:03:00"}
{"level":"info","message":"GET /api/superadmin/usuarios 304 - 8ms","timestamp":"2026-08-05 16:03:04"}
{"level":"info","message":"GET /api/superadmin/usuarios 304 - 7ms","timestamp":"2026-08-05 16:03:08"}
{"level":"info","message":"GET /api/superadmin/usuarios 304 - 6ms","timestamp":"2026-08-05 16:03:12"}
{"level":"info","message":"GET /api/superadmin/usuarios 304 - 6ms","timestamp":"2026-08-05 16:03:16"}
{"level":"info","message":"GET /api/superadmin/usuarios 304 - 6ms","timestamp":"2026-08-05 16:04:15"}
{"level":"info","message":"GET /api/superadmin/usuarios 304 - 7ms","timestamp":"2026-08-05 16:05:15"}
{"level":"info","message":"GET /api/superadmin/usuarios 304 - 8ms","timestamp":"2026-08-05 16:06:15"}
{"level":"info","message":"GET /api/superadmin/usuarios 304 - 7ms","timestamp":"2026-08-05 16:07:15"}
{"level":"info","message":"GET /api/superadmin/usuarios 304 - 5ms","timestamp":"2026-08-05 16:07:15"}
{"level":"info","message":"GET /api/superadmin/usuarios 304 - 9ms","timestamp":"2026-08-05 16:07:19"}
{"level":"info","message":"GET /api/superadmin/usuarios 304 - 10ms","timestamp":"2026-08-05 16:07:23"}
{"level":"info","message":"GET /api/superadmin/usuarios 304 - 10ms","timestamp":"2026-08-05 16:07:27"}
{"level":"info","message":"GET /api/superadmin/usuarios 304 - 10ms","timestamp":"2026-08-05 16:07:31"}
{"level":"info","message":"GET /api/superadmin/usuarios 304 - 9ms","timestamp":"2026-08-05 16:07:35"}
{"level":"info","message":"GET /api/superadmin/usuarios 304 - 9ms","timestamp":"2026-08-05 16:07:39"}
{"level":"info","message":"GET /api/superadmin/usuarios 304 - 9ms","timestamp":"2026-08-05 16:07:43"}
{"level":"info","message":"GET /api/superadmin/usuarios 304 - 10ms","timestamp":"2026-08-05 16:07:47"}
{"level":"info","message":"GET /api/superadmin/usuarios 304 - 8ms","timestamp":"2026-08-05 16:07:51"}
{"level":"info","message":"GET /api/superadmin/usuarios 304 - 10ms","timestamp":"2026-08-05 16:07:55"}
{"level":"info","message":"GET /api/superadmin/usuarios 304 - 8ms","timestamp":"2026-08-05 16:07:59"}
{"level":"info","message":"GET /api/superadmin/usuarios 304 - 14ms","timestamp":"2026-08-05 16:08:03"}
{"level":"info","message":"GET /api/superadmin/usuarios 304 - 8ms","timestamp":"2026-08-05 16:08:07"}
{"level":"info","message":"GET /api/superadmin/usuarios 304 - 6ms","timestamp":"2026-08-05 16:08:11"}
{"level":"info","message":"GET /api/superadmin/usuarios 304 - 6ms","timestamp":"2026-08-05 16:08:15"}
{"level":"info","message":"GET /api/superadmin/usuarios 304 - 13ms","timestamp":"2026-08-05 16:08:19"}
{"level":"info","message":"GET /api/superadmin/usuarios 304 - 8ms","timestamp":"2026-08-05 16:08:23"}
{"level":"info","message":"GET /api/superadmin/usuarios 304 - 6ms","timestamp":"2026-08-05 16:08:27"}
{"level":"info","message":"GET /api/superadmin/usuarios 304 - 8ms","timestamp":"2026-08-05 16:08:31"}
{"level":"info","message":"GET /api/superadmin/usuarios 304 - 9ms","timestamp":"2026-08-05 16:08:35"}
{"level":"info","message":"GET /api/superadmin/usuarios 304 - 8ms","timestamp":"2026-08-05 16:08:39"}
{"level":"info","message":"GET /api/superadmin/usuarios 304 - 7ms","timestamp":"2026-08-05 16:08:43"}
{"level":"info","message":"GET /api/superadmin/usuarios 304 - 8ms","timestamp":"2026-08-05 16:08:47"}
{"level":"info","message":"GET /api/superadmin/usuarios 304 - 8ms","timestamp":"2026-08-05 16:08:51"}
{"level":"info","message":"GET /api/superadmin/usuarios 304 - 8ms","timestamp":"2026-08-05 16:08:55"}
{"level":"info","message":"GET /api/superadmin/usuarios 304 - 10ms","timestamp":"2026-08-05 16:08:59"}
{"level":"info","message":"GET /api/superadmin/usuarios 304 - 9ms","timestamp":"2026-08-05 16:09:03"}
{"level":"info","message":"GET /api/superadmin/usuarios 304 - 5ms","timestamp":"2026-08-05 16:09:07"}
{"level":"info","message":"GET /api/superadmin/usuarios 304 - 5ms","timestamp":"2026-08-05 16:09:11"}
{"level":"info","message":"GET /api/superadmin/usuarios 304 - 12ms","timestamp":"2026-08-05 16:09:15"}
{"level":"info","message":"GET /api/superadmin/usuarios 304 - 10ms","timestamp":"2026-08-05 16:09:19"}
{"level":"info","message":"GET /api/superadmin/usuarios 304 - 8ms","timestamp":"2026-08-05 16:09:23"}
{"level":"info","message":"GET /api/superadmin/usuarios 304 - 7ms","timestamp":"2026-08-05 16:09:27"}
{"level":"info","message":"GET /api/superadmin/usuarios 304 - 8ms","timestamp":"2026-08-05 16:09:31"}
{"level":"info","message":"GET /api/superadmin/usuarios 304 - 6ms","timestamp":"2026-08-05 16:09:35"}
{"level":"info","message":"GET /api/superadmin/usuarios 304 - 5ms","timestamp":"2026-08-05 16:09:39"}
{"level":"info","message":"GET /api/superadmin/usuarios 304 - 8ms","timestamp":"2026-08-05 16:09:43"}
{"level":"info","message":"GET /api/superadmin/usuarios 304 - 7ms","timestamp":"2026-08-05 16:09:47"}
{"level":"info","message":"GET /api/superadmin/usuarios 304 - 6ms","timestamp":"2026-08-05 16:09:51"}
{"level":"info","message":"GET /api/superadmin/usuarios 304 - 10ms","timestamp":"2026-08-05 16:09:55"}
{"level":"info","message":"GET /api/superadmin/usuarios 304 - 10ms","timestamp":"2026-08-05 16:09:59"}
{"level":"info","message":"GET /api/superadmin/usuarios 304 - 11ms","timestamp":"2026-08-05 16:10:03"}
{"level":"info","message":"GET /api/superadmin/usuarios 304 - 9ms","timestamp":"2026-08-05 16:10:07"}
{"level":"info","message":"GET /api/superadmin/usuarios 304 - 7ms","timestamp":"2026-08-05 16:10:11"}
{"level":"info","message":"GET /api/superadmin/usuarios 304 - 9ms","timestamp":"2026-08-05 16:10:15"}
{"level":"info","message":"GET /api/superadmin/usuarios 304 - 6ms","timestamp":"2026-08-05 16:10:19"}
{"level":"info","message":"GET /api/superadmin/usuarios 304 - 9ms","timestamp":"2026-08-05 16:10:23"}
{"level":"info","message":"GET /api/superadmin/usuarios 304 - 9ms","timestamp":"2026-08-05 16:10:27"}
{"level":"info","message":"GET /api/superadmin/usuarios 304 - 7ms","timestamp":"2026-08-05 16:10:31"}
{"level":"info","message":"GET /api/superadmin/usuarios 304 - 8ms","timestamp":"2026-08-05 16:10:36"}
{"level":"info","message":"GET /api/superadmin/usuarios 304 - 9ms","timestamp":"2026-08-05 16:10:40"}
{"level":"info","message":"GET /api/superadmin/usuarios 304 - 13ms","timestamp":"2026-08-05 16:10:44"}
{"level":"info","message":"GET /api/superadmin/usuarios 304 - 13ms","timestamp":"2026-08-05 16:10:48"}
{"level":"info","message":"GET /api/superadmin/usuarios 304 - 8ms","timestamp":"2026-08-05 16:10:52"}
{"level":"info","message":"GET /api/superadmin/usuarios 304 - 10ms","timestamp":"2026-08-05 16:10:56"}
{"level":"info","message":"GET /api/superadmin/usuarios 304 - 8ms","timestamp":"2026-08-05 16:11:00"}
{"level":"info","message":"GET /api/superadmin/usuarios 304 - 12ms","timestamp":"2026-08-05 16:11:04"}
{"level":"info","message":"GET /api/superadmin/usuarios 304 - 9ms","timestamp":"2026-08-05 16:11:08"}
{"level":"info","message":"GET /api/superadmin/usuarios 304 - 15ms","timestamp":"2026-08-05 16:11:12"}
{"level":"info","message":"GET /api/superadmin/usuarios 304 - 8ms","timestamp":"2026-08-05 16:11:16"}
{"level":"info","message":"GET /api/superadmin/usuarios 304 - 9ms","timestamp":"2026-08-05 16:11:20"}
{"level":"info","message":"GET /api/superadmin/usuarios 304 - 17ms","timestamp":"2026-08-05 16:11:24"}
{"level":"info","message":"GET /api/superadmin/usuarios 304 - 13ms","timestamp":"2026-08-05 16:11:28"}
{"level":"info","message":"GET /api/superadmin/usuarios 304 - 6ms","timestamp":"2026-08-05 16:11:31"}
{"level":"info","message":"GET /api/superadmin/usuarios 304 - 8ms","timestamp":"2026-08-05 16:11:35"}
{"level":"info","message":"GET /api/superadmin/usuarios 304 - 6ms","timestamp":"2026-08-05 16:11:39"}
{"level":"info","message":"GET /api/superadmin/usuarios 304 - 5ms","timestamp":"2026-08-05 16:11:43"}
{"level":"info","message":"GET /api/superadmin/usuarios 304 - 6ms","timestamp":"2026-08-05 16:11:47"}
{"level":"info","message":"GET /api/superadmin/usuarios 304 - 8ms","timestamp":"2026-08-05 16:11:51"}
{"level":"info","message":"GET /api/superadmin/usuarios 304 - 6ms","timestamp":"2026-08-05 16:11:55"}
{"level":"info","message":"GET /api/superadmin/usuarios 304 - 15ms","timestamp":"2026-08-05 16:11:59"}
{"level":"info","message":"GET /api/superadmin/usuarios 304 - 8ms","timestamp":"2026-08-05 16:12:03"}
{"level":"info","message":"GET /api/superadmin/usuarios 304 - 8ms","timestamp":"2026-08-05 16:12:07"}
{"level":"info","message":"GET /api/superadmin/usuarios 304 - 6ms","timestamp":"2026-08-05 16:12:11"}
{"level":"info","message":"GET /api/superadmin/usuarios 304 - 9ms","timestamp":"2026-08-05 16:12:15"}
{"level":"info","message":"GET /api/superadmin/usuarios 304 - 8ms","timestamp":"2026-08-05 16:12:19"}
{"level":"info","message":"GET /api/superadmin/usuarios 304 - 11ms","timestamp":"2026-08-05 16:12:23"}
{"level":"info","message":"GET /api/superadmin/usuarios 304 - 10ms","timestamp":"2026-08-05 16:12:27"}
{"level":"info","message":"GET /api/superadmin/usuarios 304 - 9ms","timestamp":"2026-08-05 16:12:31"}
{"level":"info","message":"GET /api/superadmin/usuarios 304 - 5ms","timestamp":"2026-08-05 16:12:35"}
{"level":"info","message":"GET /api/superadmin/usuarios 304 - 7ms","timestamp":"2026-08-05 16:12:39"}
{"level":"info","message":"GET /api/superadmin/usuarios 304 - 6ms","timestamp":"2026-08-05 16:12:43"}
{"level":"info","message":"GET /api/superadmin/usuarios 304 - 7ms","timestamp":"2026-08-05 16:12:47"}
{"level":"info","message":"GET /api/superadmin/usuarios 304 - 9ms","timestamp":"2026-08-05 16:12:51"}
{"level":"info","message":"GET /api/superadmin/usuarios 304 - 9ms","timestamp":"2026-08-05 16:12:55"}
{"level":"info","message":"GET /api/superadmin/usuarios 304 - 7ms","timestamp":"2026-08-05 16:12:59"}
{"level":"info","message":"GET /api/superadmin/usuarios 304 - 5ms","timestamp":"2026-08-05 16:13:03"}
{"level":"info","message":"GET /api/superadmin/usuarios 304 - 10ms","timestamp":"2026-08-05 16:13:07"}
{"level":"info","message":"GET /api/superadmin/usuarios 304 - 6ms","timestamp":"2026-08-05 16:13:11"}
{"level":"info","message":"GET /api/superadmin/usuarios 304 - 9ms","timestamp":"2026-08-05 16:13:15"}
{"level":"info","message":"GET /api/superadmin/usuarios 304 - 7ms","timestamp":"2026-08-05 16:13:19"}
{"level":"info","message":"GET /api/superadmin/usuarios 304 - 6ms","timestamp":"2026-08-05 16:13:23"}
{"level":"info","message":"GET /api/superadmin/usuarios 304 - 7ms","timestamp":"2026-08-05 16:13:27"}
{"level":"info","message":"GET /api/superadmin/usuarios 304 - 6ms","timestamp":"2026-08-05 16:13:31"}
{"level":"info","message":"GET /api/superadmin/usuarios 304 - 6ms","timestamp":"2026-08-05 16:13:35"}
{"level":"info","message":"GET /api/superadmin/usuarios 304 - 9ms","timestamp":"2026-08-05 16:13:39"}
{"level":"info","message":"GET /api/superadmin/usuarios 304 - 7ms","timestamp":"2026-08-05 16:13:43"}
{"level":"info","message":"GET /api/superadmin/usuarios 304 - 10ms","timestamp":"2026-08-05 16:13:47"}
{"level":"info","message":"GET /api/superadmin/usuarios 304 - 11ms","timestamp":"2026-08-05 16:13:51"}
{"level":"info","message":"GET /api/superadmin/usuarios 304 - 7ms","timestamp":"2026-08-05 16:13:55"}
{"level":"info","message":"GET /api/superadmin/usuarios 304 - 12ms","timestamp":"2026-08-05 16:13:59"}
{"level":"info","message":"GET /api/superadmin/usuarios 304 - 9ms","timestamp":"2026-08-05 16:14:03"}
{"level":"info","message":"GET /api/superadmin/usuarios 304 - 11ms","timestamp":"2026-08-05 16:14:07"}
{"level":"info","message":"GET /api/superadmin/usuarios 304 - 11ms","timestamp":"2026-08-05 16:14:11"}
{"level":"info","message":"GET /api/superadmin/usuarios 304 - 13ms","timestamp":"2026-08-05 16:14:15"}
{"level":"info","message":"GET /api/superadmin/usuarios 304 - 7ms","timestamp":"2026-08-05 16:14:19"}
{"level":"info","message":"GET /api/superadmin/usuarios 304 - 13ms","timestamp":"2026-08-05 16:14:23"}
{"level":"info","message":"GET /api/superadmin/usuarios 304 - 5ms","timestamp":"2026-08-05 16:14:27"}
{"level":"info","message":"GET /api/superadmin/usuarios 304 - 8ms","timestamp":"2026-08-05 16:14:31"}
{"level":"info","message":"GET /api/superadmin/usuarios 304 - 9ms","timestamp":"2026-08-05 16:14:35"}
{"level":"info","message":"GET /api/superadmin/usuarios 304 - 9ms","timestamp":"2026-08-05 16:14:40"}
{"level":"info","message":"GET /api/superadmin/usuarios 304 - 8ms","timestamp":"2026-08-05 16:14:44"}
{"level":"info","message":"GET /api/superadmin/usuarios 304 - 5ms","timestamp":"2026-08-05 16:14:48"}
{"level":"info","message":"GET /api/superadmin/usuarios 304 - 17ms","timestamp":"2026-08-05 16:14:52"}
{"level":"info","message":"GET /api/superadmin/usuarios 304 - 8ms","timestamp":"2026-08-05 16:14:56"}
{"level":"info","message":"GET /api/superadmin/usuarios 304 - 10ms","timestamp":"2026-08-05 16:15:00"}
{"level":"info","message":"GET /api/superadmin/usuarios 304 - 9ms","timestamp":"2026-08-05 16:15:04"}
{"level":"info","message":"GET /api/superadmin/usuarios 304 - 10ms","timestamp":"2026-08-05 16:15:08"}
{"level":"info","message":"GET /api/superadmin/usuarios 304 - 7ms","timestamp":"2026-08-05 16:15:12"}
{"level":"info","message":"GET /api/superadmin/usuarios 304 - 8ms","timestamp":"2026-08-05 16:15:16"}
{"level":"info","message":"GET /api/superadmin/usuarios 304 - 8ms","timestamp":"2026-08-05 16:15:20"}
{"level":"info","message":"GET /api/superadmin/usuarios 304 - 8ms","timestamp":"2026-08-05 16:15:24"}
{"level":"info","message":"GET /api/superadmin/usuarios 304 - 8ms","timestamp":"2026-08-05 16:15:28"}
{"level":"info","message":"GET /api/superadmin/usuarios 304 - 6ms","timestamp":"2026-08-05 16:15:32"}
{"level":"info","message":"GET /api/superadmin/usuarios 304 - 8ms","timestamp":"2026-08-05 16:16:15"}
{"level":"info","message":"GET /api/superadmin/usuarios 304 - 8ms","timestamp":"2026-08-05 16:17:15"}
{"level":"info","message":"GET /api/superadmin/usuarios 304 - 10ms","timestamp":"2026-08-05 16:18:15"}
{"level":"info","message":"GET /api/superadmin/usuarios 304 - 7ms","timestamp":"2026-08-05 16:19:15"}
{"level":"info","message":"GET /api/superadmin/usuarios 304 - 6ms","timestamp":"2026-08-05 16:20:15"}
{"level":"info","message":"GET /api/superadmin/usuarios 304 - 7ms","timestamp":"2026-08-05 16:21:15"}
{"level":"info","message":"GET /api/superadmin/usuarios 304 - 7ms","timestamp":"2026-08-05 16:22:15"}
{"level":"info","message":"GET /api/superadmin/usuarios 304 - 9ms","timestamp":"2026-08-05 16:23:15"}
{"level":"info","message":"GET /api/superadmin/usuarios 304 - 7ms","timestamp":"2026-08-05 16:24:15"}
{"level":"info","message":"GET /api/superadmin/usuarios 304 - 9ms","timestamp":"2026-08-05 16:25:15"}
{"level":"info","message":"GET /api/superadmin/usuarios 304 - 6ms","timestamp":"2026-08-05 16:26:15"}
{"level":"info","message":"GET /api/superadmin/usuarios 304 - 9ms","timestamp":"2026-08-05 16:27:15"}
{"level":"info","message":"GET /api/superadmin/usuarios 304 - 11ms","timestamp":"2026-08-05 16:28:15"}
{"level":"info","message":"GET /api/superadmin/usuarios 304 - 9ms","timestamp":"2026-08-05 16:29:15"}
{"level":"info","message":"GET /api/superadmin/usuarios 304 - 9ms","timestamp":"2026-08-05 16:30:15"}
{"level":"info","message":"GET /api/superadmin/usuarios 304 - 7ms","timestamp":"2026-08-05 16:31:15"}
{"level":"info","message":"GET /api/superadmin/usuarios 304 - 7ms","timestamp":"2026-08-05 16:32:15"}
{"level":"info","message":"GET /api/superadmin/usuarios 304 - 9ms","timestamp":"2026-08-05 16:33:15"}
{"level":"info","message":"GET /api/superadmin/usuarios 304 - 6ms","timestamp":"2026-08-05 16:34:15"}
{"level":"info","message":"GET /api/superadmin/usuarios 304 - 7ms","timestamp":"2026-08-05 16:35:15"}
{"level":"info","message":"GET /api/superadmin/usuarios 304 - 11ms","timestamp":"2026-08-05 16:36:15"}
{"level":"info","message":"GET /api/superadmin/usuarios 304 - 7ms","timestamp":"2026-08-05 16:37:15"}
{"level":"info","message":"GET /api/superadmin/usuarios 304 - 6ms","timestamp":"2026-08-05 16:38:15"}
{"level":"info","message":"GET /api/superadmin/usuarios 304 - 7ms","timestamp":"2026-08-05 16:39:15"}
{"level":"info","message":"GET /api/superadmin/usuarios 304 - 7ms","timestamp":"2026-08-05 16:40:15"}
{"level":"info","message":"GET /api/superadmin/usuarios 304 - 7ms","timestamp":"2026-08-05 16:41:15"}
{"level":"info","message":"GET /api/superadmin/usuarios 304 - 8ms","timestamp":"2026-08-05 16:42:15"}
{"level":"info","message":"GET /api/superadmin/usuarios 304 - 5ms","timestamp":"2026-08-05 16:43:15"}
{"level":"info","message":"GET /api/superadmin/usuarios 304 - 8ms","timestamp":"2026-08-05 16:44:15"}
{"level":"info","message":"GET /api/superadmin/usuarios 304 - 6ms","timestamp":"2026-08-05 16:45:15"}
{"level":"info","message":"GET /api/superadmin/usuarios 304 - 7ms","timestamp":"2026-08-05 16:46:15"}
{"level":"info","message":"GET /api/superadmin/usuarios 304 - 7ms","timestamp":"2026-08-05 16:47:15"}
{"level":"info","message":"GET /api/superadmin/usuarios 304 - 10ms","timestamp":"2026-08-05 16:48:15"}
{"level":"info","message":"GET /api/superadmin/usuarios 304 - 6ms","timestamp":"2026-08-05 16:49:15"}
{"level":"info","message":"GET /api/superadmin/usuarios 304 - 5ms","timestamp":"2026-08-05 16:50:15"}
{"level":"info","message":"GET /api/superadmin/usuarios 304 - 6ms","timestamp":"2026-08-05 16:51:15"}
{"level":"info","message":"GET /api/superadmin/usuarios 304 - 6ms","timestamp":"2026-08-05 16:52:15"}
{"level":"info","message":"GET /api/superadmin/usuarios 304 - 8ms","timestamp":"2026-08-05 16:53:15"}
{"level":"info","message":"GET /api/superadmin/usuarios 304 - 9ms","timestamp":"2026-08-05 16:54:15"}
{"level":"info","message":"GET /api/superadmin/usuarios 304 - 14ms","timestamp":"2026-08-05 16:55:03"}
{"level":"info","message":"GET /api/superadmin/usuarios 304 - 8ms","timestamp":"2026-08-05 16:55:08"}
{"level":"info","message":"GET /api/superadmin/usuarios 304 - 8ms","timestamp":"2026-08-05 16:55:12"}
{"level":"info","message":"GET /api/superadmin/usuarios 304 - 7ms","timestamp":"2026-08-05 16:55:16"}
{"level":"info","message":"GET /api/superadmin/usuarios 304 - 10ms","timestamp":"2026-08-05 16:55:20"}
{"level":"info","message":"GET /api/superadmin/usuarios 304 - 7ms","timestamp":"2026-08-05 16:55:24"}
{"level":"info","message":"GET /api/superadmin/usuarios 304 - 11ms","timestamp":"2026-08-05 16:55:28"}
{"level":"info","message":"GET /api/superadmin/usuarios 304 - 7ms","timestamp":"2026-08-05 16:55:32"}
{"level":"info","message":"GET /api/superadmin/usuarios 304 - 13ms","timestamp":"2026-08-05 16:55:36"}
{"level":"info","message":"GET /api/superadmin/usuarios 304 - 7ms","timestamp":"2026-08-05 16:55:40"}
{"level":"info","message":"GET /api/superadmin/usuarios 304 - 5ms","timestamp":"2026-08-05 16:55:44"}
{"level":"info","message":"GET /api/superadmin/usuarios 304 - 7ms","timestamp":"2026-08-05 16:55:48"}
{"level":"info","message":"GET /api/superadmin/usuarios 304 - 11ms","timestamp":"2026-08-05 16:55:52"}
{"level":"info","message":"GET /api/superadmin/usuarios 304 - 7ms","timestamp":"2026-08-05 16:55:56"}
{"level":"info","message":"GET /api/superadmin/usuarios 304 - 8ms","timestamp":"2026-08-05 16:56:00"}
{"level":"info","message":"GET /api/superadmin/usuarios 304 - 7ms","timestamp":"2026-08-05 16:56:04"}
{"level":"info","message":"GET /api/superadmin/usuarios 304 - 10ms","timestamp":"2026-08-05 16:56:15"}
{"level":"info","message":"GET /api/superadmin/usuarios 304 - 10ms","timestamp":"2026-08-05 16:57:15"}
{"level":"info","message":"GET /api/superadmin/usuarios 304 - 9ms","timestamp":"2026-08-05 16:58:15"}
{"level":"info","message":"GET /api/superadmin/usuarios 304 - 6ms","timestamp":"2026-08-05 16:59:15"}
{"level":"info","message":"GET /api/superadmin/usuarios 304 - 10ms","timestamp":"2026-08-05 17:00:15"}
{"level":"info","message":"GET /api/superadmin/usuarios 304 - 6ms","timestamp":"2026-08-05 17:01:15"}
{"level":"info","message":"GET /api/superadmin/usuarios 304 - 7ms","timestamp":"2026-08-05 17:02:15"}
{"level":"info","message":"GET /api/superadmin/usuarios 304 - 11ms","timestamp":"2026-08-05 17:03:15"}
{"level":"info","message":"GET /api/superadmin/usuarios 304 - 11ms","timestamp":"2026-08-05 17:04:15"}
{"level":"info","message":"GET /api/superadmin/usuarios 304 - 8ms","timestamp":"2026-08-05 17:05:15"}
{"level":"info","message":"GET /api/superadmin/usuarios 304 - 6ms","timestamp":"2026-08-05 17:06:15"}
{"level":"info","message":"GET /api/superadmin/usuarios 304 - 12ms","timestamp":"2026-08-05 17:07:15"}
{"level":"info","message":"GET /api/superadmin/usuarios 304 - 11ms","timestamp":"2026-08-05 17:08:15"}
{"level":"info","message":"GET /api/superadmin/usuarios 304 - 11ms","timestamp":"2026-08-05 17:09:15"}
{"level":"info","message":"GET /api/superadmin/usuarios 304 - 10ms","timestamp":"2026-08-05 17:10:15"}
{"level":"info","message":"GET /api/superadmin/usuarios 304 - 7ms","timestamp":"2026-08-05 17:11:15"}
{"level":"info","message":"GET /api/superadmin/usuarios 304 - 7ms","timestamp":"2026-08-05 17:12:15"}
{"level":"info","message":"GET /api/superadmin/usuarios 304 - 7ms","timestamp":"2026-08-05 17:13:15"}
{"level":"info","message":"GET /api/superadmin/usuarios 304 - 9ms","timestamp":"2026-08-05 17:14:15"}
{"level":"info","message":"GET /api/superadmin/usuarios 304 - 7ms","timestamp":"2026-08-05 17:15:15"}
{"level":"info","message":"GET /api/superadmin/usuarios 304 - 7ms","timestamp":"2026-08-05 17:16:15"}
{"level":"info","message":"GET /api/superadmin/usuarios 304 - 8ms","timestamp":"2026-08-05 17:17:15"}
{"level":"info","message":"GET /api/superadmin/usuarios 304 - 10ms","timestamp":"2026-08-05 17:18:15"}
{"level":"info","message":"GET /api/superadmin/usuarios 304 - 9ms","timestamp":"2026-08-05 17:19:15"}
{"level":"info","message":"GET /api/superadmin/usuarios 304 - 11ms","timestamp":"2026-08-05 17:20:15"}
{"level":"info","message":"GET /api/superadmin/usuarios 304 - 13ms","timestamp":"2026-08-05 17:21:15"}
{"level":"info","message":"GET /api/superadmin/usuarios 304 - 10ms","timestamp":"2026-08-05 17:22:15"}
{"level":"info","message":"GET /api/superadmin/usuarios 304 - 9ms","timestamp":"2026-08-05 17:23:15"}
{"level":"info","message":"GET /api/superadmin/usuarios 304 - 8ms","timestamp":"2026-08-05 17:24:15"}
{"level":"info","message":"GET /api/superadmin/usuarios 304 - 7ms","timestamp":"2026-08-05 17:25:15"}
{"level":"info","message":"GET /api/superadmin/usuarios 304 - 8ms","timestamp":"2026-08-05 17:26:15"}
{"level":"info","message":"GET /api/superadmin/usuarios 304 - 6ms","timestamp":"2026-08-05 17:27:15"}
{"level":"info","message":"GET /api/superadmin/usuarios 304 - 7ms","timestamp":"2026-08-05 17:27:54"}
{"level":"info","message":"GET /api/superadmin/usuarios 304 - 6ms","timestamp":"2026-08-05 17:27:55"}
{"level":"info","message":"GET /api/superadmin/usuarios 304 - 8ms","timestamp":"2026-08-05 17:27:59"}
{"level":"info","message":"GET /api/superadmin/convocatorias 200 - 5ms","timestamp":"2026-08-05 17:28:02"}
{"level":"info","message":"GET /api/superadmin/categorias/1 304 - 5ms","timestamp":"2026-08-05 17:28:02"}
{"level":"info","message":"GET /api/superadmin/requisitos-archivos/1 304 - 4ms","timestamp":"2026-08-05 17:28:02"}
{"level":"info","message":"POST /api/superadmin/convocatorias 200 - 13ms","timestamp":"2026-08-05 17:29:01"}
{"level":"info","message":"GET /api/catalogos/convocatoria-activa 200 - 3ms","timestamp":"2026-08-05 17:29:01"}
{"level":"info","message":"GET /api/catalogos/categorias 304 - 5ms","timestamp":"2026-08-05 17:29:01"}
{"level":"info","message":"GET /api/superadmin/convocatorias 200 - 3ms","timestamp":"2026-08-05 17:29:01"}
{"level":"info","message":"GET /api/superadmin/categorias/1 304 - 4ms","timestamp":"2026-08-05 17:29:01"}
{"level":"info","message":"GET /api/superadmin/requisitos-archivos/1 304 - 4ms","timestamp":"2026-08-05 17:29:01"}
{"level":"info","message":"[SOCKET] Forzando cierre de conexión para usuario ID: 1","timestamp":"2026-08-05 17:29:05"}
{"level":"info","message":"[SOCKET] Conexión cerrada: superadmin [ID: amVypdY7zneQoAcgAABq]","timestamp":"2026-08-05 17:29:05"}
{"level":"info","message":"POST /api/auth/logout 200 - 13ms","timestamp":"2026-08-05 17:29:05"}
{"level":"info","message":"GET /api/catalogos/convocatoria-activa 304 - 3ms","timestamp":"2026-08-05 17:29:05"}
{"level":"info","message":"GET /api/catalogos/categorias 304 - 5ms","timestamp":"2026-08-05 17:29:05"}
{"level":"info","message":"GET /api/catalogos/categorias 304 - 3ms","timestamp":"2026-08-05 17:29:05"}
{"level":"info","message":"POST /api/auth/login 200 - 70ms","timestamp":"2026-08-05 17:29:27"}
{"level":"info","message":"[SOCKET] Conexión establecida: superadmin (Superadmin Sistema IECM) [ID: CJQ3mFQc2-bcbqogAABs]","timestamp":"2026-08-05 17:29:27"}
{"level":"info","message":"[SOCKET] Conexión cerrada: superadmin [ID: CJQ3mFQc2-bcbqogAABs]","timestamp":"2026-08-05 17:29:29"}
{"level":"info","message":"GET /api/catalogos/convocatoria-activa 304 - 2ms","timestamp":"2026-08-05 17:29:29"}
{"level":"info","message":"GET /api/notificaciones 304 - 13ms","timestamp":"2026-08-05 17:29:29"}
{"level":"info","message":"[SOCKET] Conexión establecida: superadmin (Superadmin Sistema IECM) [ID: JM9TYDmC1P410B1QAABv]","timestamp":"2026-08-05 17:29:29"}
{"level":"info","message":"GET /api/catalogos/tema 200 - 11ms","timestamp":"2026-08-05 17:29:29"}
{"level":"info","message":"GET /api/catalogos/categorias 304 - 21ms","timestamp":"2026-08-05 17:29:29"}
{"level":"info","message":"GET /api/superadmin/usuarios 304 - 26ms","timestamp":"2026-08-05 17:29:29"}
{"level":"info","message":"GET /api/notificaciones 304 - 4ms","timestamp":"2026-08-05 17:29:29"}
{"level":"info","message":"GET /api/superadmin/convocatorias 304 - 5ms","timestamp":"2026-08-05 17:29:32"}
{"level":"info","message":"GET /api/superadmin/categorias/1 304 - 4ms","timestamp":"2026-08-05 17:29:32"}
{"level":"info","message":"GET /api/superadmin/requisitos-archivos/1 304 - 4ms","timestamp":"2026-08-05 17:29:32"}
{"level":"info","message":"POST /api/superadmin/convocatorias 200 - 12ms","timestamp":"2026-08-05 17:29:39"}
{"level":"info","message":"GET /api/catalogos/convocatoria-activa 200 - 2ms","timestamp":"2026-08-05 17:29:39"}
{"level":"info","message":"GET /api/catalogos/categorias 304 - 3ms","timestamp":"2026-08-05 17:29:39"}
{"level":"info","message":"GET /api/superadmin/convocatorias 200 - 6ms","timestamp":"2026-08-05 17:29:39"}
{"level":"info","message":"GET /api/superadmin/categorias/1 304 - 6ms","timestamp":"2026-08-05 17:29:39"}
{"level":"info","message":"GET /api/superadmin/requisitos-archivos/1 304 - 4ms","timestamp":"2026-08-05 17:29:39"}
{"level":"info","message":"[SOCKET] Forzando cierre de conexión para usuario ID: 1","timestamp":"2026-08-05 17:29:43"}
{"level":"info","message":"[SOCKET] Conexión cerrada: superadmin [ID: JM9TYDmC1P410B1QAABv]","timestamp":"2026-08-05 17:29:43"}
{"level":"info","message":"POST /api/auth/logout 200 - 11ms","timestamp":"2026-08-05 17:29:43"}
{"level":"info","message":"GET /api/catalogos/convocatoria-activa 304 - 3ms","timestamp":"2026-08-05 17:29:43"}
{"level":"info","message":"GET /api/catalogos/categorias 304 - 5ms","timestamp":"2026-08-05 17:29:43"}
{"level":"info","message":"GET /api/catalogos/categorias 304 - 4ms","timestamp":"2026-08-05 17:29:43"}
{"level":"info","message":"GET /api/catalogos/convocatoria-activa 304 - 3ms","timestamp":"2026-08-05 17:29:50"}
{"level":"info","message":"GET /api/catalogos/categorias 304 - 4ms","timestamp":"2026-08-05 17:29:50"}
{"level":"info","message":"GET /api/catalogos/convocatoria-activa 304 - 2ms","timestamp":"2026-08-05 17:29:51"}
{"level":"info","message":"GET /api/catalogos/categorias 304 - 4ms","timestamp":"2026-08-05 17:29:51"}
{"level":"info","message":"GET /api/catalogos/categorias 304 - 3ms","timestamp":"2026-08-05 17:29:51"}
{"level":"info","message":"POST /api/auth/login 200 - 82ms","timestamp":"2026-08-05 17:29:57"}
{"level":"info","message":"[SOCKET] Conexión establecida: superadmin (Superadmin Sistema IECM) [ID: KkCq0ERzKjey7UabAABx]","timestamp":"2026-08-05 17:29:57"}
{"level":"info","message":"[SOCKET] Conexión cerrada: superadmin [ID: KkCq0ERzKjey7UabAABx]","timestamp":"2026-08-05 17:29:59"}
{"level":"info","message":"GET /api/catalogos/convocatoria-activa 304 - 5ms","timestamp":"2026-08-05 17:29:59"}
{"level":"info","message":"GET /api/notificaciones 304 - 10ms","timestamp":"2026-08-05 17:29:59"}
{"level":"info","message":"GET /api/catalogos/categorias 304 - 9ms","timestamp":"2026-08-05 17:29:59"}
{"level":"info","message":"GET /api/catalogos/tema 304 - 5ms","timestamp":"2026-08-05 17:29:59"}
{"level":"info","message":"[SOCKET] Conexión establecida: superadmin (Superadmin Sistema IECM) [ID: ditUDapDmqrPlaHUAAB0]","timestamp":"2026-08-05 17:29:59"}
{"level":"info","message":"GET /api/superadmin/usuarios 304 - 17ms","timestamp":"2026-08-05 17:29:59"}
{"level":"info","message":"GET /api/notificaciones 304 - 6ms","timestamp":"2026-08-05 17:29:59"}
{"level":"info","message":"GET /api/superadmin/usuarios 304 - 7ms","timestamp":"2026-08-05 17:30:03"}
{"level":"info","message":"GET /api/superadmin/convocatorias 304 - 4ms","timestamp":"2026-08-05 17:30:03"}
{"level":"info","message":"GET /api/superadmin/categorias/1 304 - 4ms","timestamp":"2026-08-05 17:30:03"}
{"level":"info","message":"GET /api/superadmin/requisitos-archivos/1 304 - 5ms","timestamp":"2026-08-05 17:30:03"}
{"level":"info","message":"GET /api/catalogos/convocatoria-activa 200 - 3ms","timestamp":"2026-08-05 17:31:44"}
{"level":"info","message":"GET /api/catalogos/categorias 304 - 6ms","timestamp":"2026-08-05 17:31:44"}
{"level":"info","message":"GET /api/catalogos/categorias 304 - 3ms","timestamp":"2026-08-05 17:31:44"}
{"level":"info","message":"GET /api/superadmin/usuarios 304 - 9ms","timestamp":"2026-08-05 17:37:11"}
{"level":"info","message":"GET /api/superadmin/usuarios 304 - 6ms","timestamp":"2026-08-05 17:37:15"}
{"level":"info","message":"GET /api/superadmin/usuarios 304 - 5ms","timestamp":"2026-08-05 17:37:19"}
{"level":"info","message":"GET /api/superadmin/usuarios 304 - 5ms","timestamp":"2026-08-05 17:37:23"}
{"level":"info","message":"GET /api/superadmin/convocatorias 304 - 4ms","timestamp":"2026-08-05 17:37:26"}
{"level":"info","message":"GET /api/superadmin/categorias/1 304 - 3ms","timestamp":"2026-08-05 17:37:26"}
{"level":"info","message":"GET /api/superadmin/requisitos-archivos/1 304 - 4ms","timestamp":"2026-08-05 17:37:26"}
{"level":"info","message":"[SOCKET] Conexión establecida: superadmin (Superadmin Sistema IECM) [ID: QWanRZrErWtnXimFAAAB]","timestamp":"2026-08-05 17:39:45"}
{"level":"info","message":"[SOCKET] Conexión establecida: superadmin (Superadmin Sistema IECM) [ID: T1u_QnFzqrrhgbGbAAAB]","timestamp":"2026-08-05 17:40:22"}
{"level":"info","message":"[SOCKET] Conexión establecida: superadmin (Superadmin Sistema IECM) [ID: brdPaIGy0S48zcMmAAAB]","timestamp":"2026-08-05 17:40:39"}
{"level":"info","message":"[SOCKET] Conexión cerrada: superadmin [ID: brdPaIGy0S48zcMmAAAB]","timestamp":"2026-08-05 17:40:52"}
{"level":"info","message":"GET /api/catalogos/tema 304 - 5ms","timestamp":"2026-08-05 17:40:52"}
{"level":"info","message":"GET /api/catalogos/convocatoria-activa 200 - 15ms","timestamp":"2026-08-05 17:40:52"}
{"level":"info","message":"GET /api/superadmin/convocatorias 304 - 26ms","timestamp":"2026-08-05 17:40:52"}
{"level":"info","message":"GET /api/catalogos/tema 304 - 20ms","timestamp":"2026-08-05 17:40:52"}
{"level":"info","message":"GET /api/notificaciones 304 - 26ms","timestamp":"2026-08-05 17:40:52"}
{"level":"info","message":"GET /api/catalogos/categorias 304 - 26ms","timestamp":"2026-08-05 17:40:52"}
{"level":"info","message":"[SOCKET] Conexión establecida: superadmin (Superadmin Sistema IECM) [ID: 6DUi1gwMg9wm3QVyAAAF]","timestamp":"2026-08-05 17:40:52"}
{"level":"info","message":"GET /api/notificaciones 304 - 6ms","timestamp":"2026-08-05 17:40:52"}
{"level":"info","message":"GET /api/superadmin/categorias/1 304 - 5ms","timestamp":"2026-08-05 17:40:53"}
{"level":"info","message":"GET /api/superadmin/requisitos-archivos/1 304 - 7ms","timestamp":"2026-08-05 17:40:53"}
{"level":"info","message":"GET /api/catalogos/tema 200 - 2ms","timestamp":"2026-08-05 17:40:53"}
{"level":"info","message":"GET /api/catalogos/convocatoria-activa 200 - 3ms","timestamp":"2026-08-05 17:40:53"}
{"level":"info","message":"GET /api/catalogos/categorias 304 - 4ms","timestamp":"2026-08-05 17:40:53"}
{"level":"info","message":"GET /api/catalogos/categorias 304 - 3ms","timestamp":"2026-08-05 17:40:53"}
{"level":"info","message":"[SOCKET] Conexión cerrada: superadmin [ID: 6DUi1gwMg9wm3QVyAAAF]","timestamp":"2026-08-05 17:41:10"}
{"level":"info","message":"GET /api/catalogos/tema 304 - 3ms","timestamp":"2026-08-05 17:41:43"}
{"level":"info","message":"GET /api/catalogos/convocatoria-activa 304 - 4ms","timestamp":"2026-08-05 17:41:43"}
{"level":"info","message":"GET /api/notificaciones 304 - 13ms","timestamp":"2026-08-05 17:41:43"}
{"level":"info","message":"GET /api/superadmin/convocatorias 304 - 13ms","timestamp":"2026-08-05 17:41:43"}
{"level":"info","message":"GET /api/catalogos/tema 304 - 8ms","timestamp":"2026-08-05 17:41:43"}
{"level":"info","message":"GET /api/catalogos/categorias 304 - 15ms","timestamp":"2026-08-05 17:41:43"}
{"level":"info","message":"[SOCKET] Conexión establecida: superadmin (Superadmin Sistema IECM) [ID: LkGFu4IDKlVX7C2fAAAJ]","timestamp":"2026-08-05 17:41:43"}
{"level":"info","message":"GET /api/notificaciones 304 - 8ms","timestamp":"2026-08-05 17:41:43"}
{"level":"info","message":"GET /api/superadmin/categorias/1 304 - 6ms","timestamp":"2026-08-05 17:41:43"}
{"level":"info","message":"GET /api/superadmin/requisitos-archivos/1 304 - 6ms","timestamp":"2026-08-05 17:41:43"}
{"level":"info","message":"GET /api/catalogos/tema 304 - 2ms","timestamp":"2026-08-05 17:41:43"}
{"level":"info","message":"GET /api/catalogos/convocatoria-activa 304 - 2ms","timestamp":"2026-08-05 17:41:43"}
{"level":"info","message":"GET /api/catalogos/categorias 304 - 4ms","timestamp":"2026-08-05 17:41:43"}
{"level":"info","message":"GET /api/catalogos/categorias 304 - 5ms","timestamp":"2026-08-05 17:41:43"}
{"level":"info","message":"[SOCKET] Conexión establecida: superadmin (Superadmin Sistema IECM) [ID: K5blZUdqGQhN9YC2AAAB]","timestamp":"2026-08-05 17:41:56"}
{"level":"info","message":"GET /api/catalogos/tema 200 - 6ms","timestamp":"2026-08-05 17:42:41"}
{"level":"info","message":"GET /api/catalogos/convocatoria-activa 200 - 8ms","timestamp":"2026-08-05 17:42:41"}
{"level":"info","message":"GET /api/catalogos/categorias 200 - 18ms","timestamp":"2026-08-05 17:42:41"}
{"level":"info","message":"GET /api/catalogos/categorias 200 - 22ms","timestamp":"2026-08-05 17:42:41"}
{"level":"info","message":"GET /api/catalogos/tema 200 - 3ms","timestamp":"2026-08-05 17:43:19"}
{"level":"info","message":"GET /api/catalogos/convocatoria-activa 200 - 4ms","timestamp":"2026-08-05 17:43:19"}
{"level":"info","message":"GET /api/catalogos/categorias 200 - 11ms","timestamp":"2026-08-05 17:43:19"}
{"level":"info","message":"GET /api/catalogos/categorias 200 - 8ms","timestamp":"2026-08-05 17:43:19"}
{"level":"info","message":"POST /api/superadmin/convocatorias 200 - 21ms","timestamp":"2026-08-05 17:43:42"}
{"level":"info","message":"GET /api/catalogos/convocatoria-activa 200 - 8ms","timestamp":"2026-08-05 17:43:42"}
{"level":"info","message":"GET /api/catalogos/categorias 304 - 10ms","timestamp":"2026-08-05 17:43:42"}
{"level":"info","message":"GET /api/superadmin/convocatorias 200 - 5ms","timestamp":"2026-08-05 17:43:42"}
{"level":"info","message":"GET /api/superadmin/categorias/1 304 - 6ms","timestamp":"2026-08-05 17:43:42"}
{"level":"info","message":"GET /api/superadmin/requisitos-archivos/1 304 - 7ms","timestamp":"2026-08-05 17:43:42"}
{"level":"info","message":"GET /api/catalogos/tema 200 - 3ms","timestamp":"2026-08-05 17:43:48"}
{"level":"info","message":"GET /api/catalogos/convocatoria-activa 200 - 5ms","timestamp":"2026-08-05 17:43:48"}
{"level":"info","message":"GET /api/catalogos/categorias 200 - 7ms","timestamp":"2026-08-05 17:43:48"}
{"level":"info","message":"GET /api/catalogos/categorias 200 - 6ms","timestamp":"2026-08-05 17:43:48"}
{"level":"info","message":"[SOCKET] Conexión establecida: superadmin (Superadmin Sistema IECM) [ID: BCrLp3qT5oAKgYymAAAB]","timestamp":"2026-08-05 17:45:36"}
{"level":"info","message":"[SOCKET] Conexión cerrada: superadmin [ID: BCrLp3qT5oAKgYymAAAB]","timestamp":"2026-08-05 17:46:06"}
{"level":"info","message":"GET /api/catalogos/tema 304 - 4ms","timestamp":"2026-08-05 17:46:06"}
{"level":"info","message":"GET /api/catalogos/convocatoria-activa 200 - 12ms","timestamp":"2026-08-05 17:46:06"}
{"level":"info","message":"GET /api/catalogos/tema 304 - 24ms","timestamp":"2026-08-05 17:46:06"}
{"level":"info","message":"GET /api/superadmin/convocatorias 304 - 34ms","timestamp":"2026-08-05 17:46:06"}
{"level":"info","message":"GET /api/notificaciones 304 - 33ms","timestamp":"2026-08-05 17:46:06"}
{"level":"info","message":"GET /api/catalogos/categorias 304 - 31ms","timestamp":"2026-08-05 17:46:06"}
{"level":"info","message":"[SOCKET] Conexión establecida: superadmin (Superadmin Sistema IECM) [ID: W80Z8uPhWRe2air2AAAF]","timestamp":"2026-08-05 17:46:06"}
{"level":"info","message":"GET /api/notificaciones 304 - 10ms","timestamp":"2026-08-05 17:46:06"}
{"level":"info","message":"GET /api/superadmin/categorias/1 304 - 5ms","timestamp":"2026-08-05 17:46:06"}
{"level":"info","message":"GET /api/superadmin/requisitos-archivos/1 304 - 14ms","timestamp":"2026-08-05 17:46:06"}
{"level":"info","message":"GET /api/catalogos/tema 304 - 2ms","timestamp":"2026-08-05 17:46:06"}
{"level":"info","message":"GET /api/catalogos/convocatoria-activa 200 - 2ms","timestamp":"2026-08-05 17:46:06"}
{"level":"info","message":"GET /api/catalogos/categorias 304 - 4ms","timestamp":"2026-08-05 17:46:06"}
{"level":"info","message":"GET /api/catalogos/categorias 304 - 3ms","timestamp":"2026-08-05 17:46:07"}
{"level":"info","message":"[SOCKET] Conexión cerrada: superadmin [ID: W80Z8uPhWRe2air2AAAF]","timestamp":"2026-08-05 17:47:03"}
{"level":"info","message":"GET /api/catalogos/tema 304 - 3ms","timestamp":"2026-08-05 17:47:03"}
{"level":"info","message":"GET /api/catalogos/convocatoria-activa 304 - 6ms","timestamp":"2026-08-05 17:47:03"}
{"level":"info","message":"GET /api/catalogos/tema 304 - 12ms","timestamp":"2026-08-05 17:47:03"}
{"level":"info","message":"GET /api/notificaciones 304 - 20ms","timestamp":"2026-08-05 17:47:03"}
{"level":"info","message":"GET /api/superadmin/convocatorias 304 - 20ms","timestamp":"2026-08-05 17:47:03"}
{"level":"info","message":"GET /api/catalogos/categorias 304 - 20ms","timestamp":"2026-08-05 17:47:03"}
{"level":"info","message":"[SOCKET] Conexión establecida: superadmin (Superadmin Sistema IECM) [ID: XQ8BB11SHL4uyWO_AAAJ]","timestamp":"2026-08-05 17:47:03"}
{"level":"info","message":"GET /api/notificaciones 304 - 8ms","timestamp":"2026-08-05 17:47:03"}
{"level":"info","message":"GET /api/superadmin/categorias/1 304 - 7ms","timestamp":"2026-08-05 17:47:03"}
{"level":"info","message":"GET /api/superadmin/requisitos-archivos/1 304 - 6ms","timestamp":"2026-08-05 17:47:03"}
{"level":"info","message":"GET /api/catalogos/tema 304 - 2ms","timestamp":"2026-08-05 17:47:04"}
{"level":"info","message":"GET /api/catalogos/convocatoria-activa 304 - 3ms","timestamp":"2026-08-05 17:47:04"}
{"level":"info","message":"GET /api/catalogos/categorias 304 - 5ms","timestamp":"2026-08-05 17:47:04"}
{"level":"info","message":"GET /api/catalogos/categorias 304 - 3ms","timestamp":"2026-08-05 17:47:04"}
{"level":"info","message":"[SOCKET] Conexión establecida: superadmin (Superadmin Sistema IECM) [ID: XMezWUDkpx2HZ8XjAAAB]","timestamp":"2026-08-05 17:47:20"}
{"level":"info","message":"POST /api/superadmin/convocatorias 200 - 28ms","timestamp":"2026-08-05 17:48:54"}
{"level":"info","message":"GET /api/catalogos/convocatoria-activa 200 - 6ms","timestamp":"2026-08-05 17:48:54"}
{"level":"info","message":"GET /api/catalogos/categorias 304 - 9ms","timestamp":"2026-08-05 17:48:54"}
{"level":"info","message":"GET /api/superadmin/convocatorias 200 - 5ms","timestamp":"2026-08-05 17:48:54"}
{"level":"info","message":"GET /api/superadmin/categorias/1 304 - 6ms","timestamp":"2026-08-05 17:48:54"}
{"level":"info","message":"GET /api/superadmin/requisitos-archivos/1 304 - 7ms","timestamp":"2026-08-05 17:48:54"}
{"level":"info","message":"GET /api/catalogos/tema 200 - 9ms","timestamp":"2026-08-05 17:48:58"}
{"level":"info","message":"GET /api/catalogos/convocatoria-activa 200 - 9ms","timestamp":"2026-08-05 17:48:58"}
{"level":"info","message":"GET /api/catalogos/categorias 200 - 14ms","timestamp":"2026-08-05 17:48:58"}
{"level":"info","message":"GET /api/catalogos/categorias 200 - 14ms","timestamp":"2026-08-05 17:48:58"}
{"level":"info","message":"GET /api/catalogos/convocatoria-activa 304 - 6ms","timestamp":"2026-08-05 17:51:31"}
{"level":"info","message":"GET /api/catalogos/categorias 304 - 8ms","timestamp":"2026-08-05 17:51:31"}
{"level":"info","message":"GET /api/catalogos/convocatoria-activa 304 - 4ms","timestamp":"2026-08-05 17:51:32"}
{"level":"info","message":"GET /api/catalogos/categorias 304 - 7ms","timestamp":"2026-08-05 17:51:32"}
{"level":"info","message":"GET /api/catalogos/categorias 304 - 3ms","timestamp":"2026-08-05 17:51:32"}
{"level":"info","message":"[SOCKET] Conexión establecida: superadmin (Superadmin Sistema IECM) [ID: ANXDxDbOXvR-H2sCAAAB]","timestamp":"2026-08-05 17:51:36"}
{"level":"info","message":"GET /api/catalogos/convocatoria-activa 200 - 8ms","timestamp":"2026-08-05 17:51:38"}
{"level":"info","message":"GET /api/catalogos/categorias 200 - 12ms","timestamp":"2026-08-05 17:51:38"}
{"level":"info","message":"[SOCKET] Conexión cerrada: superadmin [ID: ANXDxDbOXvR-H2sCAAAB]","timestamp":"2026-08-05 17:51:55"}
{"level":"info","message":"GET /api/catalogos/tema 304 - 5ms","timestamp":"2026-08-05 17:51:55"}
{"level":"info","message":"GET /api/catalogos/convocatoria-activa 200 - 12ms","timestamp":"2026-08-05 17:51:55"}
{"level":"info","message":"GET /api/notificaciones 304 - 21ms","timestamp":"2026-08-05 17:51:55"}
{"level":"info","message":"GET /api/catalogos/tema 304 - 18ms","timestamp":"2026-08-05 17:51:55"}
{"level":"info","message":"GET /api/superadmin/convocatorias 304 - 26ms","timestamp":"2026-08-05 17:51:55"}
{"level":"info","message":"GET /api/catalogos/categorias 304 - 25ms","timestamp":"2026-08-05 17:51:55"}
{"level":"info","message":"[SOCKET] Conexión establecida: superadmin (Superadmin Sistema IECM) [ID: I08-MXaRWaNYYsA7AAAF]","timestamp":"2026-08-05 17:51:55"}
{"level":"info","message":"GET /api/notificaciones 304 - 8ms","timestamp":"2026-08-05 17:51:55"}
{"level":"info","message":"GET /api/superadmin/categorias/1 304 - 7ms","timestamp":"2026-08-05 17:51:55"}
{"level":"info","message":"GET /api/superadmin/requisitos-archivos/1 304 - 6ms","timestamp":"2026-08-05 17:51:55"}
{"level":"info","message":"GET /api/catalogos/tema 304 - 3ms","timestamp":"2026-08-05 17:51:55"}
{"level":"info","message":"GET /api/catalogos/convocatoria-activa 304 - 2ms","timestamp":"2026-08-05 17:51:55"}
{"level":"info","message":"GET /api/catalogos/categorias 304 - 3ms","timestamp":"2026-08-05 17:51:55"}
{"level":"info","message":"GET /api/catalogos/categorias 304 - 4ms","timestamp":"2026-08-05 17:51:55"}
{"level":"info","message":"[SOCKET] Conexión cerrada: superadmin [ID: I08-MXaRWaNYYsA7AAAF]","timestamp":"2026-08-05 17:53:02"}
{"level":"info","message":"GET /api/catalogos/tema 304 - 3ms","timestamp":"2026-08-05 17:53:02"}
{"level":"info","message":"GET /api/catalogos/convocatoria-activa 304 - 8ms","timestamp":"2026-08-05 17:53:02"}
{"level":"info","message":"GET /api/notificaciones 304 - 15ms","timestamp":"2026-08-05 17:53:02"}
{"level":"info","message":"GET /api/catalogos/tema 304 - 9ms","timestamp":"2026-08-05 17:53:02"}
{"level":"info","message":"GET /api/superadmin/convocatorias 304 - 19ms","timestamp":"2026-08-05 17:53:02"}
{"level":"info","message":"GET /api/catalogos/categorias 304 - 23ms","timestamp":"2026-08-05 17:53:02"}
{"level":"info","message":"GET /api/notificaciones 304 - 5ms","timestamp":"2026-08-05 17:53:02"}
{"level":"info","message":"[SOCKET] Conexión establecida: superadmin (Superadmin Sistema IECM) [ID: UHjAKqiC9fJrFZaCAAAJ]","timestamp":"2026-08-05 17:53:02"}
{"level":"info","message":"GET /api/superadmin/categorias/1 304 - 9ms","timestamp":"2026-08-05 17:53:02"}
{"level":"info","message":"GET /api/superadmin/requisitos-archivos/1 304 - 6ms","timestamp":"2026-08-05 17:53:02"}
{"level":"info","message":"GET /api/catalogos/tema 304 - 2ms","timestamp":"2026-08-05 17:53:03"}
{"level":"info","message":"GET /api/catalogos/convocatoria-activa 304 - 2ms","timestamp":"2026-08-05 17:53:03"}
{"level":"info","message":"GET /api/catalogos/categorias 304 - 3ms","timestamp":"2026-08-05 17:53:03"}
{"level":"info","message":"GET /api/catalogos/categorias 304 - 3ms","timestamp":"2026-08-05 17:53:03"}
{"level":"info","message":"[SOCKET] Conexión cerrada: superadmin [ID: UHjAKqiC9fJrFZaCAAAJ]","timestamp":"2026-08-05 17:53:08"}
{"level":"info","message":"GET /api/catalogos/tema 304 - 2ms","timestamp":"2026-08-05 17:53:08"}
{"level":"info","message":"GET /api/catalogos/convocatoria-activa 304 - 6ms","timestamp":"2026-08-05 17:53:08"}
{"level":"info","message":"GET /api/notificaciones 304 - 12ms","timestamp":"2026-08-05 17:53:08"}
{"level":"info","message":"GET /api/catalogos/tema 304 - 7ms","timestamp":"2026-08-05 17:53:08"}
{"level":"info","message":"GET /api/superadmin/convocatorias 304 - 13ms","timestamp":"2026-08-05 17:53:08"}
{"level":"info","message":"GET /api/catalogos/categorias 304 - 9ms","timestamp":"2026-08-05 17:53:08"}
{"level":"info","message":"GET /api/notificaciones 304 - 4ms","timestamp":"2026-08-05 17:53:08"}
{"level":"info","message":"[SOCKET] Conexión establecida: superadmin (Superadmin Sistema IECM) [ID: 3RydENm2fO9g-BXZAAAN]","timestamp":"2026-08-05 17:53:08"}
{"level":"info","message":"GET /api/superadmin/categorias/1 304 - 5ms","timestamp":"2026-08-05 17:53:08"}
{"level":"info","message":"GET /api/superadmin/requisitos-archivos/1 304 - 4ms","timestamp":"2026-08-05 17:53:08"}
{"level":"info","message":"GET /api/catalogos/tema 304 - 2ms","timestamp":"2026-08-05 17:53:08"}
{"level":"info","message":"GET /api/catalogos/convocatoria-activa 304 - 2ms","timestamp":"2026-08-05 17:53:08"}
{"level":"info","message":"GET /api/catalogos/categorias 304 - 3ms","timestamp":"2026-08-05 17:53:08"}
{"level":"info","message":"GET /api/catalogos/categorias 304 - 3ms","timestamp":"2026-08-05 17:53:08"}
{"level":"info","message":"[SOCKET] Conexión establecida: superadmin (Superadmin Sistema IECM) [ID: 5nJ4hfeOjfbktd5FAAAB]","timestamp":"2026-08-05 17:53:34"}
{"level":"info","message":"[SOCKET] Conexión establecida: superadmin (Superadmin Sistema IECM) [ID: NvFOHr75y9-zf8RNAAAB]","timestamp":"2026-08-05 17:53:38"}
{"level":"info","message":"POST /api/superadmin/convocatorias 200 - 25ms","timestamp":"2026-08-05 17:54:16"}
{"level":"info","message":"GET /api/catalogos/convocatoria-activa 200 - 5ms","timestamp":"2026-08-05 17:54:16"}
{"level":"info","message":"GET /api/catalogos/categorias 304 - 9ms","timestamp":"2026-08-05 17:54:16"}
{"level":"info","message":"GET /api/superadmin/convocatorias 200 - 7ms","timestamp":"2026-08-05 17:54:16"}
{"level":"info","message":"GET /api/superadmin/categorias/1 304 - 7ms","timestamp":"2026-08-05 17:54:16"}
{"level":"info","message":"GET /api/superadmin/requisitos-archivos/1 304 - 8ms","timestamp":"2026-08-05 17:54:16"}
{"level":"info","message":"GET /api/catalogos/tema 304 - 7ms","timestamp":"2026-08-05 17:54:18"}
{"level":"info","message":"GET /api/catalogos/convocatoria-activa 200 - 9ms","timestamp":"2026-08-05 17:54:18"}
{"level":"info","message":"GET /api/catalogos/categorias 304 - 13ms","timestamp":"2026-08-05 17:54:18"}
{"level":"info","message":"GET /api/catalogos/categorias 304 - 4ms","timestamp":"2026-08-05 17:54:18"}
{"level":"info","message":"POST /api/superadmin/convocatorias 200 - 13ms","timestamp":"2026-08-05 17:54:28"}
{"level":"info","message":"GET /api/catalogos/convocatoria-activa 200 - 3ms","timestamp":"2026-08-05 17:54:28"}
{"level":"info","message":"GET /api/catalogos/categorias 304 - 5ms","timestamp":"2026-08-05 17:54:28"}
{"level":"info","message":"GET /api/superadmin/convocatorias 200 - 4ms","timestamp":"2026-08-05 17:54:28"}
{"level":"info","message":"GET /api/superadmin/categorias/1 304 - 4ms","timestamp":"2026-08-05 17:54:28"}
{"level":"info","message":"GET /api/superadmin/requisitos-archivos/1 304 - 7ms","timestamp":"2026-08-05 17:54:28"}
{"level":"info","message":"GET /api/catalogos/tema 304 - 4ms","timestamp":"2026-08-05 17:54:31"}
{"level":"info","message":"GET /api/catalogos/convocatoria-activa 200 - 5ms","timestamp":"2026-08-05 17:54:31"}
{"level":"info","message":"GET /api/catalogos/categorias 304 - 7ms","timestamp":"2026-08-05 17:54:31"}
{"level":"info","message":"GET /api/catalogos/categorias 304 - 4ms","timestamp":"2026-08-05 17:54:31"}
{"level":"info","message":"GET /api/superadmin/usuarios 304 - 12ms","timestamp":"2026-08-05 17:55:46"}
{"level":"info","message":"GET /api/superadmin/usuarios 304 - 11ms","timestamp":"2026-08-05 17:55:50"}
{"level":"info","message":"GET /api/superadmin/usuarios 304 - 7ms","timestamp":"2026-08-05 17:55:54"}
{"level":"info","message":"GET /api/superadmin/usuarios 304 - 10ms","timestamp":"2026-08-05 17:55:58"}
{"level":"info","message":"GET /api/superadmin/usuarios 304 - 11ms","timestamp":"2026-08-05 17:56:02"}
{"level":"info","message":"GET /api/superadmin/usuarios 304 - 10ms","timestamp":"2026-08-05 17:56:06"}
{"level":"info","message":"GET /api/superadmin/usuarios 304 - 7ms","timestamp":"2026-08-05 17:56:10"}
{"level":"info","message":"GET /api/superadmin/usuarios 304 - 11ms","timestamp":"2026-08-05 17:56:14"}
{"level":"info","message":"GET /api/superadmin/usuarios 304 - 7ms","timestamp":"2026-08-05 17:56:18"}
{"level":"info","message":"GET /api/superadmin/usuarios 304 - 9ms","timestamp":"2026-08-05 17:56:22"}
{"level":"info","message":"GET /api/superadmin/usuarios 304 - 7ms","timestamp":"2026-08-05 17:56:26"}
{"level":"info","message":"GET /api/superadmin/usuarios 304 - 10ms","timestamp":"2026-08-05 17:56:30"}
{"level":"info","message":"GET /api/superadmin/usuarios 304 - 9ms","timestamp":"2026-08-05 17:56:34"}
{"level":"info","message":"GET /api/superadmin/usuarios 304 - 6ms","timestamp":"2026-08-05 17:56:38"}
{"level":"info","message":"GET /api/superadmin/usuarios 304 - 9ms","timestamp":"2026-08-05 17:56:42"}
{"level":"info","message":"GET /api/superadmin/usuarios 304 - 11ms","timestamp":"2026-08-05 17:56:46"}
{"level":"info","message":"GET /api/superadmin/usuarios 304 - 8ms","timestamp":"2026-08-05 17:56:50"}
{"level":"info","message":"GET /api/superadmin/usuarios 304 - 8ms","timestamp":"2026-08-05 17:56:54"}
{"level":"info","message":"GET /api/superadmin/usuarios 304 - 8ms","timestamp":"2026-08-05 17:56:58"}
{"level":"info","message":"GET /api/superadmin/usuarios 304 - 9ms","timestamp":"2026-08-05 17:57:02"}
{"level":"info","message":"GET /api/superadmin/usuarios 304 - 11ms","timestamp":"2026-08-05 17:57:15"}
{"level":"info","message":"GET /api/superadmin/usuarios 304 - 8ms","timestamp":"2026-08-05 17:58:15"}
{"level":"info","message":"GET /api/superadmin/usuarios 304 - 9ms","timestamp":"2026-08-05 17:59:15"}
{"level":"info","message":"GET /api/superadmin/usuarios 304 - 9ms","timestamp":"2026-08-05 18:00:15"}
{"level":"info","message":"GET /api/superadmin/usuarios 304 - 8ms","timestamp":"2026-08-05 18:01:15"}
{"level":"info","message":"GET /api/catalogos/convocatoria-activa 304 - 2ms","timestamp":"2026-08-05 18:01:22"}
{"level":"info","message":"GET /api/catalogos/categorias 304 - 7ms","timestamp":"2026-08-05 18:01:22"}
{"level":"info","message":"GET /api/superadmin/usuarios 304 - 9ms","timestamp":"2026-08-05 18:02:15"}
{"level":"info","message":"GET /api/superadmin/usuarios 304 - 8ms","timestamp":"2026-08-05 18:03:15"}
{"level":"info","message":"GET /api/superadmin/usuarios 304 - 8ms","timestamp":"2026-08-05 18:04:15"}
{"level":"info","message":"GET /api/superadmin/usuarios 304 - 8ms","timestamp":"2026-08-05 18:05:15"}
{"level":"info","message":"GET /api/superadmin/usuarios 304 - 7ms","timestamp":"2026-08-05 18:06:15"}
{"level":"info","message":"GET /api/superadmin/usuarios 304 - 7ms","timestamp":"2026-08-05 18:07:15"}
{"level":"info","message":"GET /api/superadmin/usuarios 304 - 7ms","timestamp":"2026-08-05 18:08:15"}
{"level":"info","message":"GET /api/superadmin/usuarios 304 - 7ms","timestamp":"2026-08-05 18:09:15"}
{"level":"info","message":"GET /api/superadmin/usuarios 304 - 7ms","timestamp":"2026-08-05 18:10:15"}
{"level":"info","message":"GET /api/superadmin/usuarios 304 - 7ms","timestamp":"2026-08-05 18:11:15"}
{"level":"info","message":"GET /api/superadmin/usuarios 304 - 7ms","timestamp":"2026-08-05 18:12:15"}
{"level":"info","message":"GET /api/superadmin/usuarios 304 - 7ms","timestamp":"2026-08-05 18:13:15"}
{"level":"info","message":"GET /api/superadmin/usuarios 304 - 6ms","timestamp":"2026-08-05 18:14:15"}
{"level":"info","message":"GET /api/superadmin/usuarios 304 - 7ms","timestamp":"2026-08-05 18:15:15"}
{"level":"info","message":"GET /api/superadmin/usuarios 304 - 8ms","timestamp":"2026-08-05 18:16:15"}
{"level":"info","message":"GET /api/superadmin/usuarios 304 - 8ms","timestamp":"2026-08-05 18:17:15"}
{"level":"info","message":"GET /api/superadmin/usuarios 304 - 6ms","timestamp":"2026-08-05 18:18:15"}
{"level":"info","message":"GET /api/superadmin/usuarios 304 - 8ms","timestamp":"2026-08-05 18:19:15"}
{"level":"info","message":"GET /api/superadmin/usuarios 304 - 7ms","timestamp":"2026-08-05 18:20:15"}
{"level":"info","message":"GET /api/superadmin/usuarios 304 - 6ms","timestamp":"2026-08-05 18:21:15"}
{"level":"info","message":"GET /api/superadmin/usuarios 304 - 8ms","timestamp":"2026-08-05 18:22:15"}
{"level":"info","message":"GET /api/superadmin/usuarios 304 - 6ms","timestamp":"2026-08-05 18:23:15"}
{"level":"info","message":"GET /api/superadmin/usuarios 304 - 6ms","timestamp":"2026-08-05 18:24:15"}
{"level":"info","message":"GET /api/superadmin/usuarios 304 - 6ms","timestamp":"2026-08-05 18:25:15"}
{"level":"info","message":"GET /api/superadmin/usuarios 304 - 6ms","timestamp":"2026-08-05 18:26:15"}
{"level":"info","message":"GET /api/superadmin/usuarios 304 - 8ms","timestamp":"2026-08-05 18:27:15"}
{"level":"info","message":"GET /api/superadmin/usuarios 304 - 8ms","timestamp":"2026-08-05 18:28:15"}
{"level":"info","message":"GET /api/superadmin/usuarios 304 - 6ms","timestamp":"2026-08-05 18:29:15"}
{"level":"info","message":"GET /api/superadmin/usuarios 304 - 7ms","timestamp":"2026-08-05 18:30:15"}
{"level":"info","message":"GET /api/superadmin/usuarios 304 - 8ms","timestamp":"2026-08-05 18:31:15"}
{"level":"info","message":"GET /api/superadmin/usuarios 304 - 7ms","timestamp":"2026-08-05 18:32:15"}
{"level":"info","message":"GET /api/superadmin/usuarios 304 - 8ms","timestamp":"2026-08-05 18:33:15"}
{"level":"info","message":"GET /api/superadmin/usuarios 304 - 8ms","timestamp":"2026-08-05 18:34:15"}
{"level":"info","message":"GET /api/superadmin/usuarios 304 - 8ms","timestamp":"2026-08-05 18:35:15"}
{"level":"info","message":"GET /api/superadmin/usuarios 304 - 6ms","timestamp":"2026-08-05 18:36:15"}
{"level":"info","message":"GET /api/superadmin/usuarios 304 - 7ms","timestamp":"2026-08-05 18:37:15"}
{"level":"info","message":"GET /api/superadmin/usuarios 304 - 7ms","timestamp":"2026-08-05 18:38:15"}
{"level":"info","message":"GET /api/superadmin/usuarios 304 - 7ms","timestamp":"2026-08-05 18:39:15"}
{"level":"info","message":"GET /api/superadmin/usuarios 304 - 8ms","timestamp":"2026-08-05 18:40:15"}
{"level":"info","message":"GET /api/superadmin/usuarios 304 - 7ms","timestamp":"2026-08-05 18:41:15"}
{"level":"info","message":"GET /api/superadmin/usuarios 304 - 8ms","timestamp":"2026-08-05 18:42:15"}
{"level":"info","message":"GET /api/superadmin/usuarios 304 - 7ms","timestamp":"2026-08-05 18:43:15"}
{"level":"info","message":"GET /api/superadmin/usuarios 304 - 7ms","timestamp":"2026-08-05 18:44:15"}
{"level":"info","message":"GET /api/superadmin/usuarios 304 - 6ms","timestamp":"2026-08-05 18:45:15"}
{"level":"info","message":"GET /api/superadmin/usuarios 304 - 7ms","timestamp":"2026-08-05 18:46:15"}
{"level":"info","message":"GET /api/superadmin/usuarios 304 - 7ms","timestamp":"2026-08-05 18:47:15"}
{"level":"info","message":"GET /api/superadmin/usuarios 304 - 6ms","timestamp":"2026-08-05 18:48:15"}
{"level":"info","message":"GET /api/superadmin/usuarios 304 - 6ms","timestamp":"2026-08-05 18:49:15"}
{"level":"info","message":"GET /api/superadmin/usuarios 304 - 9ms","timestamp":"2026-08-05 18:50:15"}
{"level":"info","message":"GET /api/superadmin/usuarios 304 - 7ms","timestamp":"2026-08-05 18:51:15"}
{"level":"info","message":"GET /api/superadmin/usuarios 304 - 8ms","timestamp":"2026-08-05 18:52:15"}
{"level":"info","message":"GET /api/superadmin/usuarios 304 - 7ms","timestamp":"2026-08-05 18:53:15"}
{"level":"info","message":"GET /api/superadmin/usuarios 304 - 6ms","timestamp":"2026-08-05 18:54:15"}
{"level":"info","message":"GET /api/superadmin/usuarios 304 - 6ms","timestamp":"2026-08-05 18:55:15"}
{"level":"info","message":"GET /api/superadmin/usuarios 304 - 7ms","timestamp":"2026-08-05 18:56:15"}
{"level":"info","message":"GET /api/superadmin/usuarios 304 - 8ms","timestamp":"2026-08-05 18:57:15"}
{"level":"info","message":"GET /api/superadmin/usuarios 304 - 7ms","timestamp":"2026-08-05 18:58:15"}
{"level":"info","message":"GET /api/superadmin/usuarios 304 - 8ms","timestamp":"2026-08-05 18:59:15"}
{"level":"info","message":"GET /api/superadmin/usuarios 304 - 13ms","timestamp":"2026-08-05 19:00:15"}
{"level":"info","message":"GET /api/superadmin/usuarios 304 - 7ms","timestamp":"2026-08-05 19:01:15"}
{"level":"info","message":"GET /api/superadmin/usuarios 304 - 7ms","timestamp":"2026-08-05 19:02:15"}
{"level":"info","message":"GET /api/superadmin/usuarios 304 - 8ms","timestamp":"2026-08-05 19:03:15"}
{"level":"info","message":"GET /api/superadmin/usuarios 304 - 8ms","timestamp":"2026-08-05 19:04:15"}
{"level":"info","message":"GET /api/superadmin/usuarios 304 - 7ms","timestamp":"2026-08-05 19:05:15"}
{"level":"info","message":"GET /api/superadmin/usuarios 304 - 7ms","timestamp":"2026-08-05 19:06:15"}
{"level":"info","message":"GET /api/superadmin/usuarios 304 - 8ms","timestamp":"2026-08-05 19:07:15"}
{"level":"info","message":"GET /api/superadmin/usuarios 304 - 7ms","timestamp":"2026-08-05 19:08:15"}
{"level":"info","message":"GET /api/superadmin/usuarios 304 - 7ms","timestamp":"2026-08-05 19:09:15"}
{"level":"info","message":"GET /api/superadmin/usuarios 304 - 8ms","timestamp":"2026-08-05 19:10:15"}
{"level":"info","message":"GET /api/superadmin/usuarios 304 - 6ms","timestamp":"2026-08-05 19:11:15"}
{"level":"info","message":"GET /api/superadmin/usuarios 304 - 7ms","timestamp":"2026-08-05 19:12:15"}
{"level":"info","message":"GET /api/superadmin/usuarios 304 - 6ms","timestamp":"2026-08-05 19:13:15"}
{"level":"info","message":"GET /api/superadmin/usuarios 304 - 7ms","timestamp":"2026-08-05 19:14:15"}
{"level":"info","message":"GET /api/superadmin/usuarios 304 - 7ms","timestamp":"2026-08-05 19:15:15"}
{"level":"info","message":"GET /api/superadmin/usuarios 304 - 7ms","timestamp":"2026-08-05 19:16:15"}
{"level":"info","message":"GET /api/superadmin/usuarios 304 - 6ms","timestamp":"2026-08-05 19:17:15"}
{"level":"info","message":"GET /api/superadmin/usuarios 304 - 6ms","timestamp":"2026-08-05 19:18:15"}
{"level":"info","message":"GET /api/superadmin/usuarios 304 - 7ms","timestamp":"2026-08-05 19:19:15"}
{"level":"info","message":"GET /api/superadmin/usuarios 304 - 8ms","timestamp":"2026-08-05 19:20:15"}
{"level":"info","message":"GET /api/superadmin/usuarios 304 - 4ms","timestamp":"2026-08-05 19:21:15"}
{"level":"info","message":"GET /api/superadmin/usuarios 304 - 7ms","timestamp":"2026-08-05 19:22:15"}
{"level":"info","message":"GET /api/superadmin/usuarios 304 - 8ms","timestamp":"2026-08-05 19:23:15"}
{"level":"info","message":"GET /api/superadmin/usuarios 304 - 7ms","timestamp":"2026-08-05 19:24:15"}
{"level":"info","message":"GET /api/superadmin/usuarios 304 - 6ms","timestamp":"2026-08-05 19:25:15"}
{"level":"info","message":"GET /api/superadmin/usuarios 304 - 7ms","timestamp":"2026-08-05 19:26:15"}
{"level":"info","message":"GET /api/superadmin/usuarios 304 - 6ms","timestamp":"2026-08-05 19:27:15"}
{"level":"info","message":"GET /api/superadmin/usuarios 304 - 7ms","timestamp":"2026-08-05 19:28:15"}
{"level":"info","message":"GET /api/superadmin/usuarios 304 - 7ms","timestamp":"2026-08-05 19:29:15"}
{"level":"info","message":"GET /api/superadmin/usuarios 304 - 9ms","timestamp":"2026-08-05 19:30:15"}
{"level":"info","message":"GET /api/superadmin/usuarios 304 - 8ms","timestamp":"2026-08-05 19:31:15"}
{"level":"info","message":"GET /api/superadmin/usuarios 304 - 7ms","timestamp":"2026-08-05 19:32:15"}
{"level":"info","message":"GET /api/superadmin/usuarios 304 - 8ms","timestamp":"2026-08-05 19:33:15"}
{"level":"info","message":"GET /api/superadmin/usuarios 304 - 7ms","timestamp":"2026-08-05 19:34:15"}
{"level":"info","message":"GET /api/superadmin/usuarios 304 - 7ms","timestamp":"2026-08-05 19:35:15"}
{"level":"info","message":"GET /api/superadmin/usuarios 304 - 8ms","timestamp":"2026-08-05 19:36:15"}
{"level":"info","message":"GET /api/superadmin/usuarios 304 - 7ms","timestamp":"2026-08-05 19:37:15"}
{"level":"info","message":"GET /api/superadmin/usuarios 304 - 6ms","timestamp":"2026-08-05 19:38:15"}
{"level":"info","message":"GET /api/superadmin/usuarios 304 - 7ms","timestamp":"2026-08-05 19:39:15"}
{"level":"info","message":"GET /api/superadmin/usuarios 304 - 6ms","timestamp":"2026-08-05 19:40:15"}
{"level":"info","message":"GET /api/superadmin/usuarios 304 - 8ms","timestamp":"2026-08-05 19:41:15"}
{"level":"info","message":"GET /api/superadmin/usuarios 304 - 7ms","timestamp":"2026-08-05 19:42:15"}
{"level":"info","message":"GET /api/superadmin/usuarios 304 - 6ms","timestamp":"2026-08-05 19:43:15"}
{"level":"info","message":"GET /api/superadmin/usuarios 304 - 7ms","timestamp":"2026-08-05 19:44:15"}
{"level":"info","message":"GET /api/superadmin/usuarios 304 - 6ms","timestamp":"2026-08-05 19:45:15"}
{"level":"info","message":"GET /api/superadmin/usuarios 304 - 7ms","timestamp":"2026-08-05 19:46:15"}
{"level":"info","message":"GET /api/superadmin/usuarios 304 - 7ms","timestamp":"2026-08-05 19:47:15"}
{"level":"info","message":"GET /api/superadmin/usuarios 304 - 7ms","timestamp":"2026-08-05 19:48:15"}
{"level":"info","message":"GET /api/superadmin/usuarios 304 - 6ms","timestamp":"2026-08-05 19:49:15"}
{"level":"info","message":"GET /api/superadmin/usuarios 304 - 9ms","timestamp":"2026-08-05 19:50:15"}
{"level":"info","message":"GET /api/superadmin/usuarios 304 - 6ms","timestamp":"2026-08-05 19:51:15"}
{"level":"info","message":"GET /api/superadmin/usuarios 304 - 6ms","timestamp":"2026-08-05 19:52:15"}
{"level":"info","message":"GET /api/superadmin/usuarios 304 - 7ms","timestamp":"2026-08-05 19:53:15"}
{"level":"info","message":"GET /api/superadmin/usuarios 304 - 6ms","timestamp":"2026-08-05 19:54:15"}
{"level":"info","message":"GET /api/superadmin/usuarios 304 - 7ms","timestamp":"2026-08-05 19:55:15"}
{"level":"info","message":"GET /api/superadmin/usuarios 304 - 7ms","timestamp":"2026-08-05 19:56:15"}
{"level":"info","message":"GET /api/superadmin/usuarios 304 - 7ms","timestamp":"2026-08-05 19:57:15"}
{"level":"info","message":"GET /api/superadmin/usuarios 304 - 6ms","timestamp":"2026-08-05 19:58:15"}
{"level":"info","message":"GET /api/superadmin/usuarios 304 - 7ms","timestamp":"2026-08-05 19:59:15"}
{"level":"info","message":"GET /api/superadmin/usuarios 304 - 11ms","timestamp":"2026-08-05 20:00:15"}
{"level":"info","message":"GET /api/superadmin/usuarios 304 - 6ms","timestamp":"2026-08-05 20:01:15"}
{"level":"info","message":"GET /api/superadmin/usuarios 304 - 7ms","timestamp":"2026-08-05 20:02:15"}
{"level":"info","message":"GET /api/superadmin/usuarios 304 - 10ms","timestamp":"2026-08-05 20:03:15"}
{"level":"info","message":"GET /api/superadmin/usuarios 304 - 6ms","timestamp":"2026-08-05 20:04:15"}
{"level":"info","message":"GET /api/superadmin/usuarios 304 - 6ms","timestamp":"2026-08-05 20:05:15"}
{"level":"info","message":"GET /api/superadmin/usuarios 304 - 9ms","timestamp":"2026-08-05 20:06:15"}
{"level":"info","message":"GET /api/superadmin/usuarios 304 - 6ms","timestamp":"2026-08-05 20:07:15"}
{"level":"info","message":"GET /api/superadmin/usuarios 304 - 7ms","timestamp":"2026-08-05 20:08:15"}
{"level":"info","message":"GET /api/superadmin/usuarios 304 - 7ms","timestamp":"2026-08-05 20:09:15"}
{"level":"info","message":"GET /api/superadmin/usuarios 304 - 6ms","timestamp":"2026-08-05 20:10:15"}
{"level":"info","message":"GET /api/superadmin/usuarios 304 - 6ms","timestamp":"2026-08-05 20:11:15"}
{"level":"info","message":"GET /api/superadmin/usuarios 304 - 6ms","timestamp":"2026-08-05 20:12:15"}
{"level":"info","message":"GET /api/superadmin/usuarios 304 - 6ms","timestamp":"2026-08-05 20:13:15"}
{"level":"info","message":"GET /api/superadmin/usuarios 304 - 7ms","timestamp":"2026-08-05 20:14:15"}
{"level":"info","message":"GET /api/superadmin/usuarios 304 - 7ms","timestamp":"2026-08-05 20:15:15"}
{"level":"info","message":"GET /api/superadmin/usuarios 304 - 8ms","timestamp":"2026-08-05 20:16:15"}
{"level":"info","message":"GET /api/superadmin/usuarios 304 - 8ms","timestamp":"2026-08-05 20:17:15"}
{"level":"info","message":"GET /api/superadmin/usuarios 304 - 6ms","timestamp":"2026-08-05 20:18:15"}
{"level":"info","message":"GET /api/superadmin/usuarios 304 - 6ms","timestamp":"2026-08-05 20:19:15"}
{"level":"info","message":"GET /api/superadmin/usuarios 304 - 6ms","timestamp":"2026-08-05 20:20:15"}
{"level":"info","message":"GET /api/superadmin/usuarios 304 - 7ms","timestamp":"2026-08-05 20:21:15"}
{"level":"info","message":"GET /api/superadmin/usuarios 304 - 7ms","timestamp":"2026-08-05 20:22:15"}
{"level":"info","message":"GET /api/superadmin/usuarios 304 - 6ms","timestamp":"2026-08-05 20:23:15"}
{"level":"info","message":"GET /api/superadmin/usuarios 304 - 6ms","timestamp":"2026-08-05 20:24:15"}
{"level":"info","message":"GET /api/superadmin/usuarios 304 - 7ms","timestamp":"2026-08-05 20:25:15"}
{"level":"info","message":"GET /api/superadmin/usuarios 304 - 8ms","timestamp":"2026-08-05 20:26:15"}
{"level":"info","message":"GET /api/superadmin/usuarios 304 - 7ms","timestamp":"2026-08-05 20:27:15"}
{"level":"info","message":"GET /api/superadmin/usuarios 304 - 7ms","timestamp":"2026-08-05 20:28:15"}
{"level":"info","message":"GET /api/superadmin/usuarios 304 - 6ms","timestamp":"2026-08-05 20:29:15"}
{"level":"info","message":"GET /api/superadmin/usuarios 304 - 7ms","timestamp":"2026-08-05 20:30:15"}
{"level":"info","message":"GET /api/superadmin/usuarios 304 - 6ms","timestamp":"2026-08-05 20:31:15"}
{"level":"info","message":"GET /api/superadmin/usuarios 304 - 6ms","timestamp":"2026-08-05 20:32:15"}
{"level":"info","message":"GET /api/superadmin/usuarios 304 - 6ms","timestamp":"2026-08-05 20:33:15"}
{"level":"info","message":"GET /api/superadmin/usuarios 304 - 6ms","timestamp":"2026-08-05 20:34:15"}
{"level":"info","message":"GET /api/superadmin/usuarios 304 - 7ms","timestamp":"2026-08-05 20:35:15"}
{"level":"info","message":"GET /api/superadmin/usuarios 304 - 7ms","timestamp":"2026-08-05 20:36:15"}
{"level":"info","message":"GET /api/superadmin/usuarios 304 - 7ms","timestamp":"2026-08-05 20:37:15"}
{"level":"info","message":"GET /api/superadmin/usuarios 304 - 7ms","timestamp":"2026-08-05 20:38:15"}
{"level":"info","message":"GET /api/superadmin/usuarios 304 - 7ms","timestamp":"2026-08-05 20:39:15"}
{"level":"info","message":"GET /api/superadmin/usuarios 304 - 7ms","timestamp":"2026-08-05 20:40:15"}
{"level":"info","message":"GET /api/superadmin/usuarios 304 - 7ms","timestamp":"2026-08-05 20:41:15"}
{"level":"info","message":"GET /api/superadmin/usuarios 304 - 6ms","timestamp":"2026-08-05 20:42:15"}
{"level":"info","message":"GET /api/superadmin/usuarios 304 - 7ms","timestamp":"2026-08-05 20:43:15"}
{"level":"info","message":"GET /api/superadmin/usuarios 304 - 6ms","timestamp":"2026-08-05 20:44:15"}
{"level":"info","message":"GET /api/superadmin/usuarios 304 - 8ms","timestamp":"2026-08-05 20:45:15"}
{"level":"info","message":"GET /api/superadmin/usuarios 304 - 7ms","timestamp":"2026-08-05 20:46:15"}
{"level":"info","message":"GET /api/superadmin/usuarios 304 - 7ms","timestamp":"2026-08-05 20:47:15"}
{"level":"info","message":"GET /api/superadmin/usuarios 304 - 6ms","timestamp":"2026-08-05 20:48:15"}
{"level":"info","message":"GET /api/superadmin/usuarios 304 - 6ms","timestamp":"2026-08-05 20:49:15"}
{"level":"info","message":"GET /api/superadmin/usuarios 304 - 7ms","timestamp":"2026-08-05 20:50:15"}
{"level":"info","message":"GET /api/superadmin/usuarios 304 - 7ms","timestamp":"2026-08-05 20:51:15"}
{"level":"info","message":"GET /api/superadmin/usuarios 304 - 7ms","timestamp":"2026-08-05 20:52:15"}
{"level":"info","message":"GET /api/superadmin/usuarios 304 - 7ms","timestamp":"2026-08-05 20:53:15"}
{"level":"info","message":"GET /api/superadmin/usuarios 304 - 6ms","timestamp":"2026-08-05 20:54:15"}
{"level":"info","message":"GET /api/superadmin/usuarios 304 - 6ms","timestamp":"2026-08-05 20:55:15"}
{"level":"info","message":"GET /api/superadmin/usuarios 304 - 7ms","timestamp":"2026-08-05 20:56:15"}
{"level":"info","message":"GET /api/superadmin/usuarios 304 - 6ms","timestamp":"2026-08-05 20:57:15"}
{"level":"info","message":"GET /api/superadmin/usuarios 304 - 7ms","timestamp":"2026-08-05 20:58:15"}
{"level":"info","message":"GET /api/superadmin/usuarios 304 - 6ms","timestamp":"2026-08-05 20:59:15"}
{"level":"info","message":"GET /api/superadmin/usuarios 304 - 6ms","timestamp":"2026-08-05 21:00:15"}
{"level":"info","message":"GET /api/superadmin/usuarios 304 - 6ms","timestamp":"2026-08-05 21:01:15"}
{"level":"info","message":"GET /api/superadmin/usuarios 304 - 7ms","timestamp":"2026-08-05 21:02:15"}
{"level":"info","message":"GET /api/superadmin/usuarios 304 - 7ms","timestamp":"2026-08-05 21:03:15"}
{"level":"info","message":"GET /api/superadmin/usuarios 304 - 6ms","timestamp":"2026-08-05 21:04:15"}
{"level":"info","message":"GET /api/superadmin/usuarios 304 - 7ms","timestamp":"2026-08-05 21:05:15"}
{"level":"info","message":"GET /api/superadmin/usuarios 304 - 7ms","timestamp":"2026-08-05 21:06:15"}
{"level":"info","message":"GET /api/superadmin/usuarios 304 - 6ms","timestamp":"2026-08-05 21:07:15"}
{"level":"info","message":"GET /api/superadmin/usuarios 304 - 7ms","timestamp":"2026-08-05 21:08:15"}
{"level":"info","message":"GET /api/superadmin/usuarios 304 - 6ms","timestamp":"2026-08-05 21:09:15"}
{"level":"info","message":"GET /api/superadmin/usuarios 304 - 7ms","timestamp":"2026-08-05 21:10:15"}
{"level":"info","message":"GET /api/superadmin/usuarios 304 - 7ms","timestamp":"2026-08-05 21:11:15"}
{"level":"info","message":"GET /api/superadmin/usuarios 304 - 7ms","timestamp":"2026-08-05 21:12:15"}
{"level":"info","message":"GET /api/superadmin/usuarios 304 - 6ms","timestamp":"2026-08-05 21:13:15"}
{"level":"info","message":"GET /api/superadmin/usuarios 304 - 7ms","timestamp":"2026-08-05 21:14:15"}
{"level":"info","message":"GET /api/superadmin/usuarios 304 - 6ms","timestamp":"2026-08-05 21:15:15"}
{"level":"info","message":"GET /api/superadmin/usuarios 304 - 7ms","timestamp":"2026-08-05 21:16:15"}
{"level":"info","message":"GET /api/superadmin/usuarios 304 - 16ms","timestamp":"2026-08-05 21:17:15"}
{"level":"info","message":"GET /api/superadmin/usuarios 304 - 7ms","timestamp":"2026-08-05 21:18:15"}
{"level":"info","message":"GET /api/superadmin/usuarios 304 - 6ms","timestamp":"2026-08-05 21:19:15"}
{"level":"info","message":"GET /api/superadmin/usuarios 304 - 7ms","timestamp":"2026-08-05 21:20:15"}
{"level":"info","message":"GET /api/superadmin/usuarios 304 - 6ms","timestamp":"2026-08-05 21:21:15"}
{"level":"info","message":"GET /api/superadmin/usuarios 304 - 7ms","timestamp":"2026-08-05 21:22:15"}
{"level":"info","message":"GET /api/superadmin/usuarios 304 - 7ms","timestamp":"2026-08-05 21:23:15"}
{"level":"info","message":"GET /api/superadmin/usuarios 304 - 7ms","timestamp":"2026-08-05 21:24:15"}
{"level":"info","message":"GET /api/superadmin/usuarios 304 - 6ms","timestamp":"2026-08-05 21:25:15"}
{"level":"info","message":"GET /api/superadmin/usuarios 304 - 3ms","timestamp":"2026-08-05 21:26:15"}
{"level":"info","message":"GET /api/superadmin/usuarios 304 - 7ms","timestamp":"2026-08-05 21:27:15"}
{"level":"info","message":"GET /api/superadmin/usuarios 304 - 14ms","timestamp":"2026-08-05 21:28:15"}
{"level":"info","message":"GET /api/superadmin/usuarios 304 - 8ms","timestamp":"2026-08-05 21:29:15"}
{"level":"info","message":"GET /api/superadmin/usuarios 304 - 7ms","timestamp":"2026-08-05 21:30:15"}
{"level":"info","message":"GET /api/superadmin/usuarios 304 - 5ms","timestamp":"2026-08-05 21:31:15"}
{"level":"info","message":"GET /api/superadmin/usuarios 304 - 7ms","timestamp":"2026-08-05 21:32:15"}
{"level":"info","message":"GET /api/superadmin/usuarios 304 - 6ms","timestamp":"2026-08-05 21:33:15"}
{"level":"info","message":"GET /api/superadmin/usuarios 304 - 6ms","timestamp":"2026-08-05 21:34:15"}
{"level":"info","message":"GET /api/superadmin/usuarios 304 - 7ms","timestamp":"2026-08-05 21:35:15"}
{"level":"info","message":"GET /api/superadmin/usuarios 304 - 7ms","timestamp":"2026-08-05 21:36:15"}
{"level":"info","message":"GET /api/superadmin/usuarios 304 - 6ms","timestamp":"2026-08-05 21:37:15"}
{"level":"info","message":"GET /api/superadmin/usuarios 304 - 8ms","timestamp":"2026-08-05 21:38:15"}
{"level":"info","message":"GET /api/superadmin/usuarios 304 - 7ms","timestamp":"2026-08-05 21:39:15"}
{"level":"info","message":"GET /api/superadmin/usuarios 304 - 5ms","timestamp":"2026-08-05 21:40:15"}
{"level":"info","message":"GET /api/superadmin/usuarios 304 - 8ms","timestamp":"2026-08-05 21:41:15"}
{"level":"info","message":"GET /api/superadmin/usuarios 304 - 6ms","timestamp":"2026-08-05 21:42:15"}
{"level":"info","message":"GET /api/superadmin/usuarios 304 - 8ms","timestamp":"2026-08-05 21:43:15"}
{"level":"info","message":"GET /api/superadmin/usuarios 304 - 6ms","timestamp":"2026-08-05 21:44:15"}
{"level":"info","message":"GET /api/superadmin/usuarios 304 - 6ms","timestamp":"2026-08-05 21:45:15"}
{"level":"info","message":"GET /api/superadmin/usuarios 304 - 6ms","timestamp":"2026-08-05 21:46:15"}
{"level":"info","message":"GET /api/superadmin/usuarios 304 - 7ms","timestamp":"2026-08-05 21:47:15"}
{"level":"info","message":"GET /api/superadmin/usuarios 304 - 5ms","timestamp":"2026-08-05 21:48:15"}
{"level":"info","message":"GET /api/superadmin/usuarios 304 - 6ms","timestamp":"2026-08-05 21:49:15"}
{"level":"info","message":"GET /api/superadmin/usuarios 304 - 7ms","timestamp":"2026-08-05 21:50:15"}
{"level":"info","message":"GET /api/superadmin/usuarios 304 - 6ms","timestamp":"2026-08-05 21:51:15"}
{"level":"info","message":"GET /api/superadmin/usuarios 304 - 7ms","timestamp":"2026-08-05 21:52:15"}
{"level":"info","message":"GET /api/superadmin/usuarios 304 - 6ms","timestamp":"2026-08-05 21:53:15"}
{"level":"info","message":"GET /api/superadmin/usuarios 304 - 6ms","timestamp":"2026-08-05 21:54:15"}
{"level":"info","message":"GET /api/superadmin/usuarios 304 - 8ms","timestamp":"2026-08-05 21:55:15"}
{"level":"info","message":"GET /api/superadmin/usuarios 304 - 7ms","timestamp":"2026-08-05 21:56:15"}
{"level":"info","message":"GET /api/superadmin/usuarios 304 - 9ms","timestamp":"2026-08-05 21:57:15"}
{"level":"info","message":"GET /api/superadmin/usuarios 304 - 6ms","timestamp":"2026-08-05 21:58:15"}
{"level":"info","message":"GET /api/superadmin/usuarios 304 - 7ms","timestamp":"2026-08-05 21:59:15"}
{"level":"info","message":"GET /api/superadmin/usuarios 304 - 6ms","timestamp":"2026-08-05 22:00:15"}
{"level":"info","message":"GET /api/superadmin/usuarios 304 - 8ms","timestamp":"2026-08-05 22:01:15"}
{"level":"info","message":"GET /api/superadmin/usuarios 304 - 8ms","timestamp":"2026-08-05 22:02:15"}
{"level":"info","message":"GET /api/superadmin/usuarios 304 - 6ms","timestamp":"2026-08-05 22:03:15"}
{"level":"info","message":"GET /api/superadmin/usuarios 304 - 7ms","timestamp":"2026-08-05 22:04:15"}
{"level":"info","message":"GET /api/superadmin/usuarios 304 - 6ms","timestamp":"2026-08-05 22:05:15"}
{"level":"info","message":"GET /api/superadmin/usuarios 304 - 7ms","timestamp":"2026-08-05 22:06:15"}
{"level":"info","message":"GET /api/superadmin/usuarios 304 - 7ms","timestamp":"2026-08-05 22:07:15"}
{"level":"info","message":"GET /api/superadmin/usuarios 304 - 7ms","timestamp":"2026-08-05 22:08:15"}
{"level":"info","message":"GET /api/superadmin/usuarios 304 - 7ms","timestamp":"2026-08-05 22:09:15"}
{"level":"info","message":"GET /api/superadmin/usuarios 304 - 7ms","timestamp":"2026-08-05 22:10:15"}
{"level":"info","message":"GET /api/superadmin/usuarios 304 - 6ms","timestamp":"2026-08-05 22:11:15"}
{"level":"info","message":"GET /api/superadmin/usuarios 304 - 7ms","timestamp":"2026-08-05 22:12:15"}
{"level":"info","message":"GET /api/superadmin/usuarios 304 - 6ms","timestamp":"2026-08-05 22:13:15"}
{"level":"info","message":"GET /api/superadmin/usuarios 304 - 7ms","timestamp":"2026-08-05 22:14:15"}
{"level":"info","message":"GET /api/superadmin/usuarios 304 - 7ms","timestamp":"2026-08-05 22:15:15"}
{"level":"info","message":"GET /api/superadmin/usuarios 304 - 6ms","timestamp":"2026-08-05 22:16:15"}
{"level":"info","message":"GET /api/superadmin/usuarios 304 - 6ms","timestamp":"2026-08-05 22:17:15"}
{"level":"info","message":"GET /api/superadmin/usuarios 304 - 7ms","timestamp":"2026-08-05 22:18:15"}
{"level":"info","message":"GET /api/superadmin/usuarios 304 - 6ms","timestamp":"2026-08-05 22:19:15"}
{"level":"info","message":"GET /api/superadmin/usuarios 304 - 6ms","timestamp":"2026-08-05 22:20:15"}
{"level":"info","message":"GET /api/superadmin/usuarios 304 - 7ms","timestamp":"2026-08-05 22:21:15"}
{"level":"info","message":"GET /api/superadmin/usuarios 304 - 7ms","timestamp":"2026-08-05 22:22:15"}
{"level":"info","message":"GET /api/superadmin/usuarios 304 - 8ms","timestamp":"2026-08-05 22:23:15"}
{"level":"info","message":"GET /api/superadmin/usuarios 304 - 7ms","timestamp":"2026-08-05 22:24:15"}
{"level":"info","message":"GET /api/superadmin/usuarios 304 - 7ms","timestamp":"2026-08-05 22:25:15"}
{"level":"info","message":"GET /api/superadmin/usuarios 304 - 7ms","timestamp":"2026-08-05 22:26:15"}
{"level":"info","message":"GET /api/superadmin/usuarios 304 - 7ms","timestamp":"2026-08-05 22:27:15"}
{"level":"info","message":"GET /api/superadmin/usuarios 304 - 6ms","timestamp":"2026-08-05 22:28:15"}
{"level":"info","message":"GET /api/superadmin/usuarios 304 - 8ms","timestamp":"2026-08-05 22:29:15"}
{"level":"info","message":"GET /api/superadmin/usuarios 304 - 6ms","timestamp":"2026-08-05 22:30:15"}
{"level":"info","message":"GET /api/superadmin/usuarios 304 - 8ms","timestamp":"2026-08-05 22:31:15"}
{"level":"info","message":"GET /api/superadmin/usuarios 304 - 7ms","timestamp":"2026-08-05 22:32:15"}
{"level":"info","message":"GET /api/superadmin/usuarios 304 - 7ms","timestamp":"2026-08-05 22:33:15"}
{"level":"info","message":"GET /api/superadmin/usuarios 304 - 6ms","timestamp":"2026-08-05 22:34:15"}
{"level":"info","message":"GET /api/superadmin/usuarios 304 - 7ms","timestamp":"2026-08-05 22:35:15"}
{"level":"info","message":"GET /api/superadmin/usuarios 304 - 6ms","timestamp":"2026-08-05 22:36:15"}
{"level":"info","message":"GET /api/superadmin/usuarios 304 - 7ms","timestamp":"2026-08-05 22:37:15"}
{"level":"info","message":"GET /api/superadmin/usuarios 304 - 6ms","timestamp":"2026-08-05 22:38:15"}
{"level":"info","message":"GET /api/superadmin/usuarios 304 - 6ms","timestamp":"2026-08-05 22:39:15"}
{"level":"info","message":"GET /api/superadmin/usuarios 304 - 6ms","timestamp":"2026-08-05 22:40:15"}
{"level":"info","message":"GET /api/superadmin/usuarios 304 - 7ms","timestamp":"2026-08-05 22:41:15"}
{"level":"info","message":"GET /api/superadmin/usuarios 304 - 6ms","timestamp":"2026-08-05 22:42:15"}
{"level":"info","message":"GET /api/superadmin/usuarios 304 - 6ms","timestamp":"2026-08-05 22:43:15"}
{"level":"info","message":"GET /api/superadmin/usuarios 304 - 6ms","timestamp":"2026-08-05 22:44:15"}
{"level":"info","message":"GET /api/superadmin/usuarios 304 - 8ms","timestamp":"2026-08-05 22:45:15"}
{"level":"info","message":"GET /api/superadmin/usuarios 304 - 7ms","timestamp":"2026-08-05 22:46:15"}
{"level":"info","message":"GET /api/superadmin/usuarios 304 - 6ms","timestamp":"2026-08-05 22:47:15"}
{"level":"info","message":"GET /api/superadmin/usuarios 304 - 5ms","timestamp":"2026-08-05 22:48:15"}
{"level":"info","message":"GET /api/superadmin/usuarios 304 - 6ms","timestamp":"2026-08-05 22:49:15"}
{"level":"info","message":"GET /api/superadmin/usuarios 304 - 6ms","timestamp":"2026-08-05 22:50:15"}
{"level":"info","message":"GET /api/superadmin/usuarios 304 - 8ms","timestamp":"2026-08-05 22:51:15"}
{"level":"info","message":"GET /api/superadmin/usuarios 304 - 7ms","timestamp":"2026-08-05 22:52:15"}
{"level":"info","message":"GET /api/superadmin/usuarios 304 - 6ms","timestamp":"2026-08-05 22:53:15"}
{"level":"info","message":"GET /api/superadmin/usuarios 304 - 6ms","timestamp":"2026-08-05 22:54:15"}
{"level":"info","message":"GET /api/superadmin/usuarios 304 - 6ms","timestamp":"2026-08-05 22:55:15"}
{"level":"info","message":"GET /api/superadmin/usuarios 304 - 7ms","timestamp":"2026-08-05 22:56:15"}
{"level":"info","message":"GET /api/superadmin/usuarios 304 - 7ms","timestamp":"2026-08-05 22:57:15"}
{"level":"info","message":"GET /api/superadmin/usuarios 304 - 6ms","timestamp":"2026-08-05 22:58:15"}
{"level":"info","message":"GET /api/superadmin/usuarios 304 - 7ms","timestamp":"2026-08-05 22:59:15"}
{"level":"info","message":"GET /api/superadmin/usuarios 304 - 6ms","timestamp":"2026-08-05 23:00:15"}
{"level":"info","message":"GET /api/superadmin/usuarios 304 - 9ms","timestamp":"2026-08-05 23:01:15"}
{"level":"info","message":"GET /api/superadmin/usuarios 304 - 6ms","timestamp":"2026-08-05 23:02:15"}
{"level":"info","message":"GET /api/superadmin/usuarios 304 - 7ms","timestamp":"2026-08-05 23:03:15"}
{"level":"info","message":"GET /api/superadmin/usuarios 304 - 5ms","timestamp":"2026-08-05 23:04:15"}
{"level":"info","message":"GET /api/superadmin/usuarios 304 - 7ms","timestamp":"2026-08-05 23:05:15"}
{"level":"info","message":"GET /api/superadmin/usuarios 304 - 6ms","timestamp":"2026-08-05 23:06:15"}
{"level":"info","message":"GET /api/superadmin/usuarios 304 - 6ms","timestamp":"2026-08-05 23:07:15"}
{"level":"info","message":"GET /api/superadmin/usuarios 304 - 7ms","timestamp":"2026-08-05 23:08:15"}
{"level":"info","message":"GET /api/superadmin/usuarios 304 - 6ms","timestamp":"2026-08-05 23:09:15"}
{"level":"info","message":"GET /api/superadmin/usuarios 304 - 7ms","timestamp":"2026-08-05 23:10:15"}
{"level":"info","message":"GET /api/superadmin/usuarios 304 - 6ms","timestamp":"2026-08-05 23:11:15"}
{"level":"info","message":"GET /api/superadmin/usuarios 304 - 8ms","timestamp":"2026-08-05 23:12:15"}
{"level":"info","message":"GET /api/superadmin/usuarios 304 - 7ms","timestamp":"2026-08-05 23:13:15"}
{"level":"info","message":"GET /api/superadmin/usuarios 304 - 8ms","timestamp":"2026-08-05 23:14:15"}
{"level":"info","message":"GET /api/superadmin/usuarios 304 - 6ms","timestamp":"2026-08-05 23:15:15"}
{"level":"info","message":"GET /api/superadmin/usuarios 304 - 7ms","timestamp":"2026-08-05 23:16:15"}
{"level":"info","message":"GET /api/superadmin/usuarios 304 - 7ms","timestamp":"2026-08-05 23:17:15"}
{"level":"info","message":"GET /api/superadmin/usuarios 304 - 8ms","timestamp":"2026-08-05 23:18:15"}
{"level":"info","message":"GET /api/superadmin/usuarios 304 - 7ms","timestamp":"2026-08-05 23:19:15"}
{"level":"info","message":"GET /api/superadmin/usuarios 304 - 7ms","timestamp":"2026-08-05 23:20:15"}
{"level":"info","message":"GET /api/superadmin/usuarios 304 - 8ms","timestamp":"2026-08-05 23:21:15"}
{"level":"info","message":"GET /api/superadmin/usuarios 304 - 7ms","timestamp":"2026-08-05 23:22:15"}
{"level":"info","message":"GET /api/superadmin/usuarios 304 - 7ms","timestamp":"2026-08-05 23:23:15"}
{"level":"info","message":"GET /api/superadmin/usuarios 304 - 7ms","timestamp":"2026-08-05 23:24:15"}
{"level":"info","message":"GET /api/superadmin/usuarios 304 - 6ms","timestamp":"2026-08-05 23:25:15"}
{"level":"info","message":"GET /api/superadmin/usuarios 304 - 7ms","timestamp":"2026-08-05 23:26:15"}
{"level":"info","message":"GET /api/superadmin/usuarios 304 - 6ms","timestamp":"2026-08-05 23:27:15"}
{"level":"info","message":"GET /api/superadmin/usuarios 304 - 6ms","timestamp":"2026-08-05 23:28:15"}
{"level":"info","message":"GET /api/superadmin/usuarios 304 - 6ms","timestamp":"2026-08-05 23:29:15"}
{"level":"info","message":"GET /api/superadmin/usuarios 304 - 7ms","timestamp":"2026-08-05 23:30:15"}
{"level":"info","message":"GET /api/superadmin/usuarios 304 - 11ms","timestamp":"2026-08-05 23:31:15"}
{"level":"info","message":"GET /api/superadmin/usuarios 304 - 6ms","timestamp":"2026-08-05 23:32:15"}
{"level":"info","message":"GET /api/superadmin/usuarios 304 - 7ms","timestamp":"2026-08-05 23:33:15"}
{"level":"info","message":"GET /api/superadmin/usuarios 304 - 6ms","timestamp":"2026-08-05 23:34:15"}
{"level":"info","message":"GET /api/superadmin/usuarios 304 - 6ms","timestamp":"2026-08-05 23:35:15"}
{"level":"info","message":"GET /api/superadmin/usuarios 304 - 7ms","timestamp":"2026-08-05 23:36:15"}
{"level":"info","message":"GET /api/superadmin/usuarios 304 - 7ms","timestamp":"2026-08-05 23:37:15"}
{"level":"info","message":"GET /api/superadmin/usuarios 304 - 7ms","timestamp":"2026-08-05 23:38:15"}
{"level":"info","message":"GET /api/superadmin/usuarios 304 - 10ms","timestamp":"2026-08-05 23:39:15"}
{"level":"info","message":"GET /api/superadmin/usuarios 304 - 12ms","timestamp":"2026-08-05 23:40:15"}
{"level":"info","message":"GET /api/superadmin/usuarios 304 - 1ms","timestamp":"2026-08-05 23:41:15"}
{"level":"info","message":"GET /api/superadmin/usuarios 304 - 7ms","timestamp":"2026-08-05 23:42:15"}
{"level":"info","message":"GET /api/superadmin/usuarios 304 - 15ms","timestamp":"2026-08-05 23:43:15"}
{"level":"info","message":"GET /api/superadmin/usuarios 304 - 7ms","timestamp":"2026-08-05 23:44:15"}
{"level":"info","message":"GET /api/superadmin/usuarios 304 - 6ms","timestamp":"2026-08-05 23:45:15"}
{"level":"info","message":"GET /api/superadmin/usuarios 304 - 6ms","timestamp":"2026-08-05 23:46:16"}
{"level":"info","message":"GET /api/superadmin/usuarios 304 - 6ms","timestamp":"2026-08-05 23:47:15"}
{"level":"info","message":"GET /api/superadmin/usuarios 304 - 7ms","timestamp":"2026-08-05 23:48:16"}
{"level":"info","message":"GET /api/superadmin/usuarios 304 - 6ms","timestamp":"2026-08-05 23:49:15"}
{"level":"info","message":"GET /api/superadmin/usuarios 304 - 7ms","timestamp":"2026-08-05 23:50:15"}
{"level":"info","message":"GET /api/superadmin/usuarios 304 - 8ms","timestamp":"2026-08-05 23:51:15"}
{"level":"info","message":"GET /api/superadmin/usuarios 304 - 5ms","timestamp":"2026-08-05 23:52:16"}
{"level":"info","message":"GET /api/superadmin/usuarios 304 - 6ms","timestamp":"2026-08-05 23:53:16"}
{"level":"info","message":"GET /api/superadmin/usuarios 304 - 6ms","timestamp":"2026-08-05 23:54:16"}
{"level":"info","message":"GET /api/superadmin/usuarios 304 - 6ms","timestamp":"2026-08-05 23:55:16"}
{"level":"info","message":"GET /api/superadmin/usuarios 304 - 5ms","timestamp":"2026-08-05 23:56:16"}
{"level":"info","message":"GET /api/superadmin/usuarios 304 - 6ms","timestamp":"2026-08-05 23:57:16"}
{"level":"info","message":"GET /api/superadmin/usuarios 304 - 7ms","timestamp":"2026-08-05 23:58:16"}
{"level":"info","message":"GET /api/superadmin/usuarios 304 - 7ms","timestamp":"2026-08-05 23:59:16"}
{"level":"info","message":"GET /api/superadmin/usuarios 304 - 6ms","timestamp":"2026-08-06 00:00:16"}
{"level":"info","message":"GET /api/superadmin/usuarios 304 - 7ms","timestamp":"2026-08-06 00:01:16"}
{"level":"info","message":"GET /api/superadmin/usuarios 304 - 7ms","timestamp":"2026-08-06 00:02:16"}
{"level":"info","message":"GET /api/superadmin/usuarios 304 - 6ms","timestamp":"2026-08-06 00:03:16"}
{"level":"info","message":"GET /api/superadmin/usuarios 304 - 6ms","timestamp":"2026-08-06 00:04:16"}
{"level":"info","message":"GET /api/superadmin/usuarios 304 - 6ms","timestamp":"2026-08-06 00:05:16"}
{"level":"info","message":"GET /api/superadmin/usuarios 304 - 6ms","timestamp":"2026-08-06 00:06:16"}
{"level":"info","message":"GET /api/superadmin/usuarios 304 - 6ms","timestamp":"2026-08-06 00:07:16"}
{"level":"info","message":"GET /api/superadmin/usuarios 304 - 7ms","timestamp":"2026-08-06 00:08:16"}
{"level":"info","message":"GET /api/superadmin/usuarios 304 - 5ms","timestamp":"2026-08-06 00:09:16"}
{"level":"info","message":"GET /api/superadmin/usuarios 304 - 7ms","timestamp":"2026-08-06 00:10:16"}
{"level":"info","message":"GET /api/superadmin/usuarios 304 - 7ms","timestamp":"2026-08-06 00:11:16"}
{"level":"info","message":"GET /api/superadmin/usuarios 304 - 6ms","timestamp":"2026-08-06 00:12:16"}
{"level":"info","message":"GET /api/superadmin/usuarios 304 - 6ms","timestamp":"2026-08-06 00:13:16"}
{"level":"info","message":"GET /api/superadmin/usuarios 304 - 7ms","timestamp":"2026-08-06 00:14:16"}
{"level":"info","message":"GET /api/superadmin/usuarios 304 - 6ms","timestamp":"2026-08-06 00:15:16"}
{"level":"info","message":"GET /api/superadmin/usuarios 304 - 6ms","timestamp":"2026-08-06 00:16:16"}
{"level":"info","message":"GET /api/superadmin/usuarios 304 - 7ms","timestamp":"2026-08-06 00:17:16"}
{"level":"info","message":"GET /api/superadmin/usuarios 304 - 6ms","timestamp":"2026-08-06 00:18:16"}
{"level":"info","message":"GET /api/superadmin/usuarios 304 - 6ms","timestamp":"2026-08-06 00:19:16"}
{"level":"info","message":"GET /api/superadmin/usuarios 304 - 6ms","timestamp":"2026-08-06 00:20:16"}
{"level":"info","message":"GET /api/superadmin/usuarios 304 - 7ms","timestamp":"2026-08-06 00:21:16"}
{"level":"info","message":"GET /api/superadmin/usuarios 304 - 7ms","timestamp":"2026-08-06 00:22:16"}
{"level":"info","message":"GET /api/superadmin/usuarios 304 - 6ms","timestamp":"2026-08-06 00:23:16"}
{"level":"info","message":"GET /api/superadmin/usuarios 304 - 6ms","timestamp":"2026-08-06 00:24:16"}
{"level":"info","message":"GET /api/superadmin/usuarios 304 - 6ms","timestamp":"2026-08-06 00:25:16"}
{"level":"info","message":"GET /api/superadmin/usuarios 304 - 6ms","timestamp":"2026-08-06 00:26:16"}
{"level":"info","message":"GET /api/superadmin/usuarios 304 - 6ms","timestamp":"2026-08-06 00:27:16"}
{"level":"info","message":"GET /api/superadmin/usuarios 304 - 6ms","timestamp":"2026-08-06 00:28:16"}
{"level":"info","message":"GET /api/superadmin/usuarios 304 - 7ms","timestamp":"2026-08-06 00:29:16"}
{"level":"info","message":"GET /api/superadmin/usuarios 304 - 6ms","timestamp":"2026-08-06 00:30:16"}
{"level":"info","message":"GET /api/superadmin/usuarios 304 - 6ms","timestamp":"2026-08-06 00:31:16"}
{"level":"info","message":"GET /api/superadmin/usuarios 304 - 7ms","timestamp":"2026-08-06 00:32:16"}
{"level":"info","message":"GET /api/superadmin/usuarios 304 - 6ms","timestamp":"2026-08-06 00:33:16"}
{"level":"info","message":"GET /api/superadmin/usuarios 304 - 6ms","timestamp":"2026-08-06 00:34:16"}
{"level":"info","message":"GET /api/superadmin/usuarios 304 - 6ms","timestamp":"2026-08-06 00:35:16"}
{"level":"info","message":"GET /api/superadmin/usuarios 304 - 6ms","timestamp":"2026-08-06 00:36:16"}
{"level":"info","message":"GET /api/superadmin/usuarios 304 - 6ms","timestamp":"2026-08-06 00:37:16"}
{"level":"info","message":"GET /api/superadmin/usuarios 304 - 7ms","timestamp":"2026-08-06 00:38:16"}
{"level":"info","message":"GET /api/superadmin/usuarios 304 - 7ms","timestamp":"2026-08-06 00:39:16"}
{"level":"info","message":"GET /api/superadmin/usuarios 304 - 7ms","timestamp":"2026-08-06 00:40:16"}
{"level":"info","message":"GET /api/superadmin/usuarios 304 - 9ms","timestamp":"2026-08-06 00:41:16"}
{"level":"info","message":"GET /api/superadmin/usuarios 304 - 6ms","timestamp":"2026-08-06 00:42:16"}
{"level":"info","message":"GET /api/superadmin/usuarios 304 - 5ms","timestamp":"2026-08-06 00:43:16"}
{"level":"info","message":"GET /api/superadmin/usuarios 304 - 6ms","timestamp":"2026-08-06 00:44:16"}
{"level":"info","message":"GET /api/superadmin/usuarios 304 - 7ms","timestamp":"2026-08-06 00:45:16"}
{"level":"info","message":"GET /api/superadmin/usuarios 304 - 7ms","timestamp":"2026-08-06 00:46:16"}
{"level":"info","message":"GET /api/superadmin/usuarios 304 - 6ms","timestamp":"2026-08-06 00:47:16"}
{"level":"info","message":"GET /api/superadmin/usuarios 304 - 7ms","timestamp":"2026-08-06 00:48:16"}
{"level":"info","message":"GET /api/superadmin/usuarios 304 - 6ms","timestamp":"2026-08-06 00:49:16"}
{"level":"info","message":"GET /api/superadmin/usuarios 304 - 7ms","timestamp":"2026-08-06 00:50:16"}
{"level":"info","message":"GET /api/superadmin/usuarios 304 - 8ms","timestamp":"2026-08-06 00:51:16"}
{"level":"info","message":"GET /api/superadmin/usuarios 304 - 7ms","timestamp":"2026-08-06 00:52:16"}
{"level":"info","message":"GET /api/superadmin/usuarios 304 - 7ms","timestamp":"2026-08-06 00:53:16"}
{"level":"info","message":"GET /api/superadmin/usuarios 304 - 7ms","timestamp":"2026-08-06 00:54:16"}
{"level":"info","message":"GET /api/superadmin/usuarios 304 - 6ms","timestamp":"2026-08-06 00:55:16"}
{"level":"info","message":"GET /api/superadmin/usuarios 304 - 6ms","timestamp":"2026-08-06 00:56:16"}
{"level":"info","message":"GET /api/superadmin/usuarios 304 - 7ms","timestamp":"2026-08-06 00:57:16"}
{"level":"info","message":"GET /api/superadmin/usuarios 304 - 7ms","timestamp":"2026-08-06 00:58:16"}
{"level":"info","message":"GET /api/superadmin/usuarios 304 - 10ms","timestamp":"2026-08-06 00:59:16"}
{"level":"info","message":"GET /api/superadmin/usuarios 304 - 7ms","timestamp":"2026-08-06 01:00:16"}
{"level":"info","message":"GET /api/superadmin/usuarios 304 - 10ms","timestamp":"2026-08-06 01:01:16"}
{"level":"info","message":"GET /api/superadmin/usuarios 304 - 8ms","timestamp":"2026-08-06 01:02:16"}
{"level":"info","message":"GET /api/superadmin/usuarios 304 - 7ms","timestamp":"2026-08-06 01:03:16"}
{"level":"info","message":"GET /api/superadmin/usuarios 304 - 6ms","timestamp":"2026-08-06 01:04:16"}
{"level":"info","message":"GET /api/superadmin/usuarios 304 - 6ms","timestamp":"2026-08-06 01:05:16"}
{"level":"info","message":"GET /api/superadmin/usuarios 304 - 6ms","timestamp":"2026-08-06 01:06:16"}
{"level":"info","message":"GET /api/superadmin/usuarios 304 - 6ms","timestamp":"2026-08-06 01:07:16"}
{"level":"info","message":"GET /api/superadmin/usuarios 304 - 7ms","timestamp":"2026-08-06 01:08:16"}
{"level":"info","message":"GET /api/superadmin/usuarios 304 - 6ms","timestamp":"2026-08-06 01:09:16"}
{"level":"info","message":"GET /api/superadmin/usuarios 304 - 8ms","timestamp":"2026-08-06 01:10:16"}
{"level":"info","message":"GET /api/superadmin/usuarios 304 - 7ms","timestamp":"2026-08-06 01:11:16"}
{"level":"info","message":"GET /api/superadmin/usuarios 304 - 7ms","timestamp":"2026-08-06 01:12:16"}
{"level":"info","message":"GET /api/superadmin/usuarios 304 - 6ms","timestamp":"2026-08-06 01:13:16"}
{"level":"info","message":"GET /api/superadmin/usuarios 304 - 7ms","timestamp":"2026-08-06 01:14:16"}
{"level":"info","message":"GET /api/superadmin/usuarios 304 - 7ms","timestamp":"2026-08-06 01:15:16"}
{"level":"info","message":"GET /api/superadmin/usuarios 304 - 8ms","timestamp":"2026-08-06 01:16:16"}
{"level":"info","message":"GET /api/superadmin/usuarios 304 - 7ms","timestamp":"2026-08-06 01:17:16"}
{"level":"info","message":"GET /api/superadmin/usuarios 304 - 6ms","timestamp":"2026-08-06 01:18:16"}
{"level":"info","message":"GET /api/superadmin/usuarios 304 - 6ms","timestamp":"2026-08-06 01:19:16"}
{"level":"info","message":"GET /api/superadmin/usuarios 304 - 7ms","timestamp":"2026-08-06 01:20:16"}
{"level":"info","message":"GET /api/superadmin/usuarios 304 - 6ms","timestamp":"2026-08-06 01:21:16"}
{"level":"info","message":"GET /api/superadmin/usuarios 304 - 6ms","timestamp":"2026-08-06 01:22:16"}
{"level":"info","message":"GET /api/superadmin/usuarios 304 - 7ms","timestamp":"2026-08-06 01:23:16"}
{"level":"info","message":"GET /api/superadmin/usuarios 304 - 6ms","timestamp":"2026-08-06 01:24:16"}
{"level":"info","message":"GET /api/superadmin/usuarios 304 - 7ms","timestamp":"2026-08-06 01:25:16"}
{"level":"info","message":"GET /api/superadmin/usuarios 304 - 7ms","timestamp":"2026-08-06 01:26:16"}
{"level":"info","message":"GET /api/superadmin/usuarios 304 - 6ms","timestamp":"2026-08-06 01:27:16"}
{"level":"info","message":"GET /api/superadmin/usuarios 304 - 7ms","timestamp":"2026-08-06 01:28:16"}
{"level":"info","message":"GET /api/superadmin/usuarios 304 - 6ms","timestamp":"2026-08-06 01:29:16"}
{"level":"info","message":"GET /api/superadmin/usuarios 401 - 1ms","timestamp":"2026-08-06 01:30:16"}
{"level":"info","message":"[SOCKET] Conexión cerrada: superadmin [ID: NvFOHr75y9-zf8RNAAAB]","timestamp":"2026-08-06 01:30:16"}
{"level":"info","message":"GET /api/superadmin/usuarios 401 - 0ms","timestamp":"2026-08-06 01:31:16"}
{"level":"info","message":"GET /api/catalogos/convocatoria-activa 304 - 3ms","timestamp":"2026-08-06 09:02:09"}
{"level":"info","message":"GET /api/catalogos/categorias 304 - 7ms","timestamp":"2026-08-06 09:02:09"}
{"level":"info","message":"GET /api/catalogos/categorias 304 - 3ms","timestamp":"2026-08-06 09:02:09"}
{"level":"info","message":"GET /api/catalogos/convocatoria-activa 304 - 2ms","timestamp":"2026-08-06 09:02:39"}
{"level":"info","message":"GET /api/catalogos/categorias 304 - 3ms","timestamp":"2026-08-06 09:02:39"}
{"level":"info","message":"GET /api/catalogos/categorias 304 - 5ms","timestamp":"2026-08-06 09:02:39"}
{"level":"info","message":"GET /api/catalogos/tema 304 - 8ms","timestamp":"2026-08-06 09:04:19"}
{"level":"info","message":"GET /api/catalogos/convocatoria-activa 304 - 41ms","timestamp":"2026-08-06 09:04:19"}
{"level":"info","message":"GET /api/catalogos/categorias 304 - 48ms","timestamp":"2026-08-06 09:04:19"}
{"level":"info","message":"GET /api/catalogos/categorias 304 - 6ms","timestamp":"2026-08-06 09:04:19"}
{"level":"info","message":"GET /api/catalogos/tema 304 - 3ms","timestamp":"2026-08-06 09:04:19"}
{"level":"info","message":"GET /api/catalogos/convocatoria-activa 304 - 2ms","timestamp":"2026-08-06 09:04:19"}
{"level":"info","message":"GET /api/catalogos/categorias 304 - 4ms","timestamp":"2026-08-06 09:04:19"}
{"level":"info","message":"GET /api/catalogos/categorias 304 - 4ms","timestamp":"2026-08-06 09:04:19"}
{"level":"info","message":"GET /api/catalogos/tema 304 - 4ms","timestamp":"2026-08-06 09:04:31"}
{"level":"info","message":"GET /api/catalogos/convocatoria-activa 304 - 3ms","timestamp":"2026-08-06 09:04:31"}
{"level":"info","message":"GET /api/catalogos/categorias 304 - 5ms","timestamp":"2026-08-06 09:04:31"}
{"level":"info","message":"GET /api/catalogos/categorias 304 - 3ms","timestamp":"2026-08-06 09:04:31"}
{"level":"info","message":"GET /api/catalogos/tema 304 - 1ms","timestamp":"2026-08-06 09:04:31"}
{"level":"info","message":"GET /api/catalogos/convocatoria-activa 304 - 3ms","timestamp":"2026-08-06 09:04:31"}
{"level":"info","message":"GET /api/catalogos/categorias 304 - 4ms","timestamp":"2026-08-06 09:04:31"}
{"level":"info","message":"GET /api/catalogos/categorias 304 - 4ms","timestamp":"2026-08-06 09:04:31"}
{"level":"info","message":"GET /api/catalogos/tema 304 - 3ms","timestamp":"2026-08-06 09:04:39"}
{"level":"info","message":"GET /api/catalogos/convocatoria-activa 304 - 2ms","timestamp":"2026-08-06 09:04:39"}
{"level":"info","message":"GET /api/catalogos/categorias 304 - 4ms","timestamp":"2026-08-06 09:04:39"}
{"level":"info","message":"GET /api/catalogos/categorias 304 - 3ms","timestamp":"2026-08-06 09:04:39"}
{"level":"info","message":"GET /api/catalogos/tema 304 - 2ms","timestamp":"2026-08-06 09:04:39"}
{"level":"info","message":"GET /api/catalogos/convocatoria-activa 304 - 2ms","timestamp":"2026-08-06 09:04:39"}
{"level":"info","message":"GET /api/catalogos/categorias 304 - 6ms","timestamp":"2026-08-06 09:04:39"}
{"level":"info","message":"GET /api/catalogos/categorias 304 - 4ms","timestamp":"2026-08-06 09:04:39"}
{"level":"info","message":"GET /api/catalogos/tema 304 - 2ms","timestamp":"2026-08-06 09:04:47"}
{"level":"info","message":"GET /api/catalogos/convocatoria-activa 304 - 2ms","timestamp":"2026-08-06 09:04:47"}
{"level":"info","message":"GET /api/catalogos/categorias 304 - 4ms","timestamp":"2026-08-06 09:04:47"}
{"level":"info","message":"GET /api/catalogos/categorias 304 - 4ms","timestamp":"2026-08-06 09:04:47"}
{"level":"info","message":"GET /api/catalogos/tema 304 - 3ms","timestamp":"2026-08-06 09:04:48"}
{"level":"info","message":"GET /api/catalogos/convocatoria-activa 304 - 2ms","timestamp":"2026-08-06 09:04:48"}
{"level":"info","message":"GET /api/catalogos/categorias 304 - 4ms","timestamp":"2026-08-06 09:04:48"}
{"level":"info","message":"GET /api/catalogos/categorias 304 - 3ms","timestamp":"2026-08-06 09:04:48"}
{"level":"info","message":"GET /api/catalogos/tema 304 - 10ms","timestamp":"2026-08-06 09:06:10"}
{"level":"info","message":"GET /api/catalogos/convocatoria-activa 304 - 17ms","timestamp":"2026-08-06 09:06:10"}
{"level":"info","message":"GET /api/catalogos/categorias 304 - 21ms","timestamp":"2026-08-06 09:06:10"}
{"level":"info","message":"GET /api/catalogos/categorias 304 - 10ms","timestamp":"2026-08-06 09:06:10"}
{"level":"info","message":"GET /api/catalogos/tema 304 - 5ms","timestamp":"2026-08-06 09:06:10"}
{"level":"info","message":"GET /api/catalogos/convocatoria-activa 304 - 3ms","timestamp":"2026-08-06 09:06:10"}
{"level":"info","message":"GET /api/catalogos/categorias 304 - 4ms","timestamp":"2026-08-06 09:06:10"}
{"level":"info","message":"GET /api/catalogos/categorias 304 - 3ms","timestamp":"2026-08-06 09:06:10"}
{"level":"info","message":"GET /api/catalogos/tema 304 - 3ms","timestamp":"2026-08-06 09:06:15"}
{"level":"info","message":"GET /api/catalogos/convocatoria-activa 304 - 2ms","timestamp":"2026-08-06 09:06:15"}
{"level":"info","message":"GET /api/catalogos/categorias 304 - 4ms","timestamp":"2026-08-06 09:06:15"}
{"level":"info","message":"GET /api/catalogos/categorias 304 - 3ms","timestamp":"2026-08-06 09:06:15"}
{"level":"info","message":"GET /api/catalogos/tema 304 - 2ms","timestamp":"2026-08-06 09:06:16"}
{"level":"info","message":"GET /api/catalogos/convocatoria-activa 304 - 2ms","timestamp":"2026-08-06 09:06:16"}
{"level":"info","message":"GET /api/catalogos/categorias 304 - 3ms","timestamp":"2026-08-06 09:06:16"}
{"level":"info","message":"GET /api/catalogos/categorias 304 - 3ms","timestamp":"2026-08-06 09:06:16"}
{"level":"info","message":"GET /api/catalogos/convocatoria-activa 304 - 19ms","timestamp":"2026-08-06 09:08:06"}
{"level":"info","message":"GET /api/catalogos/categorias 304 - 19ms","timestamp":"2026-08-06 09:08:06"}
{"level":"info","message":"POST /api/auth/login 200 - 67ms","timestamp":"2026-08-06 09:08:17"}
{"level":"info","message":"[SOCKET] Conexión establecida: superadmin (Superadmin Sistema IECM) [ID: vUaZizBl4Xj55pw2AAAB]","timestamp":"2026-08-06 09:08:17"}
{"level":"info","message":"[SOCKET] Conexión cerrada: superadmin [ID: vUaZizBl4Xj55pw2AAAB]","timestamp":"2026-08-06 09:08:19"}
{"level":"info","message":"GET /api/catalogos/convocatoria-activa 304 - 8ms","timestamp":"2026-08-06 09:08:19"}
{"level":"info","message":"GET /api/notificaciones 304 - 13ms","timestamp":"2026-08-06 09:08:19"}
{"level":"info","message":"[SOCKET] Conexión establecida: superadmin (Superadmin Sistema IECM) [ID: WhDJonbES8OS_-GQAAAE]","timestamp":"2026-08-06 09:08:19"}
{"level":"info","message":"GET /api/catalogos/tema 304 - 13ms","timestamp":"2026-08-06 09:08:19"}
{"level":"info","message":"GET /api/catalogos/categorias 304 - 22ms","timestamp":"2026-08-06 09:08:19"}
{"level":"info","message":"GET /api/notificaciones 304 - 5ms","timestamp":"2026-08-06 09:08:19"}
{"level":"info","message":"GET /api/superadmin/usuarios 304 - 23ms","timestamp":"2026-08-06 09:08:19"}
{"level":"info","message":"GET /api/superadmin/usuarios 304 - 10ms","timestamp":"2026-08-06 09:08:23"}
{"level":"info","message":"GET /api/superadmin/convocatorias 304 - 5ms","timestamp":"2026-08-06 09:08:23"}
{"level":"info","message":"GET /api/superadmin/categorias/1 304 - 4ms","timestamp":"2026-08-06 09:08:23"}
{"level":"info","message":"GET /api/superadmin/requisitos-archivos/1 304 - 4ms","timestamp":"2026-08-06 09:08:23"}
{"level":"info","message":"POST /api/superadmin/convocatorias 200 - 11ms","timestamp":"2026-08-06 09:08:31"}
{"level":"info","message":"GET /api/catalogos/convocatoria-activa 200 - 2ms","timestamp":"2026-08-06 09:08:31"}
{"level":"info","message":"GET /api/catalogos/categorias 304 - 4ms","timestamp":"2026-08-06 09:08:31"}
{"level":"info","message":"GET /api/superadmin/convocatorias 200 - 5ms","timestamp":"2026-08-06 09:08:31"}
{"level":"info","message":"GET /api/superadmin/categorias/1 304 - 5ms","timestamp":"2026-08-06 09:08:31"}
{"level":"info","message":"GET /api/superadmin/requisitos-archivos/1 304 - 8ms","timestamp":"2026-08-06 09:08:31"}
{"level":"info","message":"[SOCKET] Forzando cierre de conexión para usuario ID: 1","timestamp":"2026-08-06 09:08:34"}
{"level":"info","message":"[SOCKET] Conexión cerrada: superadmin [ID: WhDJonbES8OS_-GQAAAE]","timestamp":"2026-08-06 09:08:34"}
{"level":"info","message":"POST /api/auth/logout 200 - 14ms","timestamp":"2026-08-06 09:08:34"}
{"level":"info","message":"GET /api/catalogos/convocatoria-activa 304 - 2ms","timestamp":"2026-08-06 09:08:35"}
{"level":"info","message":"GET /api/catalogos/categorias 304 - 4ms","timestamp":"2026-08-06 09:08:35"}
{"level":"info","message":"GET /api/catalogos/categorias 304 - 3ms","timestamp":"2026-08-06 09:08:35"}
{"level":"info","message":"GET /api/catalogos/convocatoria-activa 304 - 3ms","timestamp":"2026-08-06 09:08:36"}
{"level":"info","message":"GET /api/catalogos/categorias 304 - 4ms","timestamp":"2026-08-06 09:08:36"}
{"level":"info","message":"GET /api/catalogos/tema 304 - 7ms","timestamp":"2026-08-06 09:17:13"}
{"level":"info","message":"GET /api/catalogos/convocatoria-activa 304 - 14ms","timestamp":"2026-08-06 09:17:13"}
{"level":"info","message":"GET /api/catalogos/categorias 304 - 17ms","timestamp":"2026-08-06 09:17:13"}
{"level":"info","message":"GET /api/catalogos/categorias 304 - 5ms","timestamp":"2026-08-06 09:17:13"}
{"level":"info","message":"GET /api/catalogos/tema 304 - 4ms","timestamp":"2026-08-06 09:17:13"}
{"level":"info","message":"GET /api/catalogos/convocatoria-activa 200 - 4ms","timestamp":"2026-08-06 09:17:13"}
{"level":"info","message":"GET /api/catalogos/categorias 304 - 7ms","timestamp":"2026-08-06 09:17:13"}
{"level":"info","message":"GET /api/catalogos/categorias 304 - 6ms","timestamp":"2026-08-06 09:17:13"}
{"level":"info","message":"GET /api/catalogos/tema 304 - 4ms","timestamp":"2026-08-06 09:17:28"}
{"level":"info","message":"GET /api/catalogos/convocatoria-activa 304 - 5ms","timestamp":"2026-08-06 09:17:28"}
{"level":"info","message":"GET /api/catalogos/categorias 304 - 12ms","timestamp":"2026-08-06 09:17:28"}
{"level":"info","message":"GET /api/catalogos/categorias 304 - 4ms","timestamp":"2026-08-06 09:17:28"}
{"level":"info","message":"GET /api/catalogos/tema 304 - 2ms","timestamp":"2026-08-06 09:17:28"}
{"level":"info","message":"GET /api/catalogos/convocatoria-activa 304 - 3ms","timestamp":"2026-08-06 09:17:28"}
{"level":"info","message":"GET /api/catalogos/categorias 304 - 4ms","timestamp":"2026-08-06 09:17:28"}
{"level":"info","message":"GET /api/catalogos/categorias 304 - 4ms","timestamp":"2026-08-06 09:17:28"}
{"level":"info","message":"GET /api/catalogos/tema 304 - 3ms","timestamp":"2026-08-06 09:17:41"}
{"level":"info","message":"GET /api/catalogos/convocatoria-activa 304 - 4ms","timestamp":"2026-08-06 09:17:41"}
{"level":"info","message":"GET /api/catalogos/categorias 304 - 9ms","timestamp":"2026-08-06 09:17:41"}
{"level":"info","message":"GET /api/catalogos/categorias 304 - 7ms","timestamp":"2026-08-06 09:17:41"}
{"level":"info","message":"GET /api/catalogos/tema 304 - 3ms","timestamp":"2026-08-06 09:17:42"}
{"level":"info","message":"GET /api/catalogos/convocatoria-activa 304 - 2ms","timestamp":"2026-08-06 09:17:42"}
{"level":"info","message":"GET /api/catalogos/categorias 304 - 4ms","timestamp":"2026-08-06 09:17:42"}
{"level":"info","message":"GET /api/catalogos/categorias 304 - 3ms","timestamp":"2026-08-06 09:17:42"}
{"level":"info","message":"GET /api/catalogos/tema 304 - 8ms","timestamp":"2026-08-06 10:44:56"}
{"level":"info","message":"GET /api/catalogos/convocatoria-activa 304 - 30ms","timestamp":"2026-08-06 10:44:56"}
{"level":"info","message":"GET /api/catalogos/categorias 304 - 36ms","timestamp":"2026-08-06 10:44:56"}
{"level":"info","message":"GET /api/catalogos/categorias 304 - 5ms","timestamp":"2026-08-06 10:44:56"}
{"level":"info","message":"GET /api/catalogos/tema 304 - 5ms","timestamp":"2026-08-06 10:44:56"}
{"level":"info","message":"GET /api/catalogos/convocatoria-activa 304 - 2ms","timestamp":"2026-08-06 10:44:56"}
{"level":"info","message":"GET /api/catalogos/categorias 304 - 4ms","timestamp":"2026-08-06 10:44:56"}
{"level":"info","message":"GET /api/catalogos/categorias 304 - 4ms","timestamp":"2026-08-06 10:44:56"}
{"level":"info","message":"GET /api/catalogos/tema 304 - 3ms","timestamp":"2026-08-06 10:45:03"}
{"level":"info","message":"GET /api/catalogos/convocatoria-activa 304 - 4ms","timestamp":"2026-08-06 10:45:03"}
{"level":"info","message":"GET /api/catalogos/categorias 304 - 7ms","timestamp":"2026-08-06 10:45:03"}
{"level":"info","message":"GET /api/catalogos/categorias 304 - 6ms","timestamp":"2026-08-06 10:45:03"}
{"level":"info","message":"GET /api/catalogos/tema 304 - 3ms","timestamp":"2026-08-06 10:45:03"}
{"level":"info","message":"GET /api/catalogos/convocatoria-activa 304 - 6ms","timestamp":"2026-08-06 10:45:03"}
{"level":"info","message":"GET /api/catalogos/categorias 304 - 8ms","timestamp":"2026-08-06 10:45:03"}
{"level":"info","message":"GET /api/catalogos/categorias 304 - 4ms","timestamp":"2026-08-06 10:45:03"}
{"level":"info","message":"GET /api/catalogos/tema 304 - 15ms","timestamp":"2026-08-06 10:49:24"}
{"level":"info","message":"GET /api/catalogos/convocatoria-activa 304 - 25ms","timestamp":"2026-08-06 10:49:24"}
{"level":"info","message":"GET /api/catalogos/categorias 304 - 29ms","timestamp":"2026-08-06 10:49:24"}
{"level":"info","message":"GET /api/catalogos/categorias 304 - 6ms","timestamp":"2026-08-06 10:49:24"}
{"level":"info","message":"GET /api/catalogos/tema 304 - 3ms","timestamp":"2026-08-06 10:49:24"}
{"level":"info","message":"GET /api/catalogos/convocatoria-activa 304 - 7ms","timestamp":"2026-08-06 10:49:24"}
{"level":"info","message":"GET /api/catalogos/categorias 304 - 18ms","timestamp":"2026-08-06 10:49:24"}
{"level":"info","message":"GET /api/catalogos/categorias 304 - 4ms","timestamp":"2026-08-06 10:49:24"}
{"level":"info","message":"GET /api/catalogos/tema 304 - 6ms","timestamp":"2026-08-06 10:49:30"}
{"level":"info","message":"GET /api/catalogos/convocatoria-activa 304 - 10ms","timestamp":"2026-08-06 10:49:30"}
{"level":"info","message":"GET /api/catalogos/categorias 304 - 17ms","timestamp":"2026-08-06 10:49:30"}
{"level":"info","message":"GET /api/catalogos/categorias 304 - 6ms","timestamp":"2026-08-06 10:49:30"}
{"level":"info","message":"GET /api/catalogos/tema 304 - 4ms","timestamp":"2026-08-06 10:49:31"}
{"level":"info","message":"GET /api/catalogos/convocatoria-activa 304 - 4ms","timestamp":"2026-08-06 10:49:31"}
{"level":"info","message":"GET /api/catalogos/categorias 304 - 8ms","timestamp":"2026-08-06 10:49:31"}
{"level":"info","message":"GET /api/catalogos/categorias 304 - 6ms","timestamp":"2026-08-06 10:49:31"}
{"level":"info","message":"GET /api/catalogos/tema 304 - 8ms","timestamp":"2026-08-06 10:55:08"}
{"level":"info","message":"GET /api/catalogos/convocatoria-activa 304 - 17ms","timestamp":"2026-08-06 10:55:08"}
{"level":"info","message":"GET /api/catalogos/categorias 304 - 21ms","timestamp":"2026-08-06 10:55:08"}
{"level":"info","message":"GET /api/catalogos/categorias 304 - 7ms","timestamp":"2026-08-06 10:55:08"}
{"level":"info","message":"GET /api/catalogos/tema 304 - 3ms","timestamp":"2026-08-06 10:55:08"}
{"level":"info","message":"GET /api/catalogos/convocatoria-activa 304 - 6ms","timestamp":"2026-08-06 10:55:08"}
{"level":"info","message":"GET /api/catalogos/categorias 304 - 8ms","timestamp":"2026-08-06 10:55:08"}
{"level":"info","message":"GET /api/catalogos/categorias 304 - 6ms","timestamp":"2026-08-06 10:55:08"}
{"level":"info","message":"GET /api/catalogos/tema 304 - 7ms","timestamp":"2026-08-06 10:55:54"}
{"level":"info","message":"GET /api/catalogos/convocatoria-activa 304 - 3ms","timestamp":"2026-08-06 10:55:54"}
{"level":"info","message":"GET /api/catalogos/categorias 304 - 5ms","timestamp":"2026-08-06 10:55:54"}
{"level":"info","message":"GET /api/catalogos/categorias 304 - 4ms","timestamp":"2026-08-06 10:55:54"}
{"level":"info","message":"GET /api/catalogos/tema 304 - 2ms","timestamp":"2026-08-06 10:55:54"}
{"level":"info","message":"GET /api/catalogos/convocatoria-activa 304 - 3ms","timestamp":"2026-08-06 10:55:54"}
{"level":"info","message":"GET /api/catalogos/categorias 304 - 5ms","timestamp":"2026-08-06 10:55:54"}
{"level":"info","message":"GET /api/catalogos/categorias 304 - 4ms","timestamp":"2026-08-06 10:55:54"}
{"level":"info","message":"GET /api/catalogos/tema 304 - 9ms","timestamp":"2026-08-06 11:00:18"}
{"level":"info","message":"GET /api/catalogos/convocatoria-activa 304 - 13ms","timestamp":"2026-08-06 11:00:18"}
{"level":"info","message":"GET /api/catalogos/categorias 304 - 17ms","timestamp":"2026-08-06 11:00:18"}
{"level":"info","message":"GET /api/catalogos/categorias 304 - 6ms","timestamp":"2026-08-06 11:00:18"}
{"level":"info","message":"GET /api/catalogos/tema 304 - 4ms","timestamp":"2026-08-06 11:00:18"}
{"level":"info","message":"GET /api/catalogos/convocatoria-activa 304 - 2ms","timestamp":"2026-08-06 11:00:18"}
{"level":"info","message":"GET /api/catalogos/categorias 304 - 4ms","timestamp":"2026-08-06 11:00:18"}
{"level":"info","message":"GET /api/catalogos/categorias 304 - 5ms","timestamp":"2026-08-06 11:00:18"}
{"level":"info","message":"GET /api/catalogos/tema 304 - 6ms","timestamp":"2026-08-06 11:00:31"}
{"level":"info","message":"GET /api/catalogos/convocatoria-activa 304 - 8ms","timestamp":"2026-08-06 11:00:31"}
{"level":"info","message":"GET /api/catalogos/categorias 304 - 9ms","timestamp":"2026-08-06 11:00:31"}
{"level":"info","message":"GET /api/catalogos/categorias 304 - 5ms","timestamp":"2026-08-06 11:00:31"}
{"level":"info","message":"GET /api/catalogos/tema 304 - 2ms","timestamp":"2026-08-06 11:00:31"}
{"level":"info","message":"GET /api/catalogos/convocatoria-activa 304 - 2ms","timestamp":"2026-08-06 11:00:31"}
{"level":"info","message":"GET /api/catalogos/categorias 304 - 4ms","timestamp":"2026-08-06 11:00:31"}
{"level":"info","message":"GET /api/catalogos/categorias 304 - 4ms","timestamp":"2026-08-06 11:00:31"}
{"level":"info","message":"GET /api/catalogos/tema 304 - 3ms","timestamp":"2026-08-06 11:00:36"}
{"level":"info","message":"GET /api/catalogos/convocatoria-activa 304 - 2ms","timestamp":"2026-08-06 11:00:36"}
{"level":"info","message":"GET /api/catalogos/categorias 304 - 7ms","timestamp":"2026-08-06 11:00:36"}
{"level":"info","message":"GET /api/catalogos/categorias 304 - 4ms","timestamp":"2026-08-06 11:00:36"}
{"level":"info","message":"GET /api/catalogos/tema 304 - 2ms","timestamp":"2026-08-06 11:00:36"}
{"level":"info","message":"GET /api/catalogos/convocatoria-activa 304 - 2ms","timestamp":"2026-08-06 11:00:36"}
{"level":"info","message":"GET /api/catalogos/categorias 304 - 3ms","timestamp":"2026-08-06 11:00:36"}
{"level":"info","message":"GET /api/catalogos/categorias 304 - 3ms","timestamp":"2026-08-06 11:00:36"}
{"level":"info","message":"GET /api/catalogos/tema 304 - 7ms","timestamp":"2026-08-06 11:10:16"}
{"level":"info","message":"GET /api/catalogos/convocatoria-activa 304 - 12ms","timestamp":"2026-08-06 11:10:16"}
{"level":"info","message":"GET /api/catalogos/categorias 304 - 14ms","timestamp":"2026-08-06 11:10:16"}
{"level":"info","message":"GET /api/catalogos/categorias 304 - 3ms","timestamp":"2026-08-06 11:10:16"}
{"level":"info","message":"GET /api/catalogos/tema 304 - 2ms","timestamp":"2026-08-06 11:10:16"}
{"level":"info","message":"GET /api/catalogos/convocatoria-activa 304 - 3ms","timestamp":"2026-08-06 11:10:16"}
{"level":"info","message":"GET /api/catalogos/categorias 304 - 5ms","timestamp":"2026-08-06 11:10:16"}
{"level":"info","message":"GET /api/catalogos/categorias 304 - 4ms","timestamp":"2026-08-06 11:10:16"}
{"level":"info","message":"GET /api/catalogos/tema 304 - 7ms","timestamp":"2026-08-06 11:10:25"}
{"level":"info","message":"GET /api/catalogos/convocatoria-activa 304 - 4ms","timestamp":"2026-08-06 11:10:25"}
{"level":"info","message":"GET /api/catalogos/categorias 304 - 8ms","timestamp":"2026-08-06 11:10:25"}
{"level":"info","message":"GET /api/catalogos/categorias 304 - 6ms","timestamp":"2026-08-06 11:10:25"}
{"level":"info","message":"GET /api/catalogos/tema 304 - 3ms","timestamp":"2026-08-06 11:10:25"}
{"level":"info","message":"GET /api/catalogos/convocatoria-activa 304 - 4ms","timestamp":"2026-08-06 11:10:25"}
{"level":"info","message":"GET /api/catalogos/categorias 304 - 10ms","timestamp":"2026-08-06 11:10:25"}
{"level":"info","message":"GET /api/catalogos/categorias 304 - 3ms","timestamp":"2026-08-06 11:10:25"}
{"level":"info","message":"POST /api/auth/registro 201 - 94ms","timestamp":"2026-08-06 11:15:39"}
{"level":"info","message":"POST /api/auth/login 200 - 59ms","timestamp":"2026-08-06 11:15:50"}
{"level":"info","message":"[SOCKET] Conexión establecida: vicente (Vicente  Lotina  Vallejo) [ID: -7oQYHSThMGO35EgAAAB]","timestamp":"2026-08-06 11:15:50"}
{"level":"info","message":"[SOCKET] Conexión cerrada: vicente [ID: -7oQYHSThMGO35EgAAAB]","timestamp":"2026-08-06 11:15:52"}
{"level":"info","message":"GET /api/catalogos/tema 304 - 4ms","timestamp":"2026-08-06 11:15:52"}
{"level":"info","message":"GET /api/catalogos/convocatoria-activa 304 - 8ms","timestamp":"2026-08-06 11:15:52"}
{"level":"info","message":"GET /api/notificaciones 304 - 21ms","timestamp":"2026-08-06 11:15:52"}
{"level":"info","message":"GET /api/catalogos/alcaldias 304 - 23ms","timestamp":"2026-08-06 11:15:52"}
{"level":"info","message":"GET /api/catalogos/manifestaciones 304 - 26ms","timestamp":"2026-08-06 11:15:52"}
{"level":"info","message":"GET /api/catalogos/te-enteraste 304 - 30ms","timestamp":"2026-08-06 11:15:52"}
{"level":"info","message":"GET /api/catalogos/categorias 304 - 37ms","timestamp":"2026-08-06 11:15:52"}
{"level":"info","message":"GET /api/catalogos/tema 304 - 18ms","timestamp":"2026-08-06 11:15:52"}
{"level":"info","message":"[SOCKET] Conexión establecida: vicente (Vicente  Lotina  Vallejo) [ID: -1Wscgb9lWF6ggzGAAAE]","timestamp":"2026-08-06 11:15:52"}
{"level":"info","message":"GET /api/catalogos/convocatoria-activa 304 - 6ms","timestamp":"2026-08-06 11:15:52"}
{"level":"info","message":"GET /api/notificaciones 304 - 6ms","timestamp":"2026-08-06 11:15:52"}
{"level":"info","message":"GET /api/catalogos/categorias 304 - 9ms","timestamp":"2026-08-06 11:15:52"}
{"level":"info","message":"GET /api/participante/mi-registro 200 - 12ms","timestamp":"2026-08-06 11:15:52"}
{"level":"info","message":"GET /api/catalogos/requisitos-archivos 304 - 5ms","timestamp":"2026-08-06 11:15:52"}
{"level":"info","message":"GET /api/participante/mis-archivos 200 - 6ms","timestamp":"2026-08-06 11:15:52"}
{"level":"info","message":"[SOCKET] Conexión establecida: vicente (Vicente  Lotina  Vallejo) [ID: ch2gIIMK1fHNR4bVAAAB]","timestamp":"2026-08-06 11:37:28"}
{"level":"info","message":"GET /api/catalogos/tema 304 - 5ms","timestamp":"2026-08-06 11:38:14"}
{"level":"info","message":"GET /api/catalogos/manifestaciones 304 - 8ms","timestamp":"2026-08-06 11:38:14"}
{"level":"info","message":"GET /api/catalogos/convocatoria-activa 304 - 11ms","timestamp":"2026-08-06 11:38:14"}
{"level":"info","message":"GET /api/catalogos/alcaldias 304 - 13ms","timestamp":"2026-08-06 11:38:14"}
{"level":"info","message":"GET /api/catalogos/te-enteraste 304 - 14ms","timestamp":"2026-08-06 11:38:14"}
{"level":"info","message":"GET /api/catalogos/categorias 304 - 18ms","timestamp":"2026-08-06 11:38:14"}
{"level":"info","message":"GET /api/participante/mi-registro 304 - 9ms","timestamp":"2026-08-06 11:38:14"}
{"level":"info","message":"GET /api/catalogos/requisitos-archivos 304 - 4ms","timestamp":"2026-08-06 11:38:14"}
{"level":"info","message":"GET /api/participante/mis-archivos 304 - 5ms","timestamp":"2026-08-06 11:38:14"}
{"level":"info","message":"[SOCKET] Conexión establecida: vicente (Vicente  Lotina  Vallejo) [ID: vOZxEVgMwCDnXcnIAAAB]","timestamp":"2026-08-06 11:38:26"}
{"level":"info","message":"GET /api/catalogos/tema 304 - 8ms","timestamp":"2026-08-06 11:41:30"}
{"level":"info","message":"GET /api/catalogos/convocatoria-activa 304 - 13ms","timestamp":"2026-08-06 11:41:30"}
{"level":"info","message":"GET /api/catalogos/alcaldias 304 - 21ms","timestamp":"2026-08-06 11:41:30"}
{"level":"info","message":"GET /api/catalogos/manifestaciones 304 - 26ms","timestamp":"2026-08-06 11:41:30"}
{"level":"info","message":"GET /api/catalogos/te-enteraste 304 - 32ms","timestamp":"2026-08-06 11:41:30"}
{"level":"info","message":"GET /api/catalogos/categorias 304 - 34ms","timestamp":"2026-08-06 11:41:30"}
{"level":"info","message":"GET /api/participante/mi-registro 304 - 12ms","timestamp":"2026-08-06 11:41:30"}
{"level":"info","message":"GET /api/catalogos/requisitos-archivos 304 - 5ms","timestamp":"2026-08-06 11:41:30"}
{"level":"info","message":"GET /api/participante/mis-archivos 304 - 7ms","timestamp":"2026-08-06 11:41:30"}
{"level":"info","message":"[SOCKET] Conexión establecida: vicente (Vicente  Lotina  Vallejo) [ID: _jNsZr0c-jo1dKUYAAAB]","timestamp":"2026-08-06 11:41:42"}
{"level":"info","message":"[SOCKET] Conexión establecida: vicente (Vicente  Lotina  Vallejo) [ID: WrOwD0UduJriK7xNAAAB]","timestamp":"2026-08-06 11:41:51"}
{"level":"info","message":"GET /api/catalogos/convocatoria-activa 304 - 6ms","timestamp":"2026-08-06 11:42:33"}
{"level":"info","message":"GET /api/catalogos/tema 304 - 11ms","timestamp":"2026-08-06 11:42:33"}
{"level":"info","message":"GET /api/catalogos/alcaldias 304 - 13ms","timestamp":"2026-08-06 11:42:33"}
{"level":"info","message":"GET /api/catalogos/te-enteraste 304 - 16ms","timestamp":"2026-08-06 11:42:33"}
{"level":"info","message":"GET /api/catalogos/manifestaciones 304 - 20ms","timestamp":"2026-08-06 11:42:33"}
{"level":"info","message":"GET /api/catalogos/categorias 304 - 28ms","timestamp":"2026-08-06 11:42:33"}
{"level":"info","message":"GET /api/participante/mi-registro 304 - 10ms","timestamp":"2026-08-06 11:42:33"}
{"level":"info","message":"GET /api/catalogos/requisitos-archivos 304 - 4ms","timestamp":"2026-08-06 11:42:33"}
{"level":"info","message":"GET /api/participante/mis-archivos 304 - 5ms","timestamp":"2026-08-06 11:42:33"}
{"level":"info","message":"[SOCKET] Conexión establecida: vicente (Vicente  Lotina  Vallejo) [ID: PPq0ygMa1dPrBsp3AAAB]","timestamp":"2026-08-06 11:42:44"}
{"level":"info","message":"[SOCKET] Conexión establecida: vicente (Vicente  Lotina  Vallejo) [ID: B05kDfPzFKZnZceVAAAB]","timestamp":"2026-08-06 11:42:52"}
{"level":"info","message":"[SOCKET] Conexión establecida: vicente (Vicente  Lotina  Vallejo) [ID: VbDyn8HyUkzme6sHAAAB]","timestamp":"2026-08-06 11:42:59"}
{"level":"info","message":"[SOCKET] Conexión establecida: vicente (Vicente  Lotina  Vallejo) [ID: -k_8Eu0gOhtu_O0TAAAB]","timestamp":"2026-08-06 11:43:02"}
{"level":"info","message":"GET /api/catalogos/convocatoria-activa 304 - 8ms","timestamp":"2026-08-06 11:50:31"}
{"level":"info","message":"GET /api/catalogos/tema 304 - 10ms","timestamp":"2026-08-06 11:50:31"}
{"level":"info","message":"GET /api/catalogos/te-enteraste 304 - 15ms","timestamp":"2026-08-06 11:50:31"}
{"level":"info","message":"GET /api/catalogos/alcaldias 304 - 17ms","timestamp":"2026-08-06 11:50:31"}
{"level":"info","message":"GET /api/catalogos/manifestaciones 304 - 18ms","timestamp":"2026-08-06 11:50:31"}
{"level":"info","message":"GET /api/catalogos/categorias 304 - 22ms","timestamp":"2026-08-06 11:50:31"}
{"level":"info","message":"GET /api/participante/mi-registro 304 - 31ms","timestamp":"2026-08-06 11:50:31"}
{"level":"info","message":"GET /api/catalogos/requisitos-archivos 304 - 7ms","timestamp":"2026-08-06 11:50:31"}
{"level":"info","message":"GET /api/participante/mis-archivos 304 - 9ms","timestamp":"2026-08-06 11:50:31"}
{"level":"info","message":"[SOCKET] Conexión establecida: vicente (Vicente  Lotina  Vallejo) [ID: MZkZBSZMd3ie5lKPAAAB]","timestamp":"2026-08-06 11:50:41"}
{"level":"info","message":"POST /api/participante/subir-archivo-requisito 200 - 44ms","timestamp":"2026-08-06 11:53:17"}
{"level":"info","message":"GET /api/catalogos/requisitos-archivos 304 - 5ms","timestamp":"2026-08-06 11:53:17"}
{"level":"info","message":"GET /api/participante/mis-archivos 200 - 7ms","timestamp":"2026-08-06 11:53:17"}
{"level":"info","message":"GET /api/participante/mi-registro 200 - 12ms","timestamp":"2026-08-06 11:53:17"}
{"level":"info","message":"[SOCKET] Conexión establecida: vicente (Vicente  Lotina  Vallejo) [ID: YGVovPUiiQXLfpEnAAAB]","timestamp":"2026-08-06 11:56:44"}
{"level":"info","message":"GET /api/catalogos/convocatoria-activa 304 - 7ms","timestamp":"2026-08-06 11:56:53"}
{"level":"info","message":"GET /api/catalogos/tema 304 - 12ms","timestamp":"2026-08-06 11:56:53"}
{"level":"info","message":"GET /api/catalogos/alcaldias 304 - 18ms","timestamp":"2026-08-06 11:56:53"}
{"level":"info","message":"GET /api/catalogos/te-enteraste 304 - 21ms","timestamp":"2026-08-06 11:56:53"}
{"level":"info","message":"GET /api/catalogos/manifestaciones 304 - 21ms","timestamp":"2026-08-06 11:56:53"}
{"level":"info","message":"GET /api/catalogos/categorias 304 - 25ms","timestamp":"2026-08-06 11:56:53"}
{"level":"info","message":"GET /api/participante/mi-registro 304 - 9ms","timestamp":"2026-08-06 11:56:53"}
{"level":"info","message":"GET /api/catalogos/requisitos-archivos 304 - 4ms","timestamp":"2026-08-06 11:56:53"}
{"level":"info","message":"GET /api/participante/mis-archivos 304 - 5ms","timestamp":"2026-08-06 11:56:53"}
{"level":"info","message":"[SOCKET] Conexión establecida: vicente (Vicente  Lotina  Vallejo) [ID: Zjr6SLMiYVJd2nNaAAAB]","timestamp":"2026-08-06 11:57:12"}
{"level":"info","message":"GET /api/catalogos/te-enteraste 304 - 7ms","timestamp":"2026-08-06 11:59:40"}
{"level":"info","message":"GET /api/catalogos/alcaldias 304 - 7ms","timestamp":"2026-08-06 11:59:40"}
{"level":"info","message":"GET /api/participante/mi-registro 304 - 12ms","timestamp":"2026-08-06 11:59:40"}
{"level":"info","message":"GET /api/participante/requisitos-archivos 404 - 5ms","timestamp":"2026-08-06 11:59:40"}
{"level":"info","message":"GET /api/catalogos/tema 304 - 5ms","timestamp":"2026-08-06 11:59:51"}
{"level":"info","message":"GET /api/catalogos/convocatoria-activa 304 - 9ms","timestamp":"2026-08-06 11:59:51"}
{"level":"info","message":"GET /api/catalogos/alcaldias 304 - 13ms","timestamp":"2026-08-06 11:59:51"}
{"level":"info","message":"GET /api/catalogos/te-enteraste 304 - 12ms","timestamp":"2026-08-06 11:59:51"}
{"level":"info","message":"GET /api/catalogos/manifestaciones 304 - 9ms","timestamp":"2026-08-06 11:59:51"}
{"level":"info","message":"GET /api/catalogos/categorias 304 - 22ms","timestamp":"2026-08-06 11:59:51"}
{"level":"info","message":"GET /api/participante/mi-registro 304 - 9ms","timestamp":"2026-08-06 11:59:51"}
{"level":"info","message":"GET /api/catalogos/requisitos-archivos 304 - 4ms","timestamp":"2026-08-06 11:59:51"}
{"level":"info","message":"GET /api/participante/mis-archivos 304 - 6ms","timestamp":"2026-08-06 11:59:51"}
{"level":"info","message":"GET /api/documentos/Vicente_Lotina_Vallejo_Ensayo_Principal_Obra_2026-08-06.pdf?token=eyJhbGciOiJIUzI1NiIsInR5cCI6IkpXVCJ9.eyJpZF91c3VhcmlvIjoxMiwidXN1YXJpbyI6InZpY2VudGUiLCJpZF90aXBvdXN1YXJpbyI6MSwic2Vzc2lvbl9pZCI6ImNkZGY4NDAyLTAxMTctNGI5ZS04Zjk5LWQ0ZjhiNDQ1Y2RmNiIsImlhdCI6MTc4NjAzNjU1MCwiZXhwIjoxNzg2MDY1MzUwfQ.Zk-JEEcJyYuXXqJQAa6ybTixTFzw4gjh4tcjOeKhbAk 200 - 5ms","timestamp":"2026-08-06 11:59:55"}
{"level":"info","message":"GET /api/documentos/Vicente_Lotina_Vallejo_Ensayo_Principal_Obra_2026-08-06.pdf?token=eyJhbGciOiJIUzI1NiIsInR5cCI6IkpXVCJ9.eyJpZF91c3VhcmlvIjoxMiwidXN1YXJpbyI6InZpY2VudGUiLCJpZF90aXBvdXN1YXJpbyI6MSwic2Vzc2lvbl9pZCI6ImNkZGY4NDAyLTAxMTctNGI5ZS04Zjk5LWQ0ZjhiNDQ1Y2RmNiIsImlhdCI6MTc4NjAzNjU1MCwiZXhwIjoxNzg2MDY1MzUwfQ.Zk-JEEcJyYuXXqJQAa6ybTixTFzw4gjh4tcjOeKhbAk 304 - 5ms","timestamp":"2026-08-06 11:59:59"}
{"level":"info","message":"GET /api/documentos/Vicente_Lotina_Vallejo_Ensayo_Principal_Obra_2026-08-06.pdf?token=eyJhbGciOiJIUzI1NiIsInR5cCI6IkpXVCJ9.eyJpZF91c3VhcmlvIjoxMiwidXN1YXJpbyI6InZpY2VudGUiLCJpZF90aXBvdXN1YXJpbyI6MSwic2Vzc2lvbl9pZCI6ImNkZGY4NDAyLTAxMTctNGI5ZS04Zjk5LWQ0ZjhiNDQ1Y2RmNiIsImlhdCI6MTc4NjAzNjU1MCwiZXhwIjoxNzg2MDY1MzUwfQ.Zk-JEEcJyYuXXqJQAa6ybTixTFzw4gjh4tcjOeKhbAk 304 - 4ms","timestamp":"2026-08-06 12:00:02"}
{"level":"info","message":"[SOCKET] Forzando cierre de conexión para usuario ID: 12","timestamp":"2026-08-06 12:00:25"}
{"level":"info","message":"[SOCKET] Conexión cerrada: vicente [ID: Zjr6SLMiYVJd2nNaAAAB]","timestamp":"2026-08-06 12:00:25"}
{"level":"info","message":"POST /api/auth/logout 200 - 11ms","timestamp":"2026-08-06 12:00:25"}
{"level":"info","message":"GET /api/catalogos/convocatoria-activa 304 - 2ms","timestamp":"2026-08-06 12:00:25"}
{"level":"info","message":"GET /api/catalogos/categorias 304 - 3ms","timestamp":"2026-08-06 12:00:25"}
{"level":"info","message":"GET /api/catalogos/categorias 304 - 3ms","timestamp":"2026-08-06 12:00:25"}
{"level":"info","message":"GET /api/catalogos/convocatoria-activa 304 - 2ms","timestamp":"2026-08-06 12:02:59"}
{"level":"info","message":"GET /api/catalogos/categorias 304 - 4ms","timestamp":"2026-08-06 12:02:59"}
{"level":"info","message":"GET /api/catalogos/tema 304 - 7ms","timestamp":"2026-08-06 12:06:35"}
{"level":"info","message":"GET /api/catalogos/tema 304 - 3ms","timestamp":"2026-08-06 12:06:35"}
{"level":"info","message":"GET /api/catalogos/convocatoria-activa 304 - 14ms","timestamp":"2026-08-06 12:06:35"}
{"level":"info","message":"GET /api/catalogos/convocatoria-activa 304 - 16ms","timestamp":"2026-08-06 12:06:35"}
{"level":"info","message":"GET /api/catalogos/categorias 304 - 21ms","timestamp":"2026-08-06 12:06:35"}
{"level":"info","message":"GET /api/catalogos/categorias 304 - 23ms","timestamp":"2026-08-06 12:06:35"}
{"level":"info","message":"GET /api/catalogos/categorias 304 - 4ms","timestamp":"2026-08-06 12:06:35"}
{"level":"info","message":"[SOCKET] Conexión establecida: superadmin (Superadmin Sistema IECM) [ID: VbmgoHzv3Py1tOpkAAAB]","timestamp":"2026-08-06 12:12:48"}
{"level":"info","message":"[SOCKET] Conexión cerrada: superadmin [ID: VbmgoHzv3Py1tOpkAAAB]","timestamp":"2026-08-06 12:12:50"}
{"level":"info","message":"[SOCKET] Conexión establecida: superadmin (Superadmin Sistema IECM) [ID: aq8L8SAE7_w9D9MxAAAE]","timestamp":"2026-08-06 12:12:50"}
{"level":"info","message":"[SOCKET] Conexión establecida: vicente (Vicente  Lotina  Vallejo) [ID: TDww-3i3rIsZg7J_AAAG]","timestamp":"2026-08-06 12:14:14"}
{"level":"info","message":"[SOCKET] Conexión cerrada: vicente [ID: TDww-3i3rIsZg7J_AAAG]","timestamp":"2026-08-06 12:14:16"}
{"level":"info","message":"[SOCKET] Conexión establecida: vicente (Vicente  Lotina  Vallejo) [ID: AmQXPQ6b8DP7glOLAAAJ]","timestamp":"2026-08-06 12:14:16"}
{"level":"info","message":"[SOCKET] Forzando cierre de conexión para usuario ID: 12","timestamp":"2026-08-06 12:14:22"}
{"level":"info","message":"[SOCKET] Conexión cerrada: vicente [ID: AmQXPQ6b8DP7glOLAAAJ]","timestamp":"2026-08-06 12:14:22"}
{"level":"info","message":"[SOCKET] Conexión establecida: superadmin (Superadmin Sistema IECM) [ID: PpIwJxEwY7zds_G6AAAB]","timestamp":"2026-08-06 12:14:54"}
{"level":"info","message":"[SOCKET] Conexión cerrada: superadmin [ID: PpIwJxEwY7zds_G6AAAB]","timestamp":"2026-08-06 12:28:16"}
{"level":"info","message":"[SOCKET] Conexión establecida: superadmin (Superadmin Sistema IECM) [ID: tbpKxKxT_DUbwAY1AAAB]","timestamp":"2026-08-06 12:41:46"}
{"level":"info","message":"[SOCKET] Conexión cerrada: superadmin [ID: tbpKxKxT_DUbwAY1AAAB]","timestamp":"2026-08-06 12:41:52"}
{"level":"info","message":"[SOCKET] Conexión establecida: superadmin (Superadmin Sistema IECM) [ID: G2f8dxZva1klQ5z0AAAD]","timestamp":"2026-08-06 12:41:52"}
{"level":"info","message":"[SOCKET] Conexión cerrada: superadmin [ID: G2f8dxZva1klQ5z0AAAD]","timestamp":"2026-08-06 12:41:54"}
{"level":"info","message":"[SOCKET] Conexión establecida: superadmin (Superadmin Sistema IECM) [ID: HXZe6GPdcZ1q9YW3AAAG]","timestamp":"2026-08-06 12:41:54"}
{"level":"info","message":"[SOCKET] Conexión cerrada: superadmin [ID: HXZe6GPdcZ1q9YW3AAAG]","timestamp":"2026-08-06 12:42:59"}
{"level":"info","message":"[SOCKET] Conexión establecida: superadmin (Superadmin Sistema IECM) [ID: TVD7zzlImVWwSlICAAAK]","timestamp":"2026-08-06 12:43:09"}
{"level":"info","message":"[SOCKET] Conexión establecida: superadmin (Superadmin Sistema IECM) [ID: K6htM7nE6AJNjDCkAAAB]","timestamp":"2026-08-06 12:43:21"}
{"level":"info","message":"[SOCKET] Conexión establecida: superadmin (Superadmin Sistema IECM) [ID: I9ChYBfgiMnGVgVOAAAB]","timestamp":"2026-08-06 12:44:16"}
{"level":"info","message":"[SOCKET] Conexión cerrada: superadmin [ID: I9ChYBfgiMnGVgVOAAAB]","timestamp":"2026-08-06 12:52:14"}
{"level":"info","message":"[SOCKET] Conexión establecida: superadmin (Superadmin Sistema IECM) [ID: 7LDicsy8svkkQHJIAAAF]","timestamp":"2026-08-06 12:52:14"}
{"level":"info","message":"[SOCKET] Conexión establecida: superadmin (Superadmin Sistema IECM) [ID: owhGmybAupjkmeSzAAAB]","timestamp":"2026-08-06 12:52:38"}
{"level":"info","message":"[SOCKET] Conexión cerrada: superadmin [ID: owhGmybAupjkmeSzAAAB]","timestamp":"2026-08-06 12:56:40"}
{"level":"info","message":"[SOCKET] Conexión establecida: superadmin (Superadmin Sistema IECM) [ID: n7KlEFKY36FCaPTuAAAF]","timestamp":"2026-08-06 12:56:41"}
{"level":"info","message":"[SOCKET] Conexión cerrada: superadmin [ID: n7KlEFKY36FCaPTuAAAF]","timestamp":"2026-08-06 12:57:20"}
{"level":"info","message":"[SOCKET] Conexión establecida: superadmin (Superadmin Sistema IECM) [ID: 7BTi_wYHfCVl8YmwAAAI]","timestamp":"2026-08-06 12:57:20"}
{"level":"info","message":"[SOCKET] Conexión cerrada: superadmin [ID: 7BTi_wYHfCVl8YmwAAAI]","timestamp":"2026-08-06 12:57:20"}
{"level":"info","message":"[SOCKET] Conexión establecida: superadmin (Superadmin Sistema IECM) [ID: RM9IWatco4bmRdklAAAM]","timestamp":"2026-08-06 12:57:21"}
{"level":"info","message":"[SOCKET] Conexión establecida: superadmin (Superadmin Sistema IECM) [ID: pHljgPr7G3YBpCiTAAAB]","timestamp":"2026-08-06 12:57:41"}
{"level":"info","message":"[SOCKET] Conexión establecida: superadmin (Superadmin Sistema IECM) [ID: jkYIjnkxz7qjAIJ0AAAB]","timestamp":"2026-08-06 13:00:44"}
{"level":"info","message":"[SOCKET] Conexión cerrada: superadmin [ID: jkYIjnkxz7qjAIJ0AAAB]","timestamp":"2026-08-06 13:02:16"}
{"level":"info","message":"[SOCKET] Conexión establecida: validador (Validador Valdes IECM) [ID: MHgIBmk6zCrffjGpAAAB]","timestamp":"2026-08-06 13:18:36"}
{"level":"info","message":"[SOCKET] Conexión cerrada: validador [ID: MHgIBmk6zCrffjGpAAAB]","timestamp":"2026-08-06 13:18:38"}
{"level":"info","message":"[SOCKET] Conexión establecida: validador (Validador Valdes IECM) [ID: VfSbSywcDN8QmQkUAAAE]","timestamp":"2026-08-06 13:18:38"}
{"level":"info","message":"[SOCKET] Cierre voluntario de sesión para usuario ID: 7","timestamp":"2026-08-06 13:18:45"}
{"level":"info","message":"[SOCKET] Conexión cerrada: validador [ID: VfSbSywcDN8QmQkUAAAE]","timestamp":"2026-08-06 13:18:45"}
{"level":"info","message":"[SOCKET] Conexión establecida: superadmin (Superadmin Sistema IECM) [ID: rLySDXEGEE2V6vCxAAAG]","timestamp":"2026-08-06 13:21:48"}
{"level":"info","message":"[SOCKET] Conexión cerrada: superadmin [ID: rLySDXEGEE2V6vCxAAAG]","timestamp":"2026-08-06 13:21:50"}
{"level":"info","message":"[SOCKET] Conexión establecida: superadmin (Superadmin Sistema IECM) [ID: -V_wYywlFZ51GKazAAAJ]","timestamp":"2026-08-06 13:21:50"}
{"level":"info","message":"[SOCKET] Cierre voluntario de sesión para usuario ID: 1","timestamp":"2026-08-06 13:22:20"}
{"level":"info","message":"[SOCKET] Conexión cerrada: superadmin [ID: -V_wYywlFZ51GKazAAAJ]","timestamp":"2026-08-06 13:22:20"}
{"level":"info","message":"[SOCKET] Conexión establecida: carlos (Carlos Gabriel 1 Arce Bernal) [ID: ZWlEvGW_dBnQxIpgAAAL]","timestamp":"2026-08-06 13:22:28"}
{"level":"info","message":"[SOCKET] Conexión cerrada: carlos [ID: ZWlEvGW_dBnQxIpgAAAL]","timestamp":"2026-08-06 13:22:30"}
{"level":"info","message":"[SOCKET] Conexión establecida: carlos (Carlos Gabriel 1 Arce Bernal) [ID: UZtub5tojPEYaOoRAAAO]","timestamp":"2026-08-06 13:22:30"}
{"level":"info","message":"[SOCKET] Cierre voluntario de sesión para usuario ID: 13","timestamp":"2026-08-06 13:22:35"}
{"level":"info","message":"[SOCKET] Conexión cerrada: carlos [ID: UZtub5tojPEYaOoRAAAO]","timestamp":"2026-08-06 13:22:35"}
{"level":"info","message":"[SOCKET] Conexión establecida: superadmin (Superadmin Sistema IECM) [ID: rovHnsKjm6vU-rGOAAAB]","timestamp":"2026-08-07 13:03:52"}
{"level":"info","message":"[SOCKET] Conexión cerrada: superadmin [ID: rovHnsKjm6vU-rGOAAAB]","timestamp":"2026-08-07 13:03:53"}
{"level":"info","message":"[SOCKET] Conexión establecida: superadmin (Superadmin Sistema IECM) [ID: pn0uzieAu0bge1n4AAAE]","timestamp":"2026-08-07 13:03:53"}
{"class":16,"code":"EREQUEST","level":"error","lineNumber":1,"message":"insert into [notificaciones] ([asunto], [id_remitente], [id_tipousuario_destino], [id_usuario_destino], [mensaje], [status], [tipo]) values (@p0, @p1, @p2, @p3, @p4, @p5, @p6) - Conversion failed when converting the nvarchar value 'SUCCESS' to data type smallint.","number":245,"originalError":{"class":16,"code":"EREQUEST","level":"error","lineNumber":1,"number":245,"originalError":"[Circular]","procName":"","serverName":"SQLDESARROLLO","state":1,"timestamp":"2026-08-07 13:04:54"},"procName":"","serverName":"SQLDESARROLLO","stack":"Error: insert into [notificaciones] ([asunto], [id_remitente], [id_tipousuario_destino], [id_usuario_destino], [mensaje], [status], [tipo]) values (@p0, @p1, @p2, @p3, @p4, @p5, @p6) - Conversion failed when converting the nvarchar value 'SUCCESS' to data type smallint.\n    at RequestTokenHandler.onErrorMessage (C:\\xampp\\htdocs\\2026\\concurso2026\\node_modules\\.pnpm\\tedious@16.7.1\\node_modules\\tedious\\lib\\token\\handler.js:287:21)\n    at Readable.<anonymous> (C:\\xampp\\htdocs\\2026\\concurso2026\\node_modules\\.pnpm\\tedious@16.7.1\\node_modules\\tedious\\lib\\token\\token-stream-parser.js:18:33)\n    at Readable.emit (node:events:509:28)\n    at addChunk (node:internal/streams/readable:563:12)\n    at readableAddChunkPushObjectMode (node:internal/streams/readable:540:3)\n    at Readable.push (node:internal/streams/readable:395:5)\n    at nextAsync (node:internal/streams/from:194:22)\n    at process.processTicksAndRejections (node:internal/process/task_queues:104:5)","state":1,"timestamp":"2026-08-07 13:04:54"}
{"level":"info","message":"[SOCKET] Conexión establecida: superadmin (Superadmin Sistema IECM) [ID: -CGzBKdS0I24-cfQAAAB]","timestamp":"2026-08-07 13:06:38"}
{"level":"info","message":"[SOCKET] Conexión establecida: superadmin (Superadmin Sistema IECM) [ID: _4F18OzdyFZHF-lzAAAB]","timestamp":"2026-08-07 13:06:41"}
{"level":"error","message":"Undefined binding(s) detected when compiling FIRST. Undefined column(s): [n.id_notificacion] query: select top (?) [n].*, [u].[nombre] as [remitente_nombre], [u].[apellido_pat] as [remitente_apellido_pat] from [notificaciones] as [n] inner join [usuarios] as [u] on [n].[id_remitente] = [u].[id_usuario] where [n].[id_notificacion] = ?","stack":"Error: Undefined binding(s) detected when compiling FIRST. Undefined column(s): [n.id_notificacion] query: select top (?) [n].*, [u].[nombre] as [remitente_nombre], [u].[apellido_pat] as [remitente_apellido_pat] from [notificaciones] as [n] inner join [usuarios] as [u] on [n].[id_remitente] = [u].[id_usuario] where [n].[id_notificacion] = ?\n    at QueryCompiler_MSSQL.toSQL (C:\\xampp\\htdocs\\2026\\concurso2026\\node_modules\\.pnpm\\knex@3.3.0\\node_modules\\knex\\lib\\query\\querycompiler.js:161:13)\n    at Builder.toSQL (C:\\xampp\\htdocs\\2026\\concurso2026\\node_modules\\.pnpm\\knex@3.3.0\\node_modules\\knex\\lib\\query\\querybuilder.js:84:44)\n    at ensureConnectionCallback (C:\\xampp\\htdocs\\2026\\concurso2026\\node_modules\\.pnpm\\knex@3.3.0\\node_modules\\knex\\lib\\execution\\internal\\ensure-connection-callback.js:4:30)\n    at Runner.ensureConnection (C:\\xampp\\htdocs\\2026\\concurso2026\\node_modules\\.pnpm\\knex@3.3.0\\node_modules\\knex\\lib\\execution\\runner.js:324:20)\n    at process.processTicksAndRejections (node:internal/process/task_queues:104:5)\n    at async Runner.run (C:\\xampp\\htdocs\\2026\\concurso2026\\node_modules\\.pnpm\\knex@3.3.0\\node_modules\\knex\\lib\\execution\\runner.js:30:19)\n    at async crearNotificacion (C:\\xampp\\htdocs\\2026\\concurso2026\\backend\\src\\controllers\\notificaciones.controller.js:144:29)","timestamp":"2026-08-07 13:06:53"}
{"level":"info","message":"[SOCKET] Conexión establecida: superadmin (Superadmin Sistema IECM) [ID: CbLIAYbEloO5nLn3AAAB]","timestamp":"2026-08-07 13:07:29"}
{"level":"info","message":"[SOCKET] Conexión cerrada: superadmin [ID: CbLIAYbEloO5nLn3AAAB]","timestamp":"2026-08-07 13:09:25"}
{"level":"info","message":"[SOCKET] Conexión establecida: superadmin (Superadmin Sistema IECM) [ID: pOvvSZp4gti9lCMYAAAF]","timestamp":"2026-08-07 13:09:25"}
{"level":"info","message":"[SOCKET] Conexión cerrada: superadmin [ID: pOvvSZp4gti9lCMYAAAF]","timestamp":"2026-08-07 13:09:28"}
{"level":"info","message":"[SOCKET] Conexión establecida: superadmin (Superadmin Sistema IECM) [ID: Its37tGJG_FdSbP5AAAJ]","timestamp":"2026-08-07 13:09:28"}
{"level":"info","message":"[SOCKET] Conexión cerrada: superadmin [ID: Its37tGJG_FdSbP5AAAJ]","timestamp":"2026-08-07 13:09:31"}
{"level":"info","message":"[SOCKET] Conexión establecida: superadmin (Superadmin Sistema IECM) [ID: DnIwMvbaAVi-RY1bAAAN]","timestamp":"2026-08-07 13:09:31"}
{"level":"info","message":"[SOCKET] Conexión cerrada: superadmin [ID: DnIwMvbaAVi-RY1bAAAN]","timestamp":"2026-08-07 13:09:33"}
{"level":"info","message":"[SOCKET] Conexión establecida: superadmin (Superadmin Sistema IECM) [ID: MRZLrN8U2TFAoO0BAAAR]","timestamp":"2026-08-07 13:09:33"}
{"level":"info","message":"[SOCKET] Conexión cerrada: superadmin [ID: MRZLrN8U2TFAoO0BAAAR]","timestamp":"2026-08-07 13:09:36"}
{"level":"info","message":"[SOCKET] Conexión establecida: superadmin (Superadmin Sistema IECM) [ID: STXZ42A9RpinQ5ecAAAV]","timestamp":"2026-08-07 13:09:36"}
{"level":"info","message":"[SOCKET] Conexión cerrada: superadmin [ID: STXZ42A9RpinQ5ecAAAV]","timestamp":"2026-08-07 13:09:37"}
{"level":"info","message":"[SOCKET] Conexión establecida: superadmin (Superadmin Sistema IECM) [ID: _qSd142_Qxh5mABwAAAZ]","timestamp":"2026-08-07 13:09:37"}
{"level":"info","message":"[SOCKET] Conexión cerrada: superadmin [ID: _qSd142_Qxh5mABwAAAZ]","timestamp":"2026-08-07 13:10:12"}
{"level":"info","message":"[SOCKET] Conexión establecida: superadmin (Superadmin Sistema IECM) [ID: fCGuQpp8JfNT_MgvAAAd]","timestamp":"2026-08-07 13:10:13"}
{"level":"info","message":"[SOCKET] Cierre voluntario de sesión para usuario ID: 1","timestamp":"2026-08-07 13:11:38"}
{"level":"info","message":"[SOCKET] Conexión cerrada: superadmin [ID: fCGuQpp8JfNT_MgvAAAd]","timestamp":"2026-08-07 13:11:38"}
{"level":"info","message":"[SOCKET] Conexión establecida: validador (Validador Valdes IECM) [ID: sHK2BIpsPSNJndXXAAAf]","timestamp":"2026-08-07 13:11:44"}
{"level":"info","message":"[SOCKET] Conexión cerrada: validador [ID: sHK2BIpsPSNJndXXAAAf]","timestamp":"2026-08-07 13:11:46"}
{"level":"info","message":"[SOCKET] Conexión establecida: validador (Validador Valdes IECM) [ID: Ny3szIEDaFIJkXWbAAAi]","timestamp":"2026-08-07 13:11:46"}
{"level":"info","message":"[SOCKET] Cierre voluntario de sesión para usuario ID: 7","timestamp":"2026-08-07 13:12:22"}
{"level":"info","message":"[SOCKET] Conexión cerrada: validador [ID: Ny3szIEDaFIJkXWbAAAi]","timestamp":"2026-08-07 13:12:22"}
{"level":"info","message":"[SOCKET] Conexión establecida: superadmin (Superadmin Sistema IECM) [ID: tOyVhp8Y3gist4zRAAAk]","timestamp":"2026-08-07 13:12:27"}
{"level":"info","message":"[SOCKET] Conexión cerrada: superadmin [ID: tOyVhp8Y3gist4zRAAAk]","timestamp":"2026-08-07 13:12:29"}
{"level":"info","message":"[SOCKET] Conexión establecida: superadmin (Superadmin Sistema IECM) [ID: HC1FBl6xqsz_0UOzAAAn]","timestamp":"2026-08-07 13:12:29"}
